#
# There is insufficient memory for the Java Runtime Environment to continue.
# Native memory allocation (malloc) failed to allocate 2410736 bytes. Error detail: Chunk::new
# Possible reasons:
#   The system is out of physical RAM or swap space
#   This process is running with CompressedOops enabled, and the Java Heap may be blocking the growth of the native heap
# Possible solutions:
#   Reduce memory load on the system
#   Increase physical memory or swap space
#   Check if swap backing store is full
#   Decrease Java heap size (-Xmx/-Xms)
#   Decrease number of Java threads
#   Decrease Java thread stack sizes (-Xss)
#   Set larger code cache with -XX:ReservedCodeCacheSize=
#   JVM is running with Unscaled Compressed Oops mode in which the Java heap is
#     placed in the first 4GB address space. The Java Heap base address is the
#     maximum limit for the native heap growth. Please use -XX:HeapBaseMinAddress
#     to set the Java Heap base and to place the Java Heap above 4GB virtual address.
# This output file may be truncated or incomplete.
#
#  Out of Memory Error (arena.cpp:191), pid=1640, tid=9472
#
# JRE version: OpenJDK Runtime Environment Temurin-17.0.20+8 (17.0.20+8) (build 17.0.20+8)
# Java VM: OpenJDK 64-Bit Server VM Temurin-17.0.20+8 (17.0.20+8, mixed mode, sharing, tiered, compressed oops, compressed class ptrs, g1 gc, windows-amd64)
# No core dump will be written. Minidumps are not enabled by default on client versions of Windows
#

---------------  S U M M A R Y ------------

Command Line: -XX:MaxMetaspaceSize=512m -XX:+UseG1GC --add-opens=java.base/java.util=ALL-UNNAMED --add-opens=java.base/java.lang=ALL-UNNAMED --add-opens=java.base/java.lang.invoke=ALL-UNNAMED --add-opens=java.prefs/java.util.prefs=ALL-UNNAMED --add-opens=java.base/java.nio.charset=ALL-UNNAMED --add-opens=java.base/java.net=ALL-UNNAMED --add-opens=java.base/java.util.concurrent.atomic=ALL-UNNAMED -Xmx2048m -Dfile.encoding=windows-1252 -Duser.country=IN -Duser.language=en -Duser.variant -javaagent:C:\Users\MAYUR\.gradle\wrapper\dists\gradle-8.4-bin\1w5dpkrfk8irigvoxmyhowfim\gradle-8.4\lib\agents\gradle-instrumentation-agent-8.4.jar org.gradle.launcher.daemon.bootstrap.GradleDaemon 8.4

Host: 11th Gen Intel(R) Core(TM) i3-1115G4 @ 3.00GHz, 4 cores, 7G,  Windows 11 , 64 bit Build 26100 (10.0.26100.9168)
Time: Mon Aug 17 13:04:46 2026 India Standard Time elapsed time: 27.187321 seconds (0d 0h 0m 27s)

---------------  T H R E A D  ---------------

Current thread (0x00000145b21c9580):  JavaThread "C2 CompilerThread0" daemon [_thread_in_native, id=9472, stack(0x0000004140a00000,0x0000004140b00000)]


Current CompileTask:
C2:27187 17037       4       com.android.tools.r8.dex.code.O::a (3284 bytes)

Stack: [0x0000004140a00000,0x0000004140b00000]
Native frames: (J=compiled Java code, j=interpreted, Vv=VM code, C=native code)
V  [jvm.dll+0x684d39]
V  [jvm.dll+0x83a565]
V  [jvm.dll+0x83bfde]
V  [jvm.dll+0x83c663]
V  [jvm.dll+0x2490cf]
V  [jvm.dll+0xad536]
V  [jvm.dll+0xadbdc]
V  [jvm.dll+0x368d6f]
V  [jvm.dll+0x333215]
V  [jvm.dll+0x33267a]
V  [jvm.dll+0x219ed9]
V  [jvm.dll+0x21931f]
V  [jvm.dll+0x1a49e0]
V  [jvm.dll+0x229a6a]
V  [jvm.dll+0x227c1b]
V  [jvm.dll+0x7f0d18]
V  [jvm.dll+0x7eb17c]
V  [jvm.dll+0x683c07]
C  [ucrtbase.dll+0x2cd30]
C  [KERNEL32.DLL+0x2ccb7]
C  [ntdll.dll+0xaad6c]


---------------  P R O C E S S  ---------------

Threads class SMR info:
_java_thread_list=0x00000145dc889b40, length=100, elements={
0x000001459456acd0, 0x00000145b21a60e0, 0x00000145b21a7bc0, 0x00000145b21c1ee0,
0x00000145b21c27b0, 0x00000145b21c3080, 0x00000145b21c4960, 0x00000145b21c9580,
0x00000145b21cb080, 0x00000145b21cb990, 0x00000145b21956a0, 0x00000145b24a7660,
0x00000145d3532300, 0x00000145d2736cf0, 0x00000145d41c2690, 0x00000145b2da5450,
0x00000145b2da5930, 0x00000145d2163530, 0x00000145d2164460, 0x00000145d2164e80,
0x00000145d2165390, 0x00000145d21658a0, 0x00000145d2164970, 0x00000145d2162600,
0x00000145d2163020, 0x00000145d2162b10, 0x00000145d2163f50, 0x00000145d385e5e0,
0x00000145d385eaf0, 0x00000145d3860950, 0x00000145d385ff30, 0x00000145d385d1a0,
0x00000145d3860440, 0x00000145d385dbc0, 0x00000145d385f510, 0x00000145d3861370,
0x00000145d3861880, 0x00000145d385f000, 0x00000145d385e0d0, 0x00000145d38627b0,
0x00000145d3862cc0, 0x00000145d38631d0, 0x00000145d3861d90, 0x00000145d3864100,
0x00000145d2eef9d0, 0x00000145d2eeefb0, 0x00000145d2eef4c0, 0x00000145d2ef0900,
0x00000145d2ef0e10, 0x00000145d6eaa4b0, 0x00000145d4f23b30, 0x00000145d6eac820,
0x00000145d6eab3e0, 0x00000145d6ea9580, 0x00000145d6ea9070, 0x00000145d6eaaed0,
0x00000145d6eab8f0, 0x00000145d6ea9fa0, 0x00000145d6eaa9c0, 0x00000145d6eabe00,
0x00000145d6eac310, 0x00000145d21620f0, 0x00000145dc843b60, 0x00000145dc8403b0,
0x00000145dc842720, 0x00000145dc8408c0, 0x00000145dc841d00, 0x00000145dc842c30,
0x00000145dc844580, 0x00000145dc840dd0, 0x00000145dc8454b0, 0x00000145dc844fa0,
0x00000145dc8459c0, 0x00000145dc843140, 0x00000145dc8463e0, 0x00000145dc8468f0,
0x00000145dc846e00, 0x00000145dc847310, 0x00000145dc847820, 0x00000145dc847d30,
0x00000145b27f13d0, 0x00000145b27f1df0, 0x00000145b27f09b0, 0x00000145b27f18e0,
0x00000145b27f2300, 0x00000145b27f2810, 0x00000145b27f2d20, 0x00000145b27ef570,
0x00000145b27f3230, 0x00000145b27efa80, 0x00000145b27f3740, 0x00000145b27eff90,
0x00000145b27f3c50, 0x00000145b27f04a0, 0x00000145b27f5ab0, 0x00000145b27f5fc0,
0x00000145b27f69e0, 0x00000145b27f4b80, 0x00000145b27f4670, 0x00000145dc843650
}

Java Threads: ( => current thread )
  0x000001459456acd0 JavaThread "main" [_thread_blocked, id=8868, stack(0x000000413fd00000,0x000000413fe00000)]
  0x00000145b21a60e0 JavaThread "Reference Handler" daemon [_thread_blocked, id=16336, stack(0x0000004140400000,0x0000004140500000)]
  0x00000145b21a7bc0 JavaThread "Finalizer" daemon [_thread_blocked, id=13972, stack(0x0000004140500000,0x0000004140600000)]
  0x00000145b21c1ee0 JavaThread "Signal Dispatcher" daemon [_thread_blocked, id=5624, stack(0x0000004140600000,0x0000004140700000)]
  0x00000145b21c27b0 JavaThread "Attach Listener" daemon [_thread_blocked, id=13108, stack(0x0000004140700000,0x0000004140800000)]
  0x00000145b21c3080 JavaThread "Service Thread" daemon [_thread_blocked, id=8380, stack(0x0000004140800000,0x0000004140900000)]
  0x00000145b21c4960 JavaThread "Monitor Deflation Thread" daemon [_thread_blocked, id=1116, stack(0x0000004140900000,0x0000004140a00000)]
=>0x00000145b21c9580 JavaThread "C2 CompilerThread0" daemon [_thread_in_native, id=9472, stack(0x0000004140a00000,0x0000004140b00000)]
  0x00000145b21cb080 JavaThread "C1 CompilerThread0" daemon [_thread_blocked, id=13240, stack(0x0000004140b00000,0x0000004140c00000)]
  0x00000145b21cb990 JavaThread "Sweeper thread" daemon [_thread_blocked, id=852, stack(0x0000004140c00000,0x0000004140d00000)]
  0x00000145b21956a0 JavaThread "Common-Cleaner" daemon [_thread_blocked, id=17076, stack(0x0000004140d00000,0x0000004140e00000)]
  0x00000145b24a7660 JavaThread "Notification Thread" daemon [_thread_blocked, id=5292, stack(0x0000004140e00000,0x0000004140f00000)]
  0x00000145d3532300 JavaThread "Daemon health stats" [_thread_blocked, id=11684, stack(0x0000004141400000,0x0000004141500000)]
  0x00000145d2736cf0 JavaThread "Incoming local TCP Connector on port 63140" [_thread_in_native, id=15264, stack(0x0000004141500000,0x0000004141600000)]
  0x00000145d41c2690 JavaThread "Daemon periodic checks" [_thread_blocked, id=1632, stack(0x0000004141600000,0x0000004141700000)]
  0x00000145b2da5450 JavaThread "Daemon" [_thread_blocked, id=15936, stack(0x0000004141700000,0x0000004141800000)]
  0x00000145b2da5930 JavaThread "Handler for socket connection from /127.0.0.1:63140 to /127.0.0.1:63141" [_thread_in_native, id=12232, stack(0x0000004141800000,0x0000004141900000)]
  0x00000145d2163530 JavaThread "Cancel handler" [_thread_blocked, id=3444, stack(0x0000004141900000,0x0000004141a00000)]
  0x00000145d2164460 JavaThread "Daemon worker" [_thread_blocked, id=14852, stack(0x0000004141a00000,0x0000004141b00000)]
  0x00000145d2164e80 JavaThread "Asynchronous log dispatcher for DefaultDaemonConnection: socket connection from /127.0.0.1:63140 to /127.0.0.1:63141" [_thread_blocked, id=4988, stack(0x0000004141b00000,0x0000004141c00000)]
  0x00000145d2165390 JavaThread "Stdin handler" [_thread_blocked, id=15664, stack(0x0000004141c00000,0x0000004141d00000)]
  0x00000145d21658a0 JavaThread "Daemon client event forwarder" [_thread_blocked, id=14400, stack(0x0000004141d00000,0x0000004141e00000)]
  0x00000145d2164970 JavaThread "Cache worker for journal cache (C:\Users\MAYUR\.gradle\caches\journal-1)" [_thread_blocked, id=11984, stack(0x0000004141e00000,0x0000004141f00000)]
  0x00000145d2162600 JavaThread "File lock request listener" [_thread_in_native, id=15412, stack(0x0000004141f00000,0x0000004142000000)]
  0x00000145d2163020 JavaThread "Cache worker for file hash cache (C:\Users\MAYUR\.gradle\caches\8.4\fileHashes)" [_thread_blocked, id=15680, stack(0x0000004142000000,0x0000004142100000)]
  0x00000145d2162b10 JavaThread "File watcher server" daemon [_thread_blocked, id=13864, stack(0x0000004142100000,0x0000004142200000)]
  0x00000145d2163f50 JavaThread "File watcher consumer" daemon [_thread_blocked, id=15772, stack(0x0000004142200000,0x0000004142300000)]
  0x00000145d385e5e0 JavaThread "Cache worker for checksums cache (C:\Users\MAYUR\Downloads\SMR _S\apps\android\.gradle\8.4\checksums)" [_thread_blocked, id=11848, stack(0x0000004142300000,0x0000004142400000)]
  0x00000145d385eaf0 JavaThread "Cache worker for file hash cache (C:\Users\MAYUR\Downloads\SMR _S\apps\android\.gradle\8.4\fileHashes)" [_thread_blocked, id=15332, stack(0x0000004142400000,0x0000004142500000)]
  0x00000145d3860950 JavaThread "Cache worker for cache directory md-supplier (C:\Users\MAYUR\.gradle\caches\8.4\md-supplier)" [_thread_blocked, id=15952, stack(0x0000004142500000,0x0000004142600000)]
  0x00000145d385ff30 JavaThread "Cache worker for file content cache (C:\Users\MAYUR\.gradle\caches\8.4\fileContent)" [_thread_blocked, id=17180, stack(0x0000004142600000,0x0000004142700000)]
  0x00000145d385d1a0 JavaThread "Cache worker for cache directory md-rule (C:\Users\MAYUR\.gradle\caches\8.4\md-rule)" [_thread_blocked, id=10460, stack(0x0000004142700000,0x0000004142800000)]
  0x00000145d3860440 JavaThread "Cache worker for execution history cache (C:\Users\MAYUR\.gradle\caches\8.4\executionHistory)" [_thread_blocked, id=1048, stack(0x0000004142800000,0x0000004142900000)]
  0x00000145d385dbc0 JavaThread "Cache worker for kotlin-dsl (C:\Users\MAYUR\.gradle\caches\8.4\kotlin-dsl)" [_thread_blocked, id=14448, stack(0x0000004142900000,0x0000004142a00000)]
  0x00000145d385f510 JavaThread "jar transforms" [_thread_blocked, id=6336, stack(0x0000004142a00000,0x0000004142b00000)]
  0x00000145d3861370 JavaThread "jar transforms Thread 2" [_thread_blocked, id=17216, stack(0x0000004142b00000,0x0000004142c00000)]
  0x00000145d3861880 JavaThread "jar transforms Thread 3" [_thread_blocked, id=4816, stack(0x0000004142c00000,0x0000004142d00000)]
  0x00000145d385f000 JavaThread "jar transforms Thread 4" [_thread_blocked, id=17316, stack(0x0000004142d00000,0x0000004142e00000)]
  0x00000145d385e0d0 JavaThread "Cache worker for dependencies-accessors (C:\Users\MAYUR\Downloads\SMR _S\apps\android\.gradle\8.4\dependencies-accessors)" [_thread_blocked, id=4728, stack(0x0000004142e00000,0x0000004142f00000)]
  0x00000145d38627b0 JavaThread "Cache worker for Build Output Cleanup Cache (C:\Users\MAYUR\Downloads\SMR _S\apps\android\.gradle\buildOutputCleanup)" [_thread_blocked, id=11072, stack(0x0000004142f00000,0x0000004143000000)]
  0x00000145d3862cc0 JavaThread "Unconstrained build operations" [_thread_blocked, id=16916, stack(0x0000004143000000,0x0000004143100000)]
  0x00000145d38631d0 JavaThread "Unconstrained build operations Thread 2" [_thread_blocked, id=14812, stack(0x0000004143100000,0x0000004143200000)]
  0x00000145d3861d90 JavaThread "Unconstrained build operations Thread 3" [_thread_blocked, id=12720, stack(0x0000004143200000,0x0000004143300000)]
  0x00000145d3864100 JavaThread "Memory manager" [_thread_blocked, id=17080, stack(0x0000004143400000,0x0000004143500000)]
  0x00000145d2eef9d0 JavaThread "build event listener" [_thread_blocked, id=15920, stack(0x0000004143500000,0x0000004143600000)]
  0x00000145d2eeefb0 JavaThread "included builds" [_thread_blocked, id=5768, stack(0x0000004143600000,0x0000004143700000)]
  0x00000145d2eef4c0 JavaThread "Execution worker" [_thread_blocked, id=9828, stack(0x0000004143700000,0x0000004143800000)]
  0x00000145d2ef0900 JavaThread "Execution worker Thread 2" [_thread_blocked, id=9048, stack(0x0000004143800000,0x0000004143900000)]
  0x00000145d2ef0e10 JavaThread "Execution worker Thread 3" [_thread_blocked, id=248, stack(0x0000004143900000,0x0000004143a00000)]
  0x00000145d6eaa4b0 JavaThread "Cache worker for execution history cache (C:\Users\MAYUR\Downloads\SMR _S\apps\android\.gradle\8.4\executionHistory)" [_thread_blocked, id=17028, stack(0x0000004143a00000,0x0000004143b00000)]
  0x00000145d4f23b30 JavaThread "C2 CompilerThread1" daemon [_thread_blocked, id=16048, stack(0x0000004141000000,0x0000004141100000)]
  0x00000145d6eac820 JavaThread "Unconstrained build operations Thread 4" [_thread_blocked, id=10816, stack(0x0000004143b00000,0x0000004143c00000)]
  0x00000145d6eab3e0 JavaThread "Unconstrained build operations Thread 5" [_thread_blocked, id=15988, stack(0x0000004143c00000,0x0000004143d00000)]
  0x00000145d6ea9580 JavaThread "Unconstrained build operations Thread 6" [_thread_blocked, id=3724, stack(0x0000004143d00000,0x0000004143e00000)]
  0x00000145d6ea9070 JavaThread "Unconstrained build operations Thread 7" [_thread_blocked, id=14596, stack(0x0000004143f00000,0x0000004144000000)]
  0x00000145d6eaaed0 JavaThread "Unconstrained build operations Thread 8" [_thread_blocked, id=15724, stack(0x0000004144000000,0x0000004144100000)]
  0x00000145d6eab8f0 JavaThread "Unconstrained build operations Thread 9" [_thread_blocked, id=11856, stack(0x0000004144100000,0x0000004144200000)]
  0x00000145d6ea9fa0 JavaThread "WorkerExecutor Queue Thread 2" [_thread_blocked, id=10336, stack(0x0000004144200000,0x0000004144300000)]
  0x00000145d6eaa9c0 JavaThread "WorkerExecutor Queue Thread 3" [_thread_blocked, id=10944, stack(0x0000004144300000,0x0000004144400000)]
  0x00000145d6eabe00 JavaThread "WorkerExecutor Queue Thread 4" [_thread_blocked, id=14644, stack(0x0000004144400000,0x0000004144500000)]
  0x00000145d6eac310 JavaThread "Unconstrained build operations Thread 10" [_thread_blocked, id=17380, stack(0x0000004144500000,0x0000004144600000)]
  0x00000145d21620f0 JavaThread "Unconstrained build operations Thread 11" [_thread_blocked, id=15856, stack(0x0000004144600000,0x0000004144700000)]
  0x00000145dc843b60 JavaThread "Unconstrained build operations Thread 12" [_thread_blocked, id=14564, stack(0x0000004144700000,0x0000004144800000)]
  0x00000145dc8403b0 JavaThread "Unconstrained build operations Thread 13" [_thread_blocked, id=10980, stack(0x0000004144800000,0x0000004144900000)]
  0x00000145dc842720 JavaThread "Unconstrained build operations Thread 14" [_thread_blocked, id=10604, stack(0x0000004144900000,0x0000004144a00000)]
  0x00000145dc8408c0 JavaThread "Unconstrained build operations Thread 15" [_thread_blocked, id=12832, stack(0x0000004144a00000,0x0000004144b00000)]
  0x00000145dc841d00 JavaThread "Unconstrained build operations Thread 16" [_thread_blocked, id=17160, stack(0x0000004144b00000,0x0000004144c00000)]
  0x00000145dc842c30 JavaThread "Unconstrained build operations Thread 17" [_thread_blocked, id=7964, stack(0x0000004144c00000,0x0000004144d00000)]
  0x00000145dc844580 JavaThread "Unconstrained build operations Thread 18" [_thread_blocked, id=15612, stack(0x0000004144d00000,0x0000004144e00000)]
  0x00000145dc840dd0 JavaThread "Unconstrained build operations Thread 19" [_thread_blocked, id=14664, stack(0x0000004144e00000,0x0000004144f00000)]
  0x00000145dc8454b0 JavaThread "WorkerExecutor Queue Thread 5" [_thread_blocked, id=6500, stack(0x0000004144f00000,0x0000004145000000)]
  0x00000145dc844fa0 JavaThread "Unconstrained build operations Thread 20" [_thread_blocked, id=12984, stack(0x0000004145000000,0x0000004145100000)]
  0x00000145dc8459c0 JavaThread "Unconstrained build operations Thread 21" [_thread_blocked, id=17136, stack(0x0000004145100000,0x0000004145200000)]
  0x00000145dc843140 JavaThread "Unconstrained build operations Thread 22" [_thread_blocked, id=17108, stack(0x0000004145200000,0x0000004145300000)]
  0x00000145dc8463e0 JavaThread "Unconstrained build operations Thread 23" [_thread_blocked, id=16840, stack(0x0000004145300000,0x0000004145400000)]
  0x00000145dc8468f0 JavaThread "Unconstrained build operations Thread 24" [_thread_blocked, id=6496, stack(0x0000004145400000,0x0000004145500000)]
  0x00000145dc846e00 JavaThread "Unconstrained build operations Thread 25" [_thread_blocked, id=13248, stack(0x0000004145500000,0x0000004145600000)]
  0x00000145dc847310 JavaThread "Unconstrained build operations Thread 26" [_thread_blocked, id=14848, stack(0x0000004145600000,0x0000004145700000)]
  0x00000145dc847820 JavaThread "Unconstrained build operations Thread 27" [_thread_blocked, id=14704, stack(0x0000004145700000,0x0000004145800000)]
  0x00000145dc847d30 JavaThread "Unconstrained build operations Thread 28" [_thread_blocked, id=10840, stack(0x0000004145800000,0x0000004145900000)]
  0x00000145b27f13d0 JavaThread "Unconstrained build operations Thread 29" [_thread_blocked, id=17228, stack(0x0000004145900000,0x0000004145a00000)]
  0x00000145b27f1df0 JavaThread "Unconstrained build operations Thread 30" [_thread_blocked, id=3316, stack(0x0000004145a00000,0x0000004145b00000)]
  0x00000145b27f09b0 JavaThread "Unconstrained build operations Thread 31" [_thread_blocked, id=13052, stack(0x0000004145b00000,0x0000004145c00000)]
  0x00000145b27f18e0 JavaThread "Unconstrained build operations Thread 32" [_thread_blocked, id=13064, stack(0x0000004145c00000,0x0000004145d00000)]
  0x00000145b27f2300 JavaThread "Unconstrained build operations Thread 33" [_thread_blocked, id=14976, stack(0x0000004145d00000,0x0000004145e00000)]
  0x00000145b27f2810 JavaThread "Unconstrained build operations Thread 34" [_thread_blocked, id=16072, stack(0x0000004145e00000,0x0000004145f00000)]
  0x00000145b27f2d20 JavaThread "Unconstrained build operations Thread 35" [_thread_blocked, id=16120, stack(0x0000004145f00000,0x0000004146000000)]
  0x00000145b27ef570 JavaThread "pool-3-thread-1" [_thread_blocked, id=5124, stack(0x0000004146000000,0x0000004146100000)]
  0x00000145b27f3230 JavaThread "stderr" [_thread_in_native, id=9824, stack(0x0000004146100000,0x0000004146200000)]
  0x00000145b27efa80 JavaThread "stdout" [_thread_in_native, id=12136, stack(0x0000004146200000,0x0000004146300000)]
  0x00000145b27f3740 JavaThread "Unconstrained build operations Thread 36" [_thread_blocked, id=16096, stack(0x0000004146300000,0x0000004146400000)]
  0x00000145b27eff90 JavaThread "Unconstrained build operations Thread 37" [_thread_blocked, id=2708, stack(0x0000004146400000,0x0000004146500000)]
  0x00000145b27f3c50 JavaThread "Unconstrained build operations Thread 38" [_thread_blocked, id=16632, stack(0x0000004146500000,0x0000004146600000)]
  0x00000145b27f04a0 JavaThread "Unconstrained build operations Thread 39" [_thread_blocked, id=6140, stack(0x0000004146600000,0x0000004146700000)]
  0x00000145b27f5ab0 JavaThread "Unconstrained build operations Thread 40" [_thread_blocked, id=13904, stack(0x0000004146700000,0x0000004146800000)]
  0x00000145b27f5fc0 JavaThread "ForkJoinPool-1-worker-1" daemon [_thread_blocked, id=1960, stack(0x0000004146800000,0x0000004146900000)]
  0x00000145b27f69e0 JavaThread "ForkJoinPool-1-worker-2" daemon [_thread_blocked, id=15716, stack(0x0000004146900000,0x0000004146a00000)]
  0x00000145b27f4b80 JavaThread "ForkJoinPool-1-worker-3" daemon [_thread_blocked, id=17348, stack(0x0000004146a00000,0x0000004146b00000)]
  0x00000145b27f4670 JavaThread "ForkJoinPool-1-worker-4" daemon [_thread_blocked, id=7000, stack(0x0000004146b00000,0x0000004146c00000)]
  0x00000145dc843650 JavaThread "Thread-79" [_thread_blocked, id=3472, stack(0x0000004143e00000,0x0000004143f00000)]

Other Threads:
  0x00000145b21a3100 VMThread "VM Thread" [stack: 0x0000004140300000,0x0000004140400000] [id=15560]
  0x000001459456ba60 WatcherThread [stack: 0x0000004140f00000,0x0000004141000000] [id=10248]
  0x00000145945ca030 GCTaskThread "GC Thread#0" [stack: 0x000000413fe00000,0x000000413ff00000] [id=8068]
  0x00000145b2aaf380 GCTaskThread "GC Thread#1" [stack: 0x0000004141100000,0x0000004141200000] [id=4772]
  0x00000145b2b704f0 GCTaskThread "GC Thread#2" [stack: 0x0000004141200000,0x0000004141300000] [id=7472]
  0x00000145d225efc0 GCTaskThread "GC Thread#3" [stack: 0x0000004141300000,0x0000004141400000] [id=848]
  0x00000145945daff0 ConcurrentGCThread "G1 Main Marker" [stack: 0x000000413ff00000,0x0000004140000000] [id=14940]
  0x00000145945dd340 ConcurrentGCThread "G1 Conc#0" [stack: 0x0000004140000000,0x0000004140100000] [id=16460]
  0x000001459461c190 ConcurrentGCThread "G1 Refine#0" [stack: 0x0000004140100000,0x0000004140200000] [id=13280]
  0x00000145d618f2a0 ConcurrentGCThread "G1 Refine#1" [stack: 0x0000004143300000,0x0000004143400000] [id=8292]
  0x00000145d618e6e0 ConcurrentGCThread "G1 Refine#2" [stack: 0x0000004146c00000,0x0000004146d00000] [id=3452]
  0x00000145d22941b0 ConcurrentGCThread "G1 Refine#3" [stack: 0x0000004146d00000,0x0000004146e00000] [id=15692]
  0x000001459461c970 ConcurrentGCThread "G1 Service" [stack: 0x0000004140200000,0x0000004140300000] [id=6164]

Threads with active compile tasks:
C2 CompilerThread0  27220 17037       4       com.android.tools.r8.dex.code.O::a (3284 bytes)
C2 CompilerThread1  27220 16950       4       com.android.tools.r8.dex.C::a (992 bytes)

VM state: at safepoint (normal execution)

VM Mutex/Monitor currently owned by a thread:  ([mutex/lock_event])
[0x00000145945659f0] Threads_lock - owner thread: 0x00000145b21a3100
[0x0000014594565840] Heap_lock - owner thread: 0x00000145b27f4670

Heap address: 0x0000000080000000, size: 2048 MB, Compressed Oops mode: 32-bit

CDS archive(s) mapped at: [0x00000145b3000000-0x00000145b3bb0000-0x00000145b3bb0000), size 12255232, SharedBaseAddress: 0x00000145b3000000, ArchiveRelocationMode: 1.
Compressed class space mapped at: 0x00000145b4000000-0x00000145ce000000, reserved size: 436207616
Narrow klass base: 0x00000145b3000000, Narrow klass shift: 0, Narrow klass range: 0x100000000

GC Precious Log:
 CPUs: 4 total, 4 available
 Memory: 7934M
 Large Page Support: Disabled
 NUMA Support: Disabled
 Compressed Oops: Enabled (32-bit)
 Heap Region Size: 1M
 Heap Min Capacity: 8M
 Heap Initial Capacity: 124M
 Heap Max Capacity: 2G
 Pre-touch: Disabled
 Parallel Workers: 4
 Concurrent Workers: 1
 Concurrent Refinement Workers: 4
 Periodic GC: Disabled

Heap:
 garbage-first heap   total 568320K, used 420864K [0x0000000080000000, 0x0000000100000000)
  region size 1024K, 10 young (10240K), 10 survivors (10240K)
 Metaspace       used 108440K, committed 109312K, reserved 557056K
  class space    used 14832K, committed 15296K, reserved 425984K

Heap Regions: E=young(eden), S=young(survivor), O=old, HS=humongous(starts), HC=humongous(continues), CS=collection set, F=free, OA=open archive, CA=closed archive, TAMS=top-at-mark-start (previous, next)
|   0|0x0000000080000000, 0x0000000080100000, 0x0000000080100000|100%| O|  |TAMS 0x0000000080100000, 0x0000000080000000| Untracked 
|   1|0x0000000080100000, 0x0000000080200000, 0x0000000080200000|100%| O|  |TAMS 0x0000000080200000, 0x0000000080100000| Untracked 
|   2|0x0000000080200000, 0x0000000080300000, 0x0000000080300000|100%|HS|  |TAMS 0x0000000080300000, 0x0000000080200000| Complete 
|   3|0x0000000080300000, 0x0000000080400000, 0x0000000080400000|100%|HC|  |TAMS 0x0000000080400000, 0x0000000080300000| Complete 
|   4|0x0000000080400000, 0x0000000080500000, 0x0000000080500000|100%|HC|  |TAMS 0x0000000080500000, 0x0000000080400000| Complete 
|   5|0x0000000080500000, 0x0000000080600000, 0x0000000080600000|100%|HC|  |TAMS 0x0000000080600000, 0x0000000080500000| Complete 
|   6|0x0000000080600000, 0x0000000080700000, 0x0000000080700000|100%| O|  |TAMS 0x0000000080700000, 0x0000000080600000| Untracked 
|   7|0x0000000080700000, 0x0000000080800000, 0x0000000080800000|100%| O|  |TAMS 0x0000000080800000, 0x0000000080700000| Untracked 
|   8|0x0000000080800000, 0x0000000080900000, 0x0000000080900000|100%|HS|  |TAMS 0x0000000080900000, 0x0000000080800000| Complete 
|   9|0x0000000080900000, 0x0000000080a00000, 0x0000000080a00000|100%| O|  |TAMS 0x0000000080a00000, 0x0000000080900000| Untracked 
|  10|0x0000000080a00000, 0x0000000080b00000, 0x0000000080b00000|100%| O|  |TAMS 0x0000000080b00000, 0x0000000080a00000| Untracked 
|  11|0x0000000080b00000, 0x0000000080c00000, 0x0000000080c00000|100%| O|  |TAMS 0x0000000080c00000, 0x0000000080b00000| Untracked 
|  12|0x0000000080c00000, 0x0000000080d00000, 0x0000000080d00000|100%| O|  |TAMS 0x0000000080d00000, 0x0000000080c00000| Untracked 
|  13|0x0000000080d00000, 0x0000000080e00000, 0x0000000080e00000|100%| O|  |TAMS 0x0000000080e00000, 0x0000000080d00000| Untracked 
|  14|0x0000000080e00000, 0x0000000080f00000, 0x0000000080f00000|100%| O|  |TAMS 0x0000000080f00000, 0x0000000080e00000| Untracked 
|  15|0x0000000080f00000, 0x0000000081000000, 0x0000000081000000|100%| O|  |TAMS 0x0000000081000000, 0x0000000080f00000| Untracked 
|  16|0x0000000081000000, 0x0000000081100000, 0x0000000081100000|100%| O|  |TAMS 0x0000000081100000, 0x0000000081000000| Untracked 
|  17|0x0000000081100000, 0x0000000081200000, 0x0000000081200000|100%| O|  |TAMS 0x0000000081200000, 0x0000000081100000| Untracked 
|  18|0x0000000081200000, 0x0000000081300000, 0x0000000081300000|100%| O|  |TAMS 0x0000000081300000, 0x0000000081200000| Untracked 
|  19|0x0000000081300000, 0x0000000081400000, 0x0000000081400000|100%| O|  |TAMS 0x0000000081400000, 0x0000000081300000| Untracked 
|  20|0x0000000081400000, 0x0000000081500000, 0x0000000081500000|100%| O|  |TAMS 0x0000000081500000, 0x0000000081400000| Untracked 
|  21|0x0000000081500000, 0x0000000081600000, 0x0000000081600000|100%| O|  |TAMS 0x0000000081600000, 0x0000000081500000| Untracked 
|  22|0x0000000081600000, 0x0000000081700000, 0x0000000081700000|100%| O|  |TAMS 0x0000000081700000, 0x0000000081600000| Untracked 
|  23|0x0000000081700000, 0x0000000081800000, 0x0000000081800000|100%| O|  |TAMS 0x0000000081800000, 0x0000000081700000| Untracked 
|  24|0x0000000081800000, 0x0000000081900000, 0x0000000081900000|100%| O|  |TAMS 0x0000000081900000, 0x0000000081800000| Untracked 
|  25|0x0000000081900000, 0x0000000081a00000, 0x0000000081a00000|100%| O|  |TAMS 0x0000000081a00000, 0x0000000081900000| Untracked 
|  26|0x0000000081a00000, 0x0000000081b00000, 0x0000000081b00000|100%| O|  |TAMS 0x0000000081b00000, 0x0000000081a00000| Untracked 
|  27|0x0000000081b00000, 0x0000000081c00000, 0x0000000081c00000|100%| O|  |TAMS 0x0000000081c00000, 0x0000000081b00000| Untracked 
|  28|0x0000000081c00000, 0x0000000081d00000, 0x0000000081d00000|100%| O|  |TAMS 0x0000000081d00000, 0x0000000081c00000| Untracked 
|  29|0x0000000081d00000, 0x0000000081e00000, 0x0000000081e00000|100%| O|  |TAMS 0x0000000081e00000, 0x0000000081d00000| Untracked 
|  30|0x0000000081e00000, 0x0000000081f00000, 0x0000000081f00000|100%| O|  |TAMS 0x0000000081f00000, 0x0000000081e00000| Untracked 
|  31|0x0000000081f00000, 0x0000000082000000, 0x0000000082000000|100%|HS|  |TAMS 0x0000000082000000, 0x0000000081f00000| Complete 
|  32|0x0000000082000000, 0x0000000082100000, 0x0000000082100000|100%|HS|  |TAMS 0x0000000082100000, 0x0000000082000000| Complete 
|  33|0x0000000082100000, 0x0000000082200000, 0x0000000082200000|100%|HS|  |TAMS 0x0000000082200000, 0x0000000082100000| Complete 
|  34|0x0000000082200000, 0x0000000082300000, 0x0000000082300000|100%|HC|  |TAMS 0x0000000082300000, 0x0000000082200000| Complete 
|  35|0x0000000082300000, 0x0000000082400000, 0x0000000082400000|100%|HS|  |TAMS 0x0000000082400000, 0x0000000082300000| Complete 
|  36|0x0000000082400000, 0x0000000082500000, 0x0000000082500000|100%|HS|  |TAMS 0x0000000082500000, 0x0000000082400000| Complete 
|  37|0x0000000082500000, 0x0000000082600000, 0x0000000082600000|100%|HC|  |TAMS 0x0000000082600000, 0x0000000082500000| Complete 
|  38|0x0000000082600000, 0x0000000082700000, 0x0000000082700000|100%|HC|  |TAMS 0x0000000082700000, 0x0000000082600000| Complete 
|  39|0x0000000082700000, 0x0000000082800000, 0x0000000082800000|100%|HC|  |TAMS 0x0000000082800000, 0x0000000082700000| Complete 
|  40|0x0000000082800000, 0x0000000082900000, 0x0000000082900000|100%| O|  |TAMS 0x0000000082900000, 0x0000000082800000| Untracked 
|  41|0x0000000082900000, 0x0000000082a00000, 0x0000000082a00000|100%|HS|  |TAMS 0x0000000082a00000, 0x0000000082900000| Complete 
|  42|0x0000000082a00000, 0x0000000082b00000, 0x0000000082b00000|100%|HC|  |TAMS 0x0000000082b00000, 0x0000000082a00000| Complete 
|  43|0x0000000082b00000, 0x0000000082c00000, 0x0000000082c00000|100%|HS|  |TAMS 0x0000000082c00000, 0x0000000082b00000| Complete 
|  44|0x0000000082c00000, 0x0000000082d00000, 0x0000000082d00000|100%| O|  |TAMS 0x0000000082d00000, 0x0000000082c00000| Untracked 
|  45|0x0000000082d00000, 0x0000000082e00000, 0x0000000082e00000|100%|HS|  |TAMS 0x0000000082e00000, 0x0000000082d00000| Complete 
|  46|0x0000000082e00000, 0x0000000082f00000, 0x0000000082f00000|100%| O|  |TAMS 0x0000000082f00000, 0x0000000082e00000| Untracked 
|  47|0x0000000082f00000, 0x0000000083000000, 0x0000000083000000|100%| O|  |TAMS 0x0000000083000000, 0x0000000082f00000| Untracked 
|  48|0x0000000083000000, 0x0000000083100000, 0x0000000083100000|100%| O|  |TAMS 0x0000000083100000, 0x0000000083000000| Untracked 
|  49|0x0000000083100000, 0x0000000083200000, 0x0000000083200000|100%| O|  |TAMS 0x0000000083200000, 0x0000000083100000| Untracked 
|  50|0x0000000083200000, 0x0000000083300000, 0x0000000083300000|100%| O|  |TAMS 0x0000000083300000, 0x0000000083200000| Untracked 
|  51|0x0000000083300000, 0x0000000083400000, 0x0000000083400000|100%| O|  |TAMS 0x0000000083400000, 0x0000000083300000| Untracked 
|  52|0x0000000083400000, 0x0000000083500000, 0x0000000083500000|100%| O|  |TAMS 0x0000000083500000, 0x0000000083400000| Untracked 
|  53|0x0000000083500000, 0x0000000083600000, 0x0000000083600000|100%| O|  |TAMS 0x0000000083600000, 0x0000000083500000| Untracked 
|  54|0x0000000083600000, 0x0000000083700000, 0x0000000083700000|100%| O|  |TAMS 0x0000000083700000, 0x0000000083600000| Untracked 
|  55|0x0000000083700000, 0x0000000083800000, 0x0000000083800000|100%|HS|  |TAMS 0x0000000083800000, 0x0000000083700000| Complete 
|  56|0x0000000083800000, 0x0000000083900000, 0x0000000083900000|100%|HC|  |TAMS 0x0000000083900000, 0x0000000083800000| Complete 
|  57|0x0000000083900000, 0x0000000083a00000, 0x0000000083a00000|100%|HC|  |TAMS 0x0000000083a00000, 0x0000000083900000| Complete 
|  58|0x0000000083a00000, 0x0000000083b00000, 0x0000000083b00000|100%|HC|  |TAMS 0x0000000083b00000, 0x0000000083a00000| Complete 
|  59|0x0000000083b00000, 0x0000000083c00000, 0x0000000083c00000|100%| O|  |TAMS 0x0000000083c00000, 0x0000000083b00000| Untracked 
|  60|0x0000000083c00000, 0x0000000083d00000, 0x0000000083d00000|100%| O|  |TAMS 0x0000000083d00000, 0x0000000083c00000| Untracked 
|  61|0x0000000083d00000, 0x0000000083e00000, 0x0000000083e00000|100%| O|  |TAMS 0x0000000083e00000, 0x0000000083d00000| Untracked 
|  62|0x0000000083e00000, 0x0000000083f00000, 0x0000000083f00000|100%| O|  |TAMS 0x0000000083f00000, 0x0000000083e00000| Untracked 
|  63|0x0000000083f00000, 0x0000000084000000, 0x0000000084000000|100%| O|  |TAMS 0x0000000084000000, 0x0000000083f00000| Untracked 
|  64|0x0000000084000000, 0x0000000084100000, 0x0000000084100000|100%| O|  |TAMS 0x0000000084100000, 0x0000000084000000| Untracked 
|  65|0x0000000084100000, 0x0000000084200000, 0x0000000084200000|100%| O|  |TAMS 0x0000000084200000, 0x0000000084100000| Untracked 
|  66|0x0000000084200000, 0x0000000084300000, 0x0000000084300000|100%| O|  |TAMS 0x0000000084300000, 0x0000000084200000| Untracked 
|  67|0x0000000084300000, 0x0000000084400000, 0x0000000084400000|100%| O|  |TAMS 0x0000000084400000, 0x0000000084300000| Untracked 
|  68|0x0000000084400000, 0x0000000084500000, 0x0000000084500000|100%| O|  |TAMS 0x0000000084500000, 0x0000000084400000| Untracked 
|  69|0x0000000084500000, 0x0000000084600000, 0x0000000084600000|100%| O|  |TAMS 0x0000000084600000, 0x0000000084500000| Untracked 
|  70|0x0000000084600000, 0x0000000084700000, 0x0000000084700000|100%| O|  |TAMS 0x0000000084700000, 0x0000000084600000| Untracked 
|  71|0x0000000084700000, 0x0000000084800000, 0x0000000084800000|100%| O|  |TAMS 0x0000000084800000, 0x0000000084700000| Untracked 
|  72|0x0000000084800000, 0x0000000084900000, 0x0000000084900000|100%| O|  |TAMS 0x0000000084900000, 0x0000000084800000| Untracked 
|  73|0x0000000084900000, 0x0000000084a00000, 0x0000000084a00000|100%| O|  |TAMS 0x0000000084a00000, 0x0000000084900000| Untracked 
|  74|0x0000000084a00000, 0x0000000084b00000, 0x0000000084b00000|100%| O|  |TAMS 0x0000000084b00000, 0x0000000084a00000| Untracked 
|  75|0x0000000084b00000, 0x0000000084c00000, 0x0000000084c00000|100%| O|  |TAMS 0x0000000084c00000, 0x0000000084b00000| Untracked 
|  76|0x0000000084c00000, 0x0000000084d00000, 0x0000000084d00000|100%| O|  |TAMS 0x0000000084d00000, 0x0000000084c00000| Untracked 
|  77|0x0000000084d00000, 0x0000000084e00000, 0x0000000084e00000|100%| O|  |TAMS 0x0000000084e00000, 0x0000000084d00000| Untracked 
|  78|0x0000000084e00000, 0x0000000084f00000, 0x0000000084f00000|100%| O|  |TAMS 0x0000000084f00000, 0x0000000084e00000| Untracked 
|  79|0x0000000084f00000, 0x0000000085000000, 0x0000000085000000|100%| O|  |TAMS 0x0000000085000000, 0x0000000084f00000| Untracked 
|  80|0x0000000085000000, 0x0000000085100000, 0x0000000085100000|100%| O|  |TAMS 0x0000000085100000, 0x0000000085000000| Untracked 
|  81|0x0000000085100000, 0x0000000085200000, 0x0000000085200000|100%| O|  |TAMS 0x0000000085200000, 0x0000000085100000| Untracked 
|  82|0x0000000085200000, 0x0000000085300000, 0x0000000085300000|100%| O|  |TAMS 0x0000000085300000, 0x0000000085200000| Untracked 
|  83|0x0000000085300000, 0x0000000085400000, 0x0000000085400000|100%| O|  |TAMS 0x0000000085400000, 0x0000000085300000| Untracked 
|  84|0x0000000085400000, 0x0000000085500000, 0x0000000085500000|100%| O|  |TAMS 0x0000000085500000, 0x0000000085400000| Untracked 
|  85|0x0000000085500000, 0x0000000085600000, 0x0000000085600000|100%| O|  |TAMS 0x0000000085600000, 0x0000000085500000| Untracked 
|  86|0x0000000085600000, 0x0000000085700000, 0x0000000085700000|100%| O|  |TAMS 0x0000000085700000, 0x0000000085600000| Untracked 
|  87|0x0000000085700000, 0x0000000085800000, 0x0000000085800000|100%| O|  |TAMS 0x0000000085800000, 0x0000000085700000| Untracked 
|  88|0x0000000085800000, 0x0000000085900000, 0x0000000085900000|100%| O|  |TAMS 0x0000000085900000, 0x0000000085800000| Untracked 
|  89|0x0000000085900000, 0x0000000085a00000, 0x0000000085a00000|100%| O|  |TAMS 0x0000000085a00000, 0x0000000085900000| Untracked 
|  90|0x0000000085a00000, 0x0000000085b00000, 0x0000000085b00000|100%| O|  |TAMS 0x0000000085b00000, 0x0000000085a00000| Untracked 
|  91|0x0000000085b00000, 0x0000000085c00000, 0x0000000085c00000|100%| O|  |TAMS 0x0000000085c00000, 0x0000000085b00000| Untracked 
|  92|0x0000000085c00000, 0x0000000085d00000, 0x0000000085d00000|100%| O|  |TAMS 0x0000000085c00000, 0x0000000085c00000| Untracked 
|  93|0x0000000085d00000, 0x0000000085e00000, 0x0000000085e00000|100%| O|  |TAMS 0x0000000085e00000, 0x0000000085d00000| Untracked 
|  94|0x0000000085e00000, 0x0000000085f00000, 0x0000000085f00000|100%| O|  |TAMS 0x0000000085f00000, 0x0000000085e00000| Untracked 
|  95|0x0000000085f00000, 0x0000000086000000, 0x0000000086000000|100%|HS|  |TAMS 0x0000000085f00000, 0x0000000085f00000| Complete 
|  96|0x0000000086000000, 0x0000000086100000, 0x0000000086100000|100%| O|  |TAMS 0x0000000086100000, 0x0000000086000000| Untracked 
|  97|0x0000000086100000, 0x0000000086200000, 0x0000000086200000|100%| O|  |TAMS 0x0000000086200000, 0x0000000086100000| Untracked 
|  98|0x0000000086200000, 0x0000000086300000, 0x0000000086300000|100%| O|  |TAMS 0x0000000086300000, 0x0000000086200000| Untracked 
|  99|0x0000000086300000, 0x0000000086400000, 0x0000000086400000|100%| O|  |TAMS 0x0000000086300000, 0x0000000086300000| Untracked 
| 100|0x0000000086400000, 0x0000000086500000, 0x0000000086500000|100%| O|  |TAMS 0x0000000086442600, 0x0000000086400000| Untracked 
| 101|0x0000000086500000, 0x0000000086600000, 0x0000000086600000|100%|HS|  |TAMS 0x0000000086600000, 0x0000000086500000| Complete 
| 102|0x0000000086600000, 0x0000000086700000, 0x0000000086700000|100%|HC|  |TAMS 0x0000000086700000, 0x0000000086600000| Complete 
| 103|0x0000000086700000, 0x0000000086800000, 0x0000000086800000|100%|HC|  |TAMS 0x0000000086800000, 0x0000000086700000| Complete 
| 104|0x0000000086800000, 0x0000000086900000, 0x0000000086900000|100%|HC|  |TAMS 0x0000000086900000, 0x0000000086800000| Complete 
| 105|0x0000000086900000, 0x0000000086a00000, 0x0000000086a00000|100%|HS|  |TAMS 0x0000000086a00000, 0x0000000086900000| Complete 
| 106|0x0000000086a00000, 0x0000000086b00000, 0x0000000086b00000|100%|HC|  |TAMS 0x0000000086b00000, 0x0000000086a00000| Complete 
| 107|0x0000000086b00000, 0x0000000086c00000, 0x0000000086c00000|100%|HC|  |TAMS 0x0000000086c00000, 0x0000000086b00000| Complete 
| 108|0x0000000086c00000, 0x0000000086d00000, 0x0000000086d00000|100%|HC|  |TAMS 0x0000000086d00000, 0x0000000086c00000| Complete 
| 109|0x0000000086d00000, 0x0000000086e00000, 0x0000000086e00000|100%|HC|  |TAMS 0x0000000086e00000, 0x0000000086d00000| Complete 
| 110|0x0000000086e00000, 0x0000000086f00000, 0x0000000086f00000|100%|HC|  |TAMS 0x0000000086f00000, 0x0000000086e00000| Complete 
| 111|0x0000000086f00000, 0x0000000087000000, 0x0000000087000000|100%|HC|  |TAMS 0x0000000087000000, 0x0000000086f00000| Complete 
| 112|0x0000000087000000, 0x0000000087100000, 0x0000000087100000|100%|HC|  |TAMS 0x0000000087100000, 0x0000000087000000| Complete 
| 113|0x0000000087100000, 0x0000000087200000, 0x0000000087200000|100%|HC|  |TAMS 0x0000000087200000, 0x0000000087100000| Complete 
| 114|0x0000000087200000, 0x0000000087300000, 0x0000000087300000|100%|HC|  |TAMS 0x0000000087300000, 0x0000000087200000| Complete 
| 115|0x0000000087300000, 0x0000000087400000, 0x0000000087400000|100%|HC|  |TAMS 0x0000000087400000, 0x0000000087300000| Complete 
| 116|0x0000000087400000, 0x0000000087500000, 0x0000000087500000|100%|HC|  |TAMS 0x0000000087500000, 0x0000000087400000| Complete 
| 117|0x0000000087500000, 0x0000000087600000, 0x0000000087600000|100%|HC|  |TAMS 0x0000000087600000, 0x0000000087500000| Complete 
| 118|0x0000000087600000, 0x0000000087700000, 0x0000000087700000|100%|HC|  |TAMS 0x0000000087700000, 0x0000000087600000| Complete 
| 119|0x0000000087700000, 0x0000000087800000, 0x0000000087800000|100%|HC|  |TAMS 0x0000000087800000, 0x0000000087700000| Complete 
| 120|0x0000000087800000, 0x0000000087900000, 0x0000000087900000|100%|HC|  |TAMS 0x0000000087900000, 0x0000000087800000| Complete 
| 121|0x0000000087900000, 0x0000000087a00000, 0x0000000087a00000|100%|HC|  |TAMS 0x0000000087a00000, 0x0000000087900000| Complete 
| 122|0x0000000087a00000, 0x0000000087b00000, 0x0000000087b00000|100%|HC|  |TAMS 0x0000000087b00000, 0x0000000087a00000| Complete 
| 123|0x0000000087b00000, 0x0000000087c00000, 0x0000000087c00000|100%|HC|  |TAMS 0x0000000087c00000, 0x0000000087b00000| Complete 
| 124|0x0000000087c00000, 0x0000000087d00000, 0x0000000087d00000|100%|HC|  |TAMS 0x0000000087d00000, 0x0000000087c00000| Complete 
| 125|0x0000000087d00000, 0x0000000087e00000, 0x0000000087e00000|100%|HC|  |TAMS 0x0000000087e00000, 0x0000000087d00000| Complete 
| 126|0x0000000087e00000, 0x0000000087f00000, 0x0000000087f00000|100%|HC|  |TAMS 0x0000000087f00000, 0x0000000087e00000| Complete 
| 127|0x0000000087f00000, 0x0000000088000000, 0x0000000088000000|100%|HC|  |TAMS 0x0000000088000000, 0x0000000087f00000| Complete 
| 128|0x0000000088000000, 0x0000000088100000, 0x0000000088100000|100%|HC|  |TAMS 0x0000000088100000, 0x0000000088000000| Complete 
| 129|0x0000000088100000, 0x0000000088200000, 0x0000000088200000|100%|HC|  |TAMS 0x0000000088200000, 0x0000000088100000| Complete 
| 130|0x0000000088200000, 0x0000000088300000, 0x0000000088300000|100%|HC|  |TAMS 0x0000000088300000, 0x0000000088200000| Complete 
| 131|0x0000000088300000, 0x0000000088400000, 0x0000000088400000|100%|HC|  |TAMS 0x0000000088400000, 0x0000000088300000| Complete 
| 132|0x0000000088400000, 0x0000000088500000, 0x0000000088500000|100%|HC|  |TAMS 0x0000000088500000, 0x0000000088400000| Complete 
| 133|0x0000000088500000, 0x0000000088600000, 0x0000000088600000|100%|HC|  |TAMS 0x0000000088600000, 0x0000000088500000| Complete 
| 134|0x0000000088600000, 0x0000000088700000, 0x0000000088700000|100%|HC|  |TAMS 0x0000000088700000, 0x0000000088600000| Complete 
| 135|0x0000000088700000, 0x0000000088800000, 0x0000000088800000|100%|HS|  |TAMS 0x0000000088800000, 0x0000000088700000| Complete 
| 136|0x0000000088800000, 0x0000000088900000, 0x0000000088900000|100%|HC|  |TAMS 0x0000000088900000, 0x0000000088800000| Complete 
| 137|0x0000000088900000, 0x0000000088a00000, 0x0000000088a00000|100%|HC|  |TAMS 0x0000000088a00000, 0x0000000088900000| Complete 
| 138|0x0000000088a00000, 0x0000000088b00000, 0x0000000088b00000|100%|HS|  |TAMS 0x0000000088b00000, 0x0000000088a00000| Complete 
| 139|0x0000000088b00000, 0x0000000088c00000, 0x0000000088c00000|100%|HS|  |TAMS 0x0000000088c00000, 0x0000000088b00000| Complete 
| 140|0x0000000088c00000, 0x0000000088d00000, 0x0000000088d00000|100%|HC|  |TAMS 0x0000000088d00000, 0x0000000088c00000| Complete 
| 141|0x0000000088d00000, 0x0000000088e00000, 0x0000000088e00000|100%|HC|  |TAMS 0x0000000088e00000, 0x0000000088d00000| Complete 
| 142|0x0000000088e00000, 0x0000000088f00000, 0x0000000088f00000|100%|HS|  |TAMS 0x0000000088f00000, 0x0000000088e00000| Complete 
| 143|0x0000000088f00000, 0x0000000089000000, 0x0000000089000000|100%|HC|  |TAMS 0x0000000089000000, 0x0000000088f00000| Complete 
| 144|0x0000000089000000, 0x0000000089100000, 0x0000000089100000|100%|HS|  |TAMS 0x0000000089100000, 0x0000000089000000| Complete 
| 145|0x0000000089100000, 0x0000000089200000, 0x0000000089200000|100%|HC|  |TAMS 0x0000000089200000, 0x0000000089100000| Complete 
| 146|0x0000000089200000, 0x0000000089300000, 0x0000000089300000|100%|HS|  |TAMS 0x0000000089300000, 0x0000000089200000| Complete 
| 147|0x0000000089300000, 0x0000000089400000, 0x0000000089400000|100%|HS|  |TAMS 0x0000000089400000, 0x0000000089300000| Complete 
| 148|0x0000000089400000, 0x0000000089500000, 0x0000000089500000|100%|HC|  |TAMS 0x0000000089500000, 0x0000000089400000| Complete 
| 149|0x0000000089500000, 0x0000000089600000, 0x0000000089600000|100%|HS|  |TAMS 0x0000000089600000, 0x0000000089500000| Complete 
| 150|0x0000000089600000, 0x0000000089700000, 0x0000000089700000|100%|HC|  |TAMS 0x0000000089700000, 0x0000000089600000| Complete 
| 151|0x0000000089700000, 0x0000000089800000, 0x0000000089800000|100%|HS|  |TAMS 0x0000000089800000, 0x0000000089700000| Complete 
| 152|0x0000000089800000, 0x0000000089900000, 0x0000000089900000|100%|HC|  |TAMS 0x0000000089900000, 0x0000000089800000| Complete 
| 153|0x0000000089900000, 0x0000000089a00000, 0x0000000089a00000|100%|HC|  |TAMS 0x0000000089a00000, 0x0000000089900000| Complete 
| 154|0x0000000089a00000, 0x0000000089b00000, 0x0000000089b00000|100%|HS|  |TAMS 0x0000000089b00000, 0x0000000089a00000| Complete 
| 155|0x0000000089b00000, 0x0000000089c00000, 0x0000000089c00000|100%|HS|  |TAMS 0x0000000089c00000, 0x0000000089b00000| Complete 
| 156|0x0000000089c00000, 0x0000000089d00000, 0x0000000089d00000|100%|HC|  |TAMS 0x0000000089d00000, 0x0000000089c00000| Complete 
| 157|0x0000000089d00000, 0x0000000089e00000, 0x0000000089e00000|100%|HC|  |TAMS 0x0000000089e00000, 0x0000000089d00000| Complete 
| 158|0x0000000089e00000, 0x0000000089f00000, 0x0000000089f00000|100%| O|  |TAMS 0x0000000089e00000, 0x0000000089e00000| Untracked 
| 159|0x0000000089f00000, 0x000000008a000000, 0x000000008a000000|100%| O|  |TAMS 0x0000000089f00000, 0x0000000089f00000| Untracked 
| 160|0x000000008a000000, 0x000000008a100000, 0x000000008a100000|100%| O|  |TAMS 0x000000008a000000, 0x000000008a000000| Untracked 
| 161|0x000000008a100000, 0x000000008a200000, 0x000000008a200000|100%| O|  |TAMS 0x000000008a100000, 0x000000008a100000| Untracked 
| 162|0x000000008a200000, 0x000000008a300000, 0x000000008a300000|100%| O|  |TAMS 0x000000008a200000, 0x000000008a200000| Untracked 
| 163|0x000000008a300000, 0x000000008a400000, 0x000000008a400000|100%| O|  |TAMS 0x000000008a300000, 0x000000008a300000| Untracked 
| 164|0x000000008a400000, 0x000000008a500000, 0x000000008a500000|100%|HS|  |TAMS 0x000000008a500000, 0x000000008a400000| Complete 
| 165|0x000000008a500000, 0x000000008a600000, 0x000000008a600000|100%|HC|  |TAMS 0x000000008a600000, 0x000000008a500000| Complete 
| 166|0x000000008a600000, 0x000000008a700000, 0x000000008a700000|100%|HC|  |TAMS 0x000000008a700000, 0x000000008a600000| Complete 
| 167|0x000000008a700000, 0x000000008a800000, 0x000000008a800000|100%|HC|  |TAMS 0x000000008a800000, 0x000000008a700000| Complete 
| 168|0x000000008a800000, 0x000000008a900000, 0x000000008a900000|100%| O|  |TAMS 0x000000008a800000, 0x000000008a800000| Untracked 
| 169|0x000000008a900000, 0x000000008aa00000, 0x000000008aa00000|100%|HS|  |TAMS 0x000000008aa00000, 0x000000008a900000| Complete 
| 170|0x000000008aa00000, 0x000000008ab00000, 0x000000008ab00000|100%| O|  |TAMS 0x000000008aa00000, 0x000000008aa00000| Untracked 
| 171|0x000000008ab00000, 0x000000008ac00000, 0x000000008ac00000|100%| O|  |TAMS 0x000000008ab00000, 0x000000008ab00000| Untracked 
| 172|0x000000008ac00000, 0x000000008ad00000, 0x000000008ad00000|100%| O|  |TAMS 0x000000008ac00000, 0x000000008ac00000| Untracked 
| 173|0x000000008ad00000, 0x000000008ae00000, 0x000000008ae00000|100%| O|  |TAMS 0x000000008ad00000, 0x000000008ad00000| Untracked 
| 174|0x000000008ae00000, 0x000000008af00000, 0x000000008af00000|100%| O|  |TAMS 0x000000008ae00000, 0x000000008ae00000| Untracked 
| 175|0x000000008af00000, 0x000000008b000000, 0x000000008b000000|100%| O|  |TAMS 0x000000008af00000, 0x000000008af00000| Untracked 
| 176|0x000000008b000000, 0x000000008b100000, 0x000000008b100000|100%| O|  |TAMS 0x000000008b000000, 0x000000008b000000| Untracked 
| 177|0x000000008b100000, 0x000000008b200000, 0x000000008b200000|100%| O|  |TAMS 0x000000008b100000, 0x000000008b100000| Untracked 
| 178|0x000000008b200000, 0x000000008b300000, 0x000000008b300000|100%| O|  |TAMS 0x000000008b200000, 0x000000008b200000| Untracked 
| 179|0x000000008b300000, 0x000000008b400000, 0x000000008b400000|100%| O|  |TAMS 0x000000008b300000, 0x000000008b300000| Untracked 
| 180|0x000000008b400000, 0x000000008b500000, 0x000000008b500000|100%| O|  |TAMS 0x000000008b400000, 0x000000008b400000| Untracked 
| 181|0x000000008b500000, 0x000000008b600000, 0x000000008b600000|100%|HS|  |TAMS 0x000000008b500000, 0x000000008b500000| Complete 
| 182|0x000000008b600000, 0x000000008b700000, 0x000000008b700000|100%|HC|  |TAMS 0x000000008b600000, 0x000000008b600000| Complete 
| 183|0x000000008b700000, 0x000000008b800000, 0x000000008b800000|100%|HS|  |TAMS 0x000000008b700000, 0x000000008b700000| Complete 
| 184|0x000000008b800000, 0x000000008b900000, 0x000000008b900000|100%|HS|  |TAMS 0x000000008b800000, 0x000000008b800000| Complete 
| 185|0x000000008b900000, 0x000000008ba00000, 0x000000008ba00000|100%|HC|  |TAMS 0x000000008b900000, 0x000000008b900000| Complete 
| 186|0x000000008ba00000, 0x000000008bb00000, 0x000000008bb00000|100%|HS|  |TAMS 0x000000008ba00000, 0x000000008ba00000| Complete 
| 187|0x000000008bb00000, 0x000000008bc00000, 0x000000008bc00000|100%| O|  |TAMS 0x000000008bb00000, 0x000000008bb00000| Untracked 
| 188|0x000000008bc00000, 0x000000008bd00000, 0x000000008bd00000|100%| O|  |TAMS 0x000000008bc00000, 0x000000008bc00000| Untracked 
| 189|0x000000008bd00000, 0x000000008be00000, 0x000000008be00000|100%| O|  |TAMS 0x000000008bd00000, 0x000000008bd00000| Untracked 
| 190|0x000000008be00000, 0x000000008bf00000, 0x000000008bf00000|100%| O|  |TAMS 0x000000008be00000, 0x000000008be00000| Untracked 
| 191|0x000000008bf00000, 0x000000008c000000, 0x000000008c000000|100%| O|  |TAMS 0x000000008bf00000, 0x000000008bf00000| Untracked 
| 192|0x000000008c000000, 0x000000008c100000, 0x000000008c100000|100%| O|  |TAMS 0x000000008c000000, 0x000000008c000000| Untracked 
| 193|0x000000008c100000, 0x000000008c200000, 0x000000008c200000|100%| O|  |TAMS 0x000000008c100000, 0x000000008c100000| Untracked 
| 194|0x000000008c200000, 0x000000008c300000, 0x000000008c300000|100%| O|  |TAMS 0x000000008c200000, 0x000000008c200000| Untracked 
| 195|0x000000008c300000, 0x000000008c400000, 0x000000008c400000|100%| O|  |TAMS 0x000000008c300000, 0x000000008c300000| Untracked 
| 196|0x000000008c400000, 0x000000008c500000, 0x000000008c500000|100%| O|  |TAMS 0x000000008c400000, 0x000000008c400000| Untracked 
| 197|0x000000008c500000, 0x000000008c600000, 0x000000008c600000|100%| O|  |TAMS 0x000000008c500000, 0x000000008c500000| Untracked 
| 198|0x000000008c600000, 0x000000008c700000, 0x000000008c700000|100%| O|  |TAMS 0x000000008c600000, 0x000000008c600000| Untracked 
| 199|0x000000008c700000, 0x000000008c800000, 0x000000008c800000|100%| O|  |TAMS 0x000000008c700000, 0x000000008c700000| Untracked 
| 200|0x000000008c800000, 0x000000008c900000, 0x000000008c900000|100%| O|  |TAMS 0x000000008c800000, 0x000000008c800000| Untracked 
| 201|0x000000008c900000, 0x000000008ca00000, 0x000000008ca00000|100%| O|  |TAMS 0x000000008c900000, 0x000000008c900000| Untracked 
| 202|0x000000008ca00000, 0x000000008cb00000, 0x000000008cb00000|100%| O|  |TAMS 0x000000008ca00000, 0x000000008ca00000| Untracked 
| 203|0x000000008cb00000, 0x000000008cc00000, 0x000000008cc00000|100%| O|  |TAMS 0x000000008cb00000, 0x000000008cb00000| Untracked 
| 204|0x000000008cc00000, 0x000000008cd00000, 0x000000008cd00000|100%| O|  |TAMS 0x000000008cc00000, 0x000000008cc00000| Untracked 
| 205|0x000000008cd00000, 0x000000008ce00000, 0x000000008ce00000|100%| O|  |TAMS 0x000000008cd00000, 0x000000008cd00000| Untracked 
| 206|0x000000008ce00000, 0x000000008cf00000, 0x000000008cf00000|100%| O|  |TAMS 0x000000008ce00000, 0x000000008ce00000| Untracked 
| 207|0x000000008cf00000, 0x000000008d000000, 0x000000008d000000|100%| O|  |TAMS 0x000000008cf00000, 0x000000008cf00000| Untracked 
| 208|0x000000008d000000, 0x000000008d100000, 0x000000008d100000|100%| O|  |TAMS 0x000000008d000000, 0x000000008d000000| Untracked 
| 209|0x000000008d100000, 0x000000008d200000, 0x000000008d200000|100%| O|  |TAMS 0x000000008d100000, 0x000000008d100000| Untracked 
| 210|0x000000008d200000, 0x000000008d300000, 0x000000008d300000|100%| O|  |TAMS 0x000000008d200000, 0x000000008d200000| Untracked 
| 211|0x000000008d300000, 0x000000008d400000, 0x000000008d400000|100%| O|  |TAMS 0x000000008d300000, 0x000000008d300000| Untracked 
| 212|0x000000008d400000, 0x000000008d500000, 0x000000008d500000|100%| O|  |TAMS 0x000000008d400000, 0x000000008d400000| Untracked 
| 213|0x000000008d500000, 0x000000008d600000, 0x000000008d600000|100%| O|  |TAMS 0x000000008d500000, 0x000000008d500000| Untracked 
| 214|0x000000008d600000, 0x000000008d700000, 0x000000008d700000|100%| O|  |TAMS 0x000000008d600000, 0x000000008d600000| Untracked 
| 215|0x000000008d700000, 0x000000008d800000, 0x000000008d800000|100%| O|  |TAMS 0x000000008d700000, 0x000000008d700000| Untracked 
| 216|0x000000008d800000, 0x000000008d900000, 0x000000008d900000|100%| O|  |TAMS 0x000000008d800000, 0x000000008d800000| Untracked 
| 217|0x000000008d900000, 0x000000008da00000, 0x000000008da00000|100%| O|  |TAMS 0x000000008d900000, 0x000000008d900000| Untracked 
| 218|0x000000008da00000, 0x000000008db00000, 0x000000008db00000|100%| O|  |TAMS 0x000000008da00000, 0x000000008da00000| Untracked 
| 219|0x000000008db00000, 0x000000008dc00000, 0x000000008dc00000|100%| O|  |TAMS 0x000000008db00000, 0x000000008db00000| Untracked 
| 220|0x000000008dc00000, 0x000000008dd00000, 0x000000008dd00000|100%| O|  |TAMS 0x000000008dc00000, 0x000000008dc00000| Untracked 
| 221|0x000000008dd00000, 0x000000008de00000, 0x000000008de00000|100%| O|  |TAMS 0x000000008dd00000, 0x000000008dd00000| Untracked 
| 222|0x000000008de00000, 0x000000008df00000, 0x000000008df00000|100%|HS|  |TAMS 0x000000008de00000, 0x000000008de00000| Complete 
| 223|0x000000008df00000, 0x000000008e000000, 0x000000008e000000|100%|HC|  |TAMS 0x000000008df00000, 0x000000008df00000| Complete 
| 224|0x000000008e000000, 0x000000008e100000, 0x000000008e100000|100%|HC|  |TAMS 0x000000008e000000, 0x000000008e000000| Complete 
| 225|0x000000008e100000, 0x000000008e200000, 0x000000008e200000|100%|HC|  |TAMS 0x000000008e100000, 0x000000008e100000| Complete 
| 226|0x000000008e200000, 0x000000008e300000, 0x000000008e300000|100%|HC|  |TAMS 0x000000008e200000, 0x000000008e200000| Complete 
| 227|0x000000008e300000, 0x000000008e400000, 0x000000008e400000|100%|HC|  |TAMS 0x000000008e300000, 0x000000008e300000| Complete 
| 228|0x000000008e400000, 0x000000008e500000, 0x000000008e500000|100%|HC|  |TAMS 0x000000008e400000, 0x000000008e400000| Complete 
| 229|0x000000008e500000, 0x000000008e600000, 0x000000008e600000|100%|HC|  |TAMS 0x000000008e500000, 0x000000008e500000| Complete 
| 230|0x000000008e600000, 0x000000008e700000, 0x000000008e700000|100%|HC|  |TAMS 0x000000008e600000, 0x000000008e600000| Complete 
| 231|0x000000008e700000, 0x000000008e800000, 0x000000008e800000|100%|HC|  |TAMS 0x000000008e700000, 0x000000008e700000| Complete 
| 232|0x000000008e800000, 0x000000008e900000, 0x000000008e900000|100%|HC|  |TAMS 0x000000008e800000, 0x000000008e800000| Complete 
| 233|0x000000008e900000, 0x000000008ea00000, 0x000000008ea00000|100%|HC|  |TAMS 0x000000008e900000, 0x000000008e900000| Complete 
| 234|0x000000008ea00000, 0x000000008eb00000, 0x000000008eb00000|100%|HC|  |TAMS 0x000000008ea00000, 0x000000008ea00000| Complete 
| 235|0x000000008eb00000, 0x000000008ec00000, 0x000000008ec00000|100%|HC|  |TAMS 0x000000008eb00000, 0x000000008eb00000| Complete 
| 236|0x000000008ec00000, 0x000000008ed00000, 0x000000008ed00000|100%|HC|  |TAMS 0x000000008ec00000, 0x000000008ec00000| Complete 
| 237|0x000000008ed00000, 0x000000008ee00000, 0x000000008ee00000|100%|HC|  |TAMS 0x000000008ed00000, 0x000000008ed00000| Complete 
| 238|0x000000008ee00000, 0x000000008ef00000, 0x000000008ef00000|100%|HC|  |TAMS 0x000000008ee00000, 0x000000008ee00000| Complete 
| 239|0x000000008ef00000, 0x000000008f000000, 0x000000008f000000|100%|HC|  |TAMS 0x000000008ef00000, 0x000000008ef00000| Complete 
| 240|0x000000008f000000, 0x000000008f100000, 0x000000008f100000|100%|HC|  |TAMS 0x000000008f000000, 0x000000008f000000| Complete 
| 241|0x000000008f100000, 0x000000008f200000, 0x000000008f200000|100%|HC|  |TAMS 0x000000008f100000, 0x000000008f100000| Complete 
| 242|0x000000008f200000, 0x000000008f300000, 0x000000008f300000|100%|HC|  |TAMS 0x000000008f200000, 0x000000008f200000| Complete 
| 243|0x000000008f300000, 0x000000008f400000, 0x000000008f400000|100%|HC|  |TAMS 0x000000008f300000, 0x000000008f300000| Complete 
| 244|0x000000008f400000, 0x000000008f500000, 0x000000008f500000|100%|HC|  |TAMS 0x000000008f400000, 0x000000008f400000| Complete 
| 245|0x000000008f500000, 0x000000008f600000, 0x000000008f600000|100%|HC|  |TAMS 0x000000008f500000, 0x000000008f500000| Complete 
| 246|0x000000008f600000, 0x000000008f700000, 0x000000008f700000|100%|HC|  |TAMS 0x000000008f600000, 0x000000008f600000| Complete 
| 247|0x000000008f700000, 0x000000008f800000, 0x000000008f800000|100%|HC|  |TAMS 0x000000008f700000, 0x000000008f700000| Complete 
| 248|0x000000008f800000, 0x000000008f900000, 0x000000008f900000|100%|HC|  |TAMS 0x000000008f800000, 0x000000008f800000| Complete 
| 249|0x000000008f900000, 0x000000008fa00000, 0x000000008fa00000|100%|HC|  |TAMS 0x000000008f900000, 0x000000008f900000| Complete 
| 250|0x000000008fa00000, 0x000000008fb00000, 0x000000008fb00000|100%|HC|  |TAMS 0x000000008fa00000, 0x000000008fa00000| Complete 
| 251|0x000000008fb00000, 0x000000008fc00000, 0x000000008fc00000|100%|HC|  |TAMS 0x000000008fb00000, 0x000000008fb00000| Complete 
| 252|0x000000008fc00000, 0x000000008fd00000, 0x000000008fd00000|100%|HS|  |TAMS 0x000000008fc00000, 0x000000008fc00000| Complete 
| 253|0x000000008fd00000, 0x000000008fe00000, 0x000000008fe00000|100%|HC|  |TAMS 0x000000008fd00000, 0x000000008fd00000| Complete 
| 254|0x000000008fe00000, 0x000000008ff00000, 0x000000008ff00000|100%|HC|  |TAMS 0x000000008fe00000, 0x000000008fe00000| Complete 
| 255|0x000000008ff00000, 0x0000000090000000, 0x0000000090000000|100%|HS|  |TAMS 0x000000008ff00000, 0x000000008ff00000| Complete 
| 256|0x0000000090000000, 0x0000000090100000, 0x0000000090100000|100%| O|  |TAMS 0x0000000090000000, 0x0000000090000000| Untracked 
| 257|0x0000000090100000, 0x0000000090200000, 0x0000000090200000|100%| O|  |TAMS 0x0000000090100000, 0x0000000090100000| Untracked 
| 258|0x0000000090200000, 0x0000000090300000, 0x0000000090300000|100%| O|  |TAMS 0x0000000090200000, 0x0000000090200000| Untracked 
| 259|0x0000000090300000, 0x0000000090400000, 0x0000000090400000|100%| O|  |TAMS 0x0000000090300000, 0x0000000090300000| Untracked 
| 260|0x0000000090400000, 0x0000000090500000, 0x0000000090500000|100%| O|  |TAMS 0x0000000090400000, 0x0000000090400000| Untracked 
| 261|0x0000000090500000, 0x0000000090600000, 0x0000000090600000|100%| O|  |TAMS 0x0000000090500000, 0x0000000090500000| Untracked 
| 262|0x0000000090600000, 0x0000000090700000, 0x0000000090700000|100%|HS|  |TAMS 0x0000000090600000, 0x0000000090600000| Complete 
| 263|0x0000000090700000, 0x0000000090800000, 0x0000000090800000|100%|HC|  |TAMS 0x0000000090700000, 0x0000000090700000| Complete 
| 264|0x0000000090800000, 0x0000000090900000, 0x0000000090900000|100%|HC|  |TAMS 0x0000000090800000, 0x0000000090800000| Complete 
| 265|0x0000000090900000, 0x0000000090a00000, 0x0000000090a00000|100%| O|  |TAMS 0x0000000090900000, 0x0000000090900000| Untracked 
| 266|0x0000000090a00000, 0x0000000090b00000, 0x0000000090b00000|100%| O|  |TAMS 0x0000000090a00000, 0x0000000090a00000| Untracked 
| 267|0x0000000090b00000, 0x0000000090c00000, 0x0000000090c00000|100%| O|  |TAMS 0x0000000090b00000, 0x0000000090b00000| Untracked 
| 268|0x0000000090c00000, 0x0000000090d00000, 0x0000000090d00000|100%|HS|  |TAMS 0x0000000090c00000, 0x0000000090c00000| Complete 
| 269|0x0000000090d00000, 0x0000000090e00000, 0x0000000090e00000|100%|HC|  |TAMS 0x0000000090d00000, 0x0000000090d00000| Complete 
| 270|0x0000000090e00000, 0x0000000090f00000, 0x0000000090f00000|100%| O|  |TAMS 0x0000000090e00000, 0x0000000090e00000| Untracked 
| 271|0x0000000090f00000, 0x0000000091000000, 0x0000000091000000|100%| O|  |TAMS 0x0000000090f00000, 0x0000000090f00000| Untracked 
| 272|0x0000000091000000, 0x0000000091100000, 0x0000000091100000|100%| O|  |TAMS 0x0000000091000000, 0x0000000091000000| Untracked 
| 273|0x0000000091100000, 0x0000000091200000, 0x0000000091200000|100%|HS|  |TAMS 0x0000000091100000, 0x0000000091100000| Complete 
| 274|0x0000000091200000, 0x0000000091300000, 0x0000000091300000|100%|HC|  |TAMS 0x0000000091200000, 0x0000000091200000| Complete 
| 275|0x0000000091300000, 0x0000000091400000, 0x0000000091400000|100%| O|  |TAMS 0x0000000091300000, 0x0000000091300000| Untracked 
| 276|0x0000000091400000, 0x0000000091500000, 0x0000000091500000|100%|HS|  |TAMS 0x0000000091400000, 0x0000000091400000| Complete 
| 277|0x0000000091500000, 0x0000000091600000, 0x0000000091600000|100%| O|  |TAMS 0x0000000091500000, 0x0000000091500000| Untracked 
| 278|0x0000000091600000, 0x0000000091700000, 0x0000000091700000|100%| O|  |TAMS 0x0000000091600000, 0x0000000091600000| Untracked 
| 279|0x0000000091700000, 0x0000000091800000, 0x0000000091800000|100%| O|  |TAMS 0x0000000091700000, 0x0000000091700000| Untracked 
| 280|0x0000000091800000, 0x0000000091900000, 0x0000000091900000|100%|HS|  |TAMS 0x0000000091800000, 0x0000000091800000| Complete 
| 281|0x0000000091900000, 0x0000000091a00000, 0x0000000091a00000|100%|HC|  |TAMS 0x0000000091900000, 0x0000000091900000| Complete 
| 282|0x0000000091a00000, 0x0000000091b00000, 0x0000000091b00000|100%| O|  |TAMS 0x0000000091a00000, 0x0000000091a00000| Untracked 
| 283|0x0000000091b00000, 0x0000000091c00000, 0x0000000091c00000|100%| O|  |TAMS 0x0000000091b00000, 0x0000000091b00000| Untracked 
| 284|0x0000000091c00000, 0x0000000091d00000, 0x0000000091d00000|100%| O|  |TAMS 0x0000000091c00000, 0x0000000091c00000| Untracked 
| 285|0x0000000091d00000, 0x0000000091e00000, 0x0000000091e00000|100%|HS|  |TAMS 0x0000000091d00000, 0x0000000091d00000| Complete 
| 286|0x0000000091e00000, 0x0000000091f00000, 0x0000000091f00000|100%|HC|  |TAMS 0x0000000091e00000, 0x0000000091e00000| Complete 
| 287|0x0000000091f00000, 0x0000000092000000, 0x0000000092000000|100%| O|  |TAMS 0x0000000091f00000, 0x0000000091f00000| Untracked 
| 288|0x0000000092000000, 0x0000000092100000, 0x0000000092100000|100%| O|  |TAMS 0x0000000092000000, 0x0000000092000000| Untracked 
| 289|0x0000000092100000, 0x0000000092200000, 0x0000000092200000|100%| O|  |TAMS 0x0000000092100000, 0x0000000092100000| Untracked 
| 290|0x0000000092200000, 0x0000000092300000, 0x0000000092300000|100%| O|  |TAMS 0x0000000092200000, 0x0000000092200000| Untracked 
| 291|0x0000000092300000, 0x0000000092400000, 0x0000000092400000|100%| O|  |TAMS 0x0000000092300000, 0x0000000092300000| Untracked 
| 292|0x0000000092400000, 0x0000000092500000, 0x0000000092500000|100%| O|  |TAMS 0x0000000092400000, 0x0000000092400000| Untracked 
| 293|0x0000000092500000, 0x0000000092600000, 0x0000000092600000|100%|HS|  |TAMS 0x0000000092500000, 0x0000000092500000| Complete 
| 294|0x0000000092600000, 0x0000000092700000, 0x0000000092700000|100%|HC|  |TAMS 0x0000000092600000, 0x0000000092600000| Complete 
| 295|0x0000000092700000, 0x0000000092800000, 0x0000000092800000|100%|HC|  |TAMS 0x0000000092700000, 0x0000000092700000| Complete 
| 296|0x0000000092800000, 0x0000000092900000, 0x0000000092900000|100%| O|  |TAMS 0x0000000092800000, 0x0000000092800000| Untracked 
| 297|0x0000000092900000, 0x0000000092a00000, 0x0000000092a00000|100%|HS|  |TAMS 0x0000000092900000, 0x0000000092900000| Complete 
| 298|0x0000000092a00000, 0x0000000092b00000, 0x0000000092b00000|100%| O|  |TAMS 0x0000000092a00000, 0x0000000092a00000| Untracked 
| 299|0x0000000092b00000, 0x0000000092c00000, 0x0000000092c00000|100%| O|  |TAMS 0x0000000092b00000, 0x0000000092b00000| Untracked 
| 300|0x0000000092c00000, 0x0000000092d00000, 0x0000000092d00000|100%| O|  |TAMS 0x0000000092c00000, 0x0000000092c00000| Untracked 
| 301|0x0000000092d00000, 0x0000000092e00000, 0x0000000092e00000|100%| O|  |TAMS 0x0000000092d00000, 0x0000000092d00000| Untracked 
| 302|0x0000000092e00000, 0x0000000092f00000, 0x0000000092f00000|100%| O|  |TAMS 0x0000000092e00000, 0x0000000092e00000| Untracked 
| 303|0x0000000092f00000, 0x0000000093000000, 0x0000000093000000|100%| O|  |TAMS 0x0000000092f00000, 0x0000000092f00000| Untracked 
| 304|0x0000000093000000, 0x0000000093100000, 0x0000000093100000|100%| O|  |TAMS 0x0000000093000000, 0x0000000093000000| Untracked 
| 305|0x0000000093100000, 0x0000000093200000, 0x0000000093200000|100%| O|  |TAMS 0x0000000093100000, 0x0000000093100000| Untracked 
| 306|0x0000000093200000, 0x0000000093300000, 0x0000000093300000|100%| O|  |TAMS 0x0000000093200000, 0x0000000093200000| Untracked 
| 307|0x0000000093300000, 0x0000000093400000, 0x0000000093400000|100%| O|  |TAMS 0x0000000093300000, 0x0000000093300000| Untracked 
| 308|0x0000000093400000, 0x0000000093500000, 0x0000000093500000|100%|HS|  |TAMS 0x0000000093400000, 0x0000000093400000| Complete 
| 309|0x0000000093500000, 0x0000000093600000, 0x0000000093600000|100%|HC|  |TAMS 0x0000000093500000, 0x0000000093500000| Complete 
| 310|0x0000000093600000, 0x0000000093700000, 0x0000000093700000|100%|HC|  |TAMS 0x0000000093600000, 0x0000000093600000| Complete 
| 311|0x0000000093700000, 0x0000000093800000, 0x0000000093800000|100%|HS|  |TAMS 0x0000000093700000, 0x0000000093700000| Complete 
| 312|0x0000000093800000, 0x0000000093900000, 0x0000000093900000|100%| O|  |TAMS 0x0000000093800000, 0x0000000093800000| Untracked 
| 313|0x0000000093900000, 0x0000000093a00000, 0x0000000093a00000|100%| O|  |TAMS 0x0000000093900000, 0x0000000093900000| Untracked 
| 314|0x0000000093a00000, 0x0000000093b00000, 0x0000000093b00000|100%| O|  |TAMS 0x0000000093a00000, 0x0000000093a00000| Untracked 
| 315|0x0000000093b00000, 0x0000000093c00000, 0x0000000093c00000|100%| O|  |TAMS 0x0000000093b00000, 0x0000000093b00000| Untracked 
| 316|0x0000000093c00000, 0x0000000093d00000, 0x0000000093d00000|100%| O|  |TAMS 0x0000000093c00000, 0x0000000093c00000| Untracked 
| 317|0x0000000093d00000, 0x0000000093e00000, 0x0000000093e00000|100%| O|  |TAMS 0x0000000093d00000, 0x0000000093d00000| Untracked 
| 318|0x0000000093e00000, 0x0000000093f00000, 0x0000000093f00000|100%| O|  |TAMS 0x0000000093e00000, 0x0000000093e00000| Untracked 
| 319|0x0000000093f00000, 0x0000000094000000, 0x0000000094000000|100%| O|  |TAMS 0x0000000093f00000, 0x0000000093f00000| Untracked 
| 320|0x0000000094000000, 0x0000000094100000, 0x0000000094100000|100%| O|  |TAMS 0x0000000094000000, 0x0000000094000000| Untracked 
| 321|0x0000000094100000, 0x0000000094200000, 0x0000000094200000|100%| O|  |TAMS 0x0000000094100000, 0x0000000094100000| Untracked 
| 322|0x0000000094200000, 0x0000000094300000, 0x0000000094300000|100%| O|  |TAMS 0x0000000094200000, 0x0000000094200000| Untracked 
| 323|0x0000000094300000, 0x0000000094400000, 0x0000000094400000|100%| O|  |TAMS 0x0000000094300000, 0x0000000094300000| Untracked 
| 324|0x0000000094400000, 0x0000000094500000, 0x0000000094500000|100%| O|  |TAMS 0x0000000094400000, 0x0000000094400000| Untracked 
| 325|0x0000000094500000, 0x0000000094600000, 0x0000000094600000|100%| O|  |TAMS 0x0000000094500000, 0x0000000094500000| Untracked 
| 326|0x0000000094600000, 0x0000000094700000, 0x0000000094700000|100%| O|  |TAMS 0x0000000094600000, 0x0000000094600000| Untracked 
| 327|0x0000000094700000, 0x0000000094800000, 0x0000000094800000|100%| O|  |TAMS 0x0000000094700000, 0x0000000094700000| Untracked 
| 328|0x0000000094800000, 0x0000000094900000, 0x0000000094900000|100%| O|  |TAMS 0x0000000094800000, 0x0000000094800000| Untracked 
| 329|0x0000000094900000, 0x0000000094a00000, 0x0000000094a00000|100%| O|  |TAMS 0x0000000094900000, 0x0000000094900000| Untracked 
| 330|0x0000000094a00000, 0x0000000094b00000, 0x0000000094b00000|100%| O|  |TAMS 0x0000000094a00000, 0x0000000094a00000| Untracked 
| 331|0x0000000094b00000, 0x0000000094c00000, 0x0000000094c00000|100%| O|  |TAMS 0x0000000094b00000, 0x0000000094b00000| Untracked 
| 332|0x0000000094c00000, 0x0000000094d00000, 0x0000000094d00000|100%| O|  |TAMS 0x0000000094c00000, 0x0000000094c00000| Untracked 
| 333|0x0000000094d00000, 0x0000000094e00000, 0x0000000094e00000|100%| O|  |TAMS 0x0000000094d00000, 0x0000000094d00000| Untracked 
| 334|0x0000000094e00000, 0x0000000094f00000, 0x0000000094f00000|100%| O|  |TAMS 0x0000000094e00000, 0x0000000094e00000| Untracked 
| 335|0x0000000094f00000, 0x0000000095000000, 0x0000000095000000|100%| O|  |TAMS 0x0000000094f00000, 0x0000000094f00000| Untracked 
| 336|0x0000000095000000, 0x0000000095100000, 0x0000000095100000|100%| O|  |TAMS 0x0000000095000000, 0x0000000095000000| Untracked 
| 337|0x0000000095100000, 0x0000000095200000, 0x0000000095200000|100%| O|  |TAMS 0x0000000095100000, 0x0000000095100000| Untracked 
| 338|0x0000000095200000, 0x0000000095300000, 0x0000000095300000|100%| O|  |TAMS 0x0000000095200000, 0x0000000095200000| Untracked 
| 339|0x0000000095300000, 0x0000000095400000, 0x0000000095400000|100%| O|  |TAMS 0x0000000095300000, 0x0000000095300000| Untracked 
| 340|0x0000000095400000, 0x0000000095500000, 0x0000000095500000|100%| O|  |TAMS 0x0000000095400000, 0x0000000095400000| Untracked 
| 341|0x0000000095500000, 0x0000000095600000, 0x0000000095600000|100%| O|  |TAMS 0x0000000095500000, 0x0000000095500000| Untracked 
| 342|0x0000000095600000, 0x0000000095700000, 0x0000000095700000|100%| O|  |TAMS 0x0000000095600000, 0x0000000095600000| Untracked 
| 343|0x0000000095700000, 0x0000000095800000, 0x0000000095800000|100%| O|  |TAMS 0x0000000095700000, 0x0000000095700000| Untracked 
| 344|0x0000000095800000, 0x0000000095900000, 0x0000000095900000|100%| O|  |TAMS 0x0000000095800000, 0x0000000095800000| Untracked 
| 345|0x0000000095900000, 0x0000000095a00000, 0x0000000095a00000|100%| O|  |TAMS 0x0000000095900000, 0x0000000095900000| Untracked 
| 346|0x0000000095a00000, 0x0000000095b00000, 0x0000000095b00000|100%| O|  |TAMS 0x0000000095a00000, 0x0000000095a00000| Untracked 
| 347|0x0000000095b00000, 0x0000000095c00000, 0x0000000095c00000|100%| O|  |TAMS 0x0000000095b00000, 0x0000000095b00000| Untracked 
| 348|0x0000000095c00000, 0x0000000095d00000, 0x0000000095d00000|100%| O|  |TAMS 0x0000000095c00000, 0x0000000095c00000| Untracked 
| 349|0x0000000095d00000, 0x0000000095e00000, 0x0000000095e00000|100%| O|  |TAMS 0x0000000095d00000, 0x0000000095d00000| Untracked 
| 350|0x0000000095e00000, 0x0000000095f00000, 0x0000000095f00000|100%| O|  |TAMS 0x0000000095e00000, 0x0000000095e00000| Untracked 
| 351|0x0000000095f00000, 0x0000000096000000, 0x0000000096000000|100%| O|  |TAMS 0x0000000095f00000, 0x0000000095f00000| Untracked 
| 352|0x0000000096000000, 0x0000000096100000, 0x0000000096100000|100%| O|  |TAMS 0x0000000096000000, 0x0000000096000000| Untracked 
| 353|0x0000000096100000, 0x0000000096200000, 0x0000000096200000|100%| O|  |TAMS 0x0000000096100000, 0x0000000096100000| Untracked 
| 354|0x0000000096200000, 0x0000000096300000, 0x0000000096300000|100%| O|  |TAMS 0x0000000096200000, 0x0000000096200000| Untracked 
| 355|0x0000000096300000, 0x0000000096400000, 0x0000000096400000|100%| O|  |TAMS 0x0000000096300000, 0x0000000096300000| Untracked 
| 356|0x0000000096400000, 0x0000000096500000, 0x0000000096500000|100%| O|  |TAMS 0x0000000096400000, 0x0000000096400000| Untracked 
| 357|0x0000000096500000, 0x0000000096600000, 0x0000000096600000|100%| O|  |TAMS 0x0000000096500000, 0x0000000096500000| Untracked 
| 358|0x0000000096600000, 0x0000000096700000, 0x0000000096700000|100%| O|  |TAMS 0x0000000096600000, 0x0000000096600000| Untracked 
| 359|0x0000000096700000, 0x0000000096800000, 0x0000000096800000|100%| O|  |TAMS 0x0000000096700000, 0x0000000096700000| Untracked 
| 360|0x0000000096800000, 0x0000000096900000, 0x0000000096900000|100%| O|  |TAMS 0x0000000096800000, 0x0000000096800000| Untracked 
| 361|0x0000000096900000, 0x0000000096a00000, 0x0000000096a00000|100%| O|  |TAMS 0x0000000096900000, 0x0000000096900000| Untracked 
| 362|0x0000000096a00000, 0x0000000096b00000, 0x0000000096b00000|100%| O|  |TAMS 0x0000000096a00000, 0x0000000096a00000| Untracked 
| 363|0x0000000096b00000, 0x0000000096c00000, 0x0000000096c00000|100%| O|  |TAMS 0x0000000096b00000, 0x0000000096b00000| Untracked 
| 364|0x0000000096c00000, 0x0000000096d00000, 0x0000000096d00000|100%| O|  |TAMS 0x0000000096c00000, 0x0000000096c00000| Untracked 
| 365|0x0000000096d00000, 0x0000000096e00000, 0x0000000096e00000|100%| O|  |TAMS 0x0000000096d00000, 0x0000000096d00000| Untracked 
| 366|0x0000000096e00000, 0x0000000096f00000, 0x0000000096f00000|100%| O|  |TAMS 0x0000000096e00000, 0x0000000096e00000| Untracked 
| 367|0x0000000096f00000, 0x0000000097000000, 0x0000000097000000|100%| O|  |TAMS 0x0000000096f00000, 0x0000000096f00000| Untracked 
| 368|0x0000000097000000, 0x0000000097100000, 0x0000000097100000|100%| O|  |TAMS 0x0000000097000000, 0x0000000097000000| Untracked 
| 369|0x0000000097100000, 0x0000000097200000, 0x0000000097200000|100%| O|  |TAMS 0x0000000097100000, 0x0000000097100000| Untracked 
| 370|0x0000000097200000, 0x0000000097300000, 0x0000000097300000|100%| O|  |TAMS 0x0000000097200000, 0x0000000097200000| Untracked 
| 371|0x0000000097300000, 0x0000000097400000, 0x0000000097400000|100%| O|  |TAMS 0x0000000097300000, 0x0000000097300000| Untracked 
| 372|0x0000000097400000, 0x0000000097500000, 0x0000000097500000|100%| O|  |TAMS 0x0000000097400000, 0x0000000097400000| Untracked 
| 373|0x0000000097500000, 0x0000000097600000, 0x0000000097600000|100%| O|  |TAMS 0x0000000097500000, 0x0000000097500000| Untracked 
| 374|0x0000000097600000, 0x0000000097700000, 0x0000000097700000|100%| O|  |TAMS 0x0000000097600000, 0x0000000097600000| Untracked 
| 375|0x0000000097700000, 0x0000000097800000, 0x0000000097800000|100%| O|  |TAMS 0x0000000097700000, 0x0000000097700000| Untracked 
| 376|0x0000000097800000, 0x0000000097900000, 0x0000000097900000|100%| O|  |TAMS 0x0000000097800000, 0x0000000097800000| Untracked 
| 377|0x0000000097900000, 0x0000000097a00000, 0x0000000097a00000|100%| O|  |TAMS 0x0000000097900000, 0x0000000097900000| Untracked 
| 378|0x0000000097a00000, 0x0000000097b00000, 0x0000000097b00000|100%| O|  |TAMS 0x0000000097a00000, 0x0000000097a00000| Untracked 
| 379|0x0000000097b00000, 0x0000000097c00000, 0x0000000097c00000|100%| O|  |TAMS 0x0000000097b00000, 0x0000000097b00000| Untracked 
| 380|0x0000000097c00000, 0x0000000097d00000, 0x0000000097d00000|100%| O|  |TAMS 0x0000000097c00000, 0x0000000097c00000| Untracked 
| 381|0x0000000097d00000, 0x0000000097e00000, 0x0000000097e00000|100%| O|  |TAMS 0x0000000097d00000, 0x0000000097d00000| Untracked 
| 382|0x0000000097e00000, 0x0000000097f00000, 0x0000000097f00000|100%| O|  |TAMS 0x0000000097e00000, 0x0000000097e00000| Untracked 
| 383|0x0000000097f00000, 0x0000000098000000, 0x0000000098000000|100%| O|  |TAMS 0x0000000097f00000, 0x0000000097f00000| Untracked 
| 384|0x0000000098000000, 0x0000000098100000, 0x0000000098100000|100%| O|  |TAMS 0x0000000098000000, 0x0000000098000000| Untracked 
| 385|0x0000000098100000, 0x0000000098200000, 0x0000000098200000|100%| O|  |TAMS 0x0000000098100000, 0x0000000098100000| Untracked 
| 386|0x0000000098200000, 0x0000000098300000, 0x0000000098300000|100%| O|  |TAMS 0x0000000098200000, 0x0000000098200000| Untracked 
| 387|0x0000000098300000, 0x0000000098400000, 0x0000000098400000|100%| O|  |TAMS 0x0000000098300000, 0x0000000098300000| Untracked 
| 388|0x0000000098400000, 0x0000000098500000, 0x0000000098500000|100%| O|  |TAMS 0x0000000098400000, 0x0000000098400000| Untracked 
| 389|0x0000000098500000, 0x0000000098600000, 0x0000000098600000|100%| O|  |TAMS 0x0000000098500000, 0x0000000098500000| Untracked 
| 390|0x0000000098600000, 0x0000000098700000, 0x0000000098700000|100%| O|  |TAMS 0x0000000098600000, 0x0000000098600000| Untracked 
| 391|0x0000000098700000, 0x0000000098800000, 0x0000000098800000|100%| O|  |TAMS 0x0000000098700000, 0x0000000098700000| Untracked 
| 392|0x0000000098800000, 0x0000000098900000, 0x0000000098900000|100%| O|  |TAMS 0x0000000098800000, 0x0000000098800000| Untracked 
| 393|0x0000000098900000, 0x0000000098a00000, 0x0000000098a00000|100%| O|  |TAMS 0x0000000098900000, 0x0000000098900000| Untracked 
| 394|0x0000000098a00000, 0x0000000098b00000, 0x0000000098b00000|100%| O|  |TAMS 0x0000000098a00000, 0x0000000098a00000| Untracked 
| 395|0x0000000098b00000, 0x0000000098c00000, 0x0000000098c00000|100%| O|  |TAMS 0x0000000098b00000, 0x0000000098b00000| Untracked 
| 396|0x0000000098c00000, 0x0000000098d00000, 0x0000000098d00000|100%| O|  |TAMS 0x0000000098c00000, 0x0000000098c00000| Untracked 
| 397|0x0000000098d00000, 0x0000000098e00000, 0x0000000098e00000|100%| O|  |TAMS 0x0000000098d00000, 0x0000000098d00000| Untracked 
| 398|0x0000000098e00000, 0x0000000098e00000, 0x0000000098f00000|  0%| F|  |TAMS 0x0000000098e00000, 0x0000000098e00000| Untracked 
| 399|0x0000000098f00000, 0x0000000098f00000, 0x0000000099000000|  0%| F|  |TAMS 0x0000000098f00000, 0x0000000098f00000| Untracked 
| 400|0x0000000099000000, 0x0000000099000000, 0x0000000099100000|  0%| F|  |TAMS 0x0000000099000000, 0x0000000099000000| Untracked 
| 401|0x0000000099100000, 0x0000000099100000, 0x0000000099200000|  0%| F|  |TAMS 0x0000000099100000, 0x0000000099100000| Untracked 
| 402|0x0000000099200000, 0x0000000099200000, 0x0000000099300000|  0%| F|  |TAMS 0x0000000099200000, 0x0000000099200000| Untracked 
| 403|0x0000000099300000, 0x0000000099300000, 0x0000000099400000|  0%| F|  |TAMS 0x0000000099300000, 0x0000000099300000| Untracked 
| 404|0x0000000099400000, 0x0000000099400000, 0x0000000099500000|  0%| F|  |TAMS 0x0000000099400000, 0x0000000099400000| Untracked 
| 405|0x0000000099500000, 0x0000000099500000, 0x0000000099600000|  0%| F|  |TAMS 0x0000000099500000, 0x0000000099500000| Untracked 
| 406|0x0000000099600000, 0x0000000099600000, 0x0000000099700000|  0%| F|  |TAMS 0x0000000099600000, 0x0000000099600000| Untracked 
| 407|0x0000000099700000, 0x0000000099700000, 0x0000000099800000|  0%| F|  |TAMS 0x0000000099700000, 0x0000000099700000| Untracked 
| 408|0x0000000099800000, 0x0000000099800000, 0x0000000099900000|  0%| F|  |TAMS 0x0000000099800000, 0x0000000099800000| Untracked 
| 409|0x0000000099900000, 0x0000000099900000, 0x0000000099a00000|  0%| F|  |TAMS 0x0000000099900000, 0x0000000099900000| Untracked 
| 410|0x0000000099a00000, 0x0000000099a00000, 0x0000000099b00000|  0%| F|  |TAMS 0x0000000099a00000, 0x0000000099a00000| Untracked 
| 411|0x0000000099b00000, 0x0000000099b00000, 0x0000000099c00000|  0%| F|  |TAMS 0x0000000099b00000, 0x0000000099b00000| Untracked 
| 412|0x0000000099c00000, 0x0000000099c00000, 0x0000000099d00000|  0%| F|  |TAMS 0x0000000099c00000, 0x0000000099c00000| Untracked 
| 413|0x0000000099d00000, 0x0000000099d00000, 0x0000000099e00000|  0%| F|  |TAMS 0x0000000099d00000, 0x0000000099d00000| Untracked 
| 414|0x0000000099e00000, 0x0000000099e00000, 0x0000000099f00000|  0%| F|  |TAMS 0x0000000099e00000, 0x0000000099e00000| Untracked 
| 415|0x0000000099f00000, 0x0000000099f00000, 0x000000009a000000|  0%| F|  |TAMS 0x0000000099f00000, 0x0000000099f00000| Untracked 
| 416|0x000000009a000000, 0x000000009a000000, 0x000000009a100000|  0%| F|  |TAMS 0x000000009a000000, 0x000000009a000000| Untracked 
| 417|0x000000009a100000, 0x000000009a100000, 0x000000009a200000|  0%| F|  |TAMS 0x000000009a100000, 0x000000009a100000| Untracked 
| 418|0x000000009a200000, 0x000000009a200000, 0x000000009a300000|  0%| F|  |TAMS 0x000000009a200000, 0x000000009a200000| Untracked 
| 419|0x000000009a300000, 0x000000009a300000, 0x000000009a400000|  0%| F|  |TAMS 0x000000009a300000, 0x000000009a300000| Untracked 
| 420|0x000000009a400000, 0x000000009a400000, 0x000000009a500000|  0%| F|  |TAMS 0x000000009a400000, 0x000000009a400000| Untracked 
| 421|0x000000009a500000, 0x000000009a500000, 0x000000009a600000|  0%| F|  |TAMS 0x000000009a500000, 0x000000009a500000| Untracked 
| 422|0x000000009a600000, 0x000000009a600000, 0x000000009a700000|  0%| F|  |TAMS 0x000000009a600000, 0x000000009a600000| Untracked 
| 423|0x000000009a700000, 0x000000009a700000, 0x000000009a800000|  0%| F|  |TAMS 0x000000009a700000, 0x000000009a700000| Untracked 
| 424|0x000000009a800000, 0x000000009a800000, 0x000000009a900000|  0%| F|  |TAMS 0x000000009a800000, 0x000000009a800000| Untracked 
| 425|0x000000009a900000, 0x000000009a900000, 0x000000009aa00000|  0%| F|  |TAMS 0x000000009a900000, 0x000000009a900000| Untracked 
| 426|0x000000009aa00000, 0x000000009aa00000, 0x000000009ab00000|  0%| F|  |TAMS 0x000000009aa00000, 0x000000009aa00000| Untracked 
| 427|0x000000009ab00000, 0x000000009ab00000, 0x000000009ac00000|  0%| F|  |TAMS 0x000000009ab00000, 0x000000009ab00000| Untracked 
| 428|0x000000009ac00000, 0x000000009ac00000, 0x000000009ad00000|  0%| F|  |TAMS 0x000000009ac00000, 0x000000009ac00000| Untracked 
| 429|0x000000009ad00000, 0x000000009ad00000, 0x000000009ae00000|  0%| F|  |TAMS 0x000000009ad00000, 0x000000009ad00000| Untracked 
| 430|0x000000009ae00000, 0x000000009ae00000, 0x000000009af00000|  0%| F|  |TAMS 0x000000009ae00000, 0x000000009ae00000| Untracked 
| 431|0x000000009af00000, 0x000000009af00000, 0x000000009b000000|  0%| F|  |TAMS 0x000000009af00000, 0x000000009af00000| Untracked 
| 432|0x000000009b000000, 0x000000009b000000, 0x000000009b100000|  0%| F|  |TAMS 0x000000009b000000, 0x000000009b000000| Untracked 
| 433|0x000000009b100000, 0x000000009b100000, 0x000000009b200000|  0%| F|  |TAMS 0x000000009b100000, 0x000000009b100000| Untracked 
| 434|0x000000009b200000, 0x000000009b200000, 0x000000009b300000|  0%| F|  |TAMS 0x000000009b200000, 0x000000009b200000| Untracked 
| 435|0x000000009b300000, 0x000000009b300000, 0x000000009b400000|  0%| F|  |TAMS 0x000000009b300000, 0x000000009b300000| Untracked 
| 436|0x000000009b400000, 0x000000009b400000, 0x000000009b500000|  0%| F|  |TAMS 0x000000009b400000, 0x000000009b400000| Untracked 
| 437|0x000000009b500000, 0x000000009b500000, 0x000000009b600000|  0%| F|  |TAMS 0x000000009b500000, 0x000000009b500000| Untracked 
| 438|0x000000009b600000, 0x000000009b600000, 0x000000009b700000|  0%| F|  |TAMS 0x000000009b600000, 0x000000009b600000| Untracked 
| 439|0x000000009b700000, 0x000000009b700000, 0x000000009b800000|  0%| F|  |TAMS 0x000000009b700000, 0x000000009b700000| Untracked 
| 440|0x000000009b800000, 0x000000009b800000, 0x000000009b900000|  0%| F|  |TAMS 0x000000009b800000, 0x000000009b800000| Untracked 
| 441|0x000000009b900000, 0x000000009b900000, 0x000000009ba00000|  0%| F|  |TAMS 0x000000009b900000, 0x000000009b900000| Untracked 
| 442|0x000000009ba00000, 0x000000009ba00000, 0x000000009bb00000|  0%| F|  |TAMS 0x000000009ba00000, 0x000000009ba00000| Untracked 
| 443|0x000000009bb00000, 0x000000009bb00000, 0x000000009bc00000|  0%| F|  |TAMS 0x000000009bb00000, 0x000000009bb00000| Untracked 
| 444|0x000000009bc00000, 0x000000009bc00000, 0x000000009bd00000|  0%| F|  |TAMS 0x000000009bc00000, 0x000000009bc00000| Untracked 
| 445|0x000000009bd00000, 0x000000009bd00000, 0x000000009be00000|  0%| F|  |TAMS 0x000000009bd00000, 0x000000009bd00000| Untracked 
| 446|0x000000009be00000, 0x000000009be00000, 0x000000009bf00000|  0%| F|  |TAMS 0x000000009be00000, 0x000000009be00000| Untracked 
| 447|0x000000009bf00000, 0x000000009bf00000, 0x000000009c000000|  0%| F|  |TAMS 0x000000009bf00000, 0x000000009bf00000| Untracked 
| 448|0x000000009c000000, 0x000000009c000000, 0x000000009c100000|  0%| F|  |TAMS 0x000000009c000000, 0x000000009c000000| Untracked 
| 449|0x000000009c100000, 0x000000009c100000, 0x000000009c200000|  0%| F|  |TAMS 0x000000009c100000, 0x000000009c100000| Untracked 
| 450|0x000000009c200000, 0x000000009c200000, 0x000000009c300000|  0%| F|  |TAMS 0x000000009c200000, 0x000000009c200000| Untracked 
| 451|0x000000009c300000, 0x000000009c300000, 0x000000009c400000|  0%| F|  |TAMS 0x000000009c300000, 0x000000009c300000| Untracked 
| 452|0x000000009c400000, 0x000000009c400000, 0x000000009c500000|  0%| F|  |TAMS 0x000000009c400000, 0x000000009c400000| Untracked 
| 453|0x000000009c500000, 0x000000009c500000, 0x000000009c600000|  0%| F|  |TAMS 0x000000009c500000, 0x000000009c500000| Untracked 
| 454|0x000000009c600000, 0x000000009c600000, 0x000000009c700000|  0%| F|  |TAMS 0x000000009c600000, 0x000000009c600000| Untracked 
| 455|0x000000009c700000, 0x000000009c700000, 0x000000009c800000|  0%| F|  |TAMS 0x000000009c700000, 0x000000009c700000| Untracked 
| 456|0x000000009c800000, 0x000000009c800000, 0x000000009c900000|  0%| F|  |TAMS 0x000000009c800000, 0x000000009c800000| Untracked 
| 457|0x000000009c900000, 0x000000009c900000, 0x000000009ca00000|  0%| F|  |TAMS 0x000000009c900000, 0x000000009c900000| Untracked 
| 458|0x000000009ca00000, 0x000000009ca00000, 0x000000009cb00000|  0%| F|  |TAMS 0x000000009ca00000, 0x000000009ca00000| Untracked 
| 459|0x000000009cb00000, 0x000000009cb00000, 0x000000009cc00000|  0%| F|  |TAMS 0x000000009cb00000, 0x000000009cb00000| Untracked 
| 460|0x000000009cc00000, 0x000000009cc00000, 0x000000009cd00000|  0%| F|  |TAMS 0x000000009cc00000, 0x000000009cc00000| Untracked 
| 461|0x000000009cd00000, 0x000000009cd00000, 0x000000009ce00000|  0%| F|  |TAMS 0x000000009cd00000, 0x000000009cd00000| Untracked 
| 462|0x000000009ce00000, 0x000000009ce00000, 0x000000009cf00000|  0%| F|  |TAMS 0x000000009ce00000, 0x000000009ce00000| Untracked 
| 463|0x000000009cf00000, 0x000000009cf00000, 0x000000009d000000|  0%| F|  |TAMS 0x000000009cf00000, 0x000000009cf00000| Untracked 
| 464|0x000000009d000000, 0x000000009d000000, 0x000000009d100000|  0%| F|  |TAMS 0x000000009d000000, 0x000000009d000000| Untracked 
| 465|0x000000009d100000, 0x000000009d100000, 0x000000009d200000|  0%| F|  |TAMS 0x000000009d100000, 0x000000009d100000| Untracked 
| 466|0x000000009d200000, 0x000000009d200000, 0x000000009d300000|  0%| F|  |TAMS 0x000000009d200000, 0x000000009d200000| Untracked 
| 467|0x000000009d300000, 0x000000009d300000, 0x000000009d400000|  0%| F|  |TAMS 0x000000009d300000, 0x000000009d300000| Untracked 
| 468|0x000000009d400000, 0x000000009d400000, 0x000000009d500000|  0%| F|  |TAMS 0x000000009d400000, 0x000000009d400000| Untracked 
| 469|0x000000009d500000, 0x000000009d500000, 0x000000009d600000|  0%| F|  |TAMS 0x000000009d500000, 0x000000009d500000| Untracked 
| 470|0x000000009d600000, 0x000000009d600000, 0x000000009d700000|  0%| F|  |TAMS 0x000000009d600000, 0x000000009d600000| Untracked 
| 471|0x000000009d700000, 0x000000009d700000, 0x000000009d800000|  0%| F|  |TAMS 0x000000009d700000, 0x000000009d700000| Untracked 
| 472|0x000000009d800000, 0x000000009d800000, 0x000000009d900000|  0%| F|  |TAMS 0x000000009d800000, 0x000000009d800000| Untracked 
| 473|0x000000009d900000, 0x000000009d900000, 0x000000009da00000|  0%| F|  |TAMS 0x000000009d900000, 0x000000009d900000| Untracked 
| 474|0x000000009da00000, 0x000000009da00000, 0x000000009db00000|  0%| F|  |TAMS 0x000000009da00000, 0x000000009da00000| Untracked 
| 475|0x000000009db00000, 0x000000009db00000, 0x000000009dc00000|  0%| F|  |TAMS 0x000000009db00000, 0x000000009db00000| Untracked 
| 476|0x000000009dc00000, 0x000000009dc00000, 0x000000009dd00000|  0%| F|  |TAMS 0x000000009dc00000, 0x000000009dc00000| Untracked 
| 477|0x000000009dd00000, 0x000000009dd00000, 0x000000009de00000|  0%| F|  |TAMS 0x000000009dd00000, 0x000000009dd00000| Untracked 
| 478|0x000000009de00000, 0x000000009de00000, 0x000000009df00000|  0%| F|  |TAMS 0x000000009de00000, 0x000000009de00000| Untracked 
| 479|0x000000009df00000, 0x000000009df00000, 0x000000009e000000|  0%| F|  |TAMS 0x000000009df00000, 0x000000009df00000| Untracked 
| 480|0x000000009e000000, 0x000000009e100000, 0x000000009e100000|100%| S|CS|TAMS 0x000000009e000000, 0x000000009e000000| Complete 
| 481|0x000000009e100000, 0x000000009e200000, 0x000000009e200000|100%| S|CS|TAMS 0x000000009e100000, 0x000000009e100000| Complete 
| 482|0x000000009e200000, 0x000000009e300000, 0x000000009e300000|100%| S|CS|TAMS 0x000000009e200000, 0x000000009e200000| Complete 
| 483|0x000000009e300000, 0x000000009e400000, 0x000000009e400000|100%| S|CS|TAMS 0x000000009e300000, 0x000000009e300000| Complete 
| 484|0x000000009e400000, 0x000000009e500000, 0x000000009e500000|100%| S|CS|TAMS 0x000000009e400000, 0x000000009e400000| Complete 
| 485|0x000000009e500000, 0x000000009e600000, 0x000000009e600000|100%| S|CS|TAMS 0x000000009e500000, 0x000000009e500000| Complete 
| 486|0x000000009e600000, 0x000000009e700000, 0x000000009e700000|100%| S|CS|TAMS 0x000000009e600000, 0x000000009e600000| Complete 
| 487|0x000000009e700000, 0x000000009e800000, 0x000000009e800000|100%| S|CS|TAMS 0x000000009e700000, 0x000000009e700000| Complete 
| 488|0x000000009e800000, 0x000000009e900000, 0x000000009e900000|100%| S|CS|TAMS 0x000000009e800000, 0x000000009e800000| Complete 
| 489|0x000000009e900000, 0x000000009ea00000, 0x000000009ea00000|100%| S|CS|TAMS 0x000000009e900000, 0x000000009e900000| Complete 
| 490|0x000000009ea00000, 0x000000009ea00000, 0x000000009eb00000|  0%| F|  |TAMS 0x000000009ea00000, 0x000000009ea00000| Untracked 
| 491|0x000000009eb00000, 0x000000009eb00000, 0x000000009ec00000|  0%| F|  |TAMS 0x000000009eb00000, 0x000000009eb00000| Untracked 
| 492|0x000000009ec00000, 0x000000009ec00000, 0x000000009ed00000|  0%| F|  |TAMS 0x000000009ec00000, 0x000000009ec00000| Untracked 
| 493|0x000000009ed00000, 0x000000009ed00000, 0x000000009ee00000|  0%| F|  |TAMS 0x000000009ed00000, 0x000000009ed00000| Untracked 
| 494|0x000000009ee00000, 0x000000009ee00000, 0x000000009ef00000|  0%| F|  |TAMS 0x000000009ee00000, 0x000000009ee00000| Untracked 
| 495|0x000000009ef00000, 0x000000009ef00000, 0x000000009f000000|  0%| F|  |TAMS 0x000000009ef00000, 0x000000009ef00000| Untracked 
| 496|0x000000009f000000, 0x000000009f000000, 0x000000009f100000|  0%| F|  |TAMS 0x000000009f000000, 0x000000009f000000| Untracked 
| 497|0x000000009f100000, 0x000000009f100000, 0x000000009f200000|  0%| F|  |TAMS 0x000000009f100000, 0x000000009f100000| Untracked 
| 498|0x000000009f200000, 0x000000009f200000, 0x000000009f300000|  0%| F|  |TAMS 0x000000009f200000, 0x000000009f200000| Untracked 
| 499|0x000000009f300000, 0x000000009f300000, 0x000000009f400000|  0%| F|  |TAMS 0x000000009f300000, 0x000000009f300000| Untracked 
| 500|0x000000009f400000, 0x000000009f400000, 0x000000009f500000|  0%| F|  |TAMS 0x000000009f400000, 0x000000009f400000| Untracked 
| 501|0x000000009f500000, 0x000000009f500000, 0x000000009f600000|  0%| F|  |TAMS 0x000000009f500000, 0x000000009f500000| Untracked 
| 502|0x000000009f600000, 0x000000009f600000, 0x000000009f700000|  0%| F|  |TAMS 0x000000009f600000, 0x000000009f600000| Untracked 
| 503|0x000000009f700000, 0x000000009f700000, 0x000000009f800000|  0%| F|  |TAMS 0x000000009f700000, 0x000000009f700000| Untracked 
| 504|0x000000009f800000, 0x000000009f800000, 0x000000009f900000|  0%| F|  |TAMS 0x000000009f800000, 0x000000009f800000| Untracked 
| 505|0x000000009f900000, 0x000000009f900000, 0x000000009fa00000|  0%| F|  |TAMS 0x000000009f900000, 0x000000009f900000| Untracked 
| 506|0x000000009fa00000, 0x000000009fa00000, 0x000000009fb00000|  0%| F|  |TAMS 0x000000009fa00000, 0x000000009fa00000| Untracked 
| 507|0x000000009fb00000, 0x000000009fb00000, 0x000000009fc00000|  0%| F|  |TAMS 0x000000009fb00000, 0x000000009fb00000| Untracked 
| 508|0x000000009fc00000, 0x000000009fc00000, 0x000000009fd00000|  0%| F|  |TAMS 0x000000009fc00000, 0x000000009fc00000| Untracked 
| 509|0x000000009fd00000, 0x000000009fd00000, 0x000000009fe00000|  0%| F|  |TAMS 0x000000009fd00000, 0x000000009fd00000| Untracked 
| 510|0x000000009fe00000, 0x000000009fe00000, 0x000000009ff00000|  0%| F|  |TAMS 0x000000009fe00000, 0x000000009fe00000| Untracked 
| 511|0x000000009ff00000, 0x000000009ff00000, 0x00000000a0000000|  0%| F|  |TAMS 0x000000009ff00000, 0x000000009ff00000| Untracked 
| 512|0x00000000a0000000, 0x00000000a0000000, 0x00000000a0100000|  0%| F|  |TAMS 0x00000000a0000000, 0x00000000a0000000| Untracked 
| 513|0x00000000a0100000, 0x00000000a0100000, 0x00000000a0200000|  0%| F|  |TAMS 0x00000000a0100000, 0x00000000a0100000| Untracked 
| 514|0x00000000a0200000, 0x00000000a0200000, 0x00000000a0300000|  0%| F|  |TAMS 0x00000000a0200000, 0x00000000a0200000| Untracked 
| 515|0x00000000a0300000, 0x00000000a0300000, 0x00000000a0400000|  0%| F|  |TAMS 0x00000000a0300000, 0x00000000a0300000| Untracked 
| 516|0x00000000a0400000, 0x00000000a0400000, 0x00000000a0500000|  0%| F|  |TAMS 0x00000000a0400000, 0x00000000a0400000| Untracked 
| 517|0x00000000a0500000, 0x00000000a0500000, 0x00000000a0600000|  0%| F|  |TAMS 0x00000000a0500000, 0x00000000a0500000| Untracked 
| 518|0x00000000a0600000, 0x00000000a0600000, 0x00000000a0700000|  0%| F|  |TAMS 0x00000000a0600000, 0x00000000a0600000| Untracked 
| 519|0x00000000a0700000, 0x00000000a0700000, 0x00000000a0800000|  0%| F|  |TAMS 0x00000000a0700000, 0x00000000a0700000| Untracked 
| 520|0x00000000a0800000, 0x00000000a0800000, 0x00000000a0900000|  0%| F|  |TAMS 0x00000000a0800000, 0x00000000a0800000| Untracked 
| 521|0x00000000a0900000, 0x00000000a0900000, 0x00000000a0a00000|  0%| F|  |TAMS 0x00000000a0900000, 0x00000000a0900000| Untracked 
| 522|0x00000000a0a00000, 0x00000000a0a00000, 0x00000000a0b00000|  0%| F|  |TAMS 0x00000000a0a00000, 0x00000000a0a00000| Untracked 
| 523|0x00000000a0b00000, 0x00000000a0b00000, 0x00000000a0c00000|  0%| F|  |TAMS 0x00000000a0b00000, 0x00000000a0b00000| Untracked 
| 524|0x00000000a0c00000, 0x00000000a0c00000, 0x00000000a0d00000|  0%| F|  |TAMS 0x00000000a0c00000, 0x00000000a0c00000| Untracked 
| 525|0x00000000a0d00000, 0x00000000a0d00000, 0x00000000a0e00000|  0%| F|  |TAMS 0x00000000a0d00000, 0x00000000a0d00000| Untracked 
| 526|0x00000000a0e00000, 0x00000000a0e00000, 0x00000000a0f00000|  0%| F|  |TAMS 0x00000000a0e00000, 0x00000000a0e00000| Untracked 
| 527|0x00000000a0f00000, 0x00000000a0f00000, 0x00000000a1000000|  0%| F|  |TAMS 0x00000000a0f00000, 0x00000000a0f00000| Untracked 
| 528|0x00000000a1000000, 0x00000000a1000000, 0x00000000a1100000|  0%| F|  |TAMS 0x00000000a1000000, 0x00000000a1000000| Untracked 
| 529|0x00000000a1100000, 0x00000000a1100000, 0x00000000a1200000|  0%| F|  |TAMS 0x00000000a1100000, 0x00000000a1100000| Untracked 
| 530|0x00000000a1200000, 0x00000000a1200000, 0x00000000a1300000|  0%| F|  |TAMS 0x00000000a1200000, 0x00000000a1200000| Untracked 
| 531|0x00000000a1300000, 0x00000000a1300000, 0x00000000a1400000|  0%| F|  |TAMS 0x00000000a1300000, 0x00000000a1300000| Untracked 
| 532|0x00000000a1400000, 0x00000000a1400000, 0x00000000a1500000|  0%| F|  |TAMS 0x00000000a1400000, 0x00000000a1400000| Untracked 
| 533|0x00000000a1500000, 0x00000000a1500000, 0x00000000a1600000|  0%| F|  |TAMS 0x00000000a1500000, 0x00000000a1500000| Untracked 
| 534|0x00000000a1600000, 0x00000000a1600000, 0x00000000a1700000|  0%| F|  |TAMS 0x00000000a1600000, 0x00000000a1600000| Untracked 
| 535|0x00000000a1700000, 0x00000000a1700000, 0x00000000a1800000|  0%| F|  |TAMS 0x00000000a1700000, 0x00000000a1700000| Untracked 
| 536|0x00000000a1800000, 0x00000000a1800000, 0x00000000a1900000|  0%| F|  |TAMS 0x00000000a1800000, 0x00000000a1800000| Untracked 
| 537|0x00000000a1900000, 0x00000000a1900000, 0x00000000a1a00000|  0%| F|  |TAMS 0x00000000a1900000, 0x00000000a1900000| Untracked 
| 538|0x00000000a1a00000, 0x00000000a1a00000, 0x00000000a1b00000|  0%| F|  |TAMS 0x00000000a1a00000, 0x00000000a1a00000| Untracked 
| 539|0x00000000a1b00000, 0x00000000a1b00000, 0x00000000a1c00000|  0%| F|  |TAMS 0x00000000a1b00000, 0x00000000a1b00000| Untracked 
| 540|0x00000000a1c00000, 0x00000000a1c00000, 0x00000000a1d00000|  0%| F|  |TAMS 0x00000000a1c00000, 0x00000000a1c00000| Untracked 
| 541|0x00000000a1d00000, 0x00000000a1d00000, 0x00000000a1e00000|  0%| F|  |TAMS 0x00000000a1d00000, 0x00000000a1d00000| Untracked 
| 542|0x00000000a1e00000, 0x00000000a1e00000, 0x00000000a1f00000|  0%| F|  |TAMS 0x00000000a1e00000, 0x00000000a1e00000| Untracked 
| 543|0x00000000a1f00000, 0x00000000a1f00000, 0x00000000a2000000|  0%| F|  |TAMS 0x00000000a1f00000, 0x00000000a1f00000| Untracked 
| 544|0x00000000a2000000, 0x00000000a2000000, 0x00000000a2100000|  0%| F|  |TAMS 0x00000000a2000000, 0x00000000a2000000| Untracked 
| 545|0x00000000a2100000, 0x00000000a2100000, 0x00000000a2200000|  0%| F|  |TAMS 0x00000000a2100000, 0x00000000a2100000| Untracked 
| 546|0x00000000a2200000, 0x00000000a2200000, 0x00000000a2300000|  0%| F|  |TAMS 0x00000000a2200000, 0x00000000a2200000| Untracked 
| 547|0x00000000a2300000, 0x00000000a2300000, 0x00000000a2400000|  0%| F|  |TAMS 0x00000000a2300000, 0x00000000a2300000| Untracked 
| 548|0x00000000a2400000, 0x00000000a2400000, 0x00000000a2500000|  0%| F|  |TAMS 0x00000000a2400000, 0x00000000a2400000| Untracked 
| 549|0x00000000a2500000, 0x00000000a2500000, 0x00000000a2600000|  0%| F|  |TAMS 0x00000000a2500000, 0x00000000a2500000| Untracked 
| 550|0x00000000a2600000, 0x00000000a2600000, 0x00000000a2700000|  0%| F|  |TAMS 0x00000000a2600000, 0x00000000a2600000| Untracked 
| 551|0x00000000a2700000, 0x00000000a2700000, 0x00000000a2800000|  0%| F|  |TAMS 0x00000000a2700000, 0x00000000a2700000| Untracked 
|2045|0x00000000ffd00000, 0x00000000ffe00000, 0x00000000ffe00000|100%| O|  |TAMS 0x00000000ffe00000, 0x00000000ffd00000| Untracked 
|2046|0x00000000ffe00000, 0x00000000fff00000, 0x00000000fff00000|100%| O|  |TAMS 0x00000000fff00000, 0x00000000ffe00000| Untracked 
|2047|0x00000000fff00000, 0x0000000100000000, 0x0000000100000000|100%| O|  |TAMS 0x0000000100000000, 0x00000000fff00000| Untracked 

Card table byte_map: [0x00000145ab4f0000,0x00000145ab8f0000] _byte_map_base: 0x00000145ab0f0000

Marking Bits (Prev, Next): (CMBitMap*) 0x00000145945ca560, (CMBitMap*) 0x00000145945ca5a0
 Prev Bits: [0x00000145abcf0000, 0x00000145adcf0000)
 Next Bits: [0x00000145adcf0000, 0x00000145afcf0000)

Polling page: 0x00000145924d0000

Metaspace:

Usage:
  Non-class:     91.41 MB used.
      Class:     14.48 MB used.
       Both:    105.90 MB used.

Virtual space:
  Non-class space:      128.00 MB reserved,      91.81 MB ( 72%) committed,  2 nodes.
      Class space:      416.00 MB reserved,      14.94 MB (  4%) committed,  1 nodes.
             Both:      544.00 MB reserved,     106.75 MB ( 20%) committed. 

Chunk freelists:
   Non-Class:  4.11 MB
       Class:  928.00 KB
        Both:  5.02 MB

MaxMetaspaceSize: 512.00 MB
CompressedClassSpaceSize: 416.00 MB
Initial GC threshold: 21.00 MB
Current GC threshold: 168.38 MB
CDS: on
MetaspaceReclaimPolicy: balanced
 - commit_granule_bytes: 65536.
 - commit_granule_words: 8192.
 - virtual_space_node_default_size: 8388608.
 - enlarge_chunks_in_place: 1.
 - new_chunks_are_fully_committed: 0.
 - uncommit_free_chunks: 1.
 - use_allocation_guard: 0.
 - handle_deallocations: 1.


Internal statistics:

num_allocs_failed_limit: 6.
num_arena_births: 1328.
num_arena_deaths: 8.
num_vsnodes_births: 3.
num_vsnodes_deaths: 0.
num_space_committed: 1706.
num_space_uncommitted: 0.
num_chunks_returned_to_freelist: 16.
num_chunks_taken_from_freelist: 5863.
num_chunk_merges: 8.
num_chunk_splits: 3912.
num_chunks_enlarged: 2608.
num_inconsistent_stats: 0.

CodeHeap 'non-profiled nmethods': size=120000Kb used=8039Kb max_used=8619Kb free=111961Kb
 bounds [0x00000145a3bc0000, 0x00000145a4460000, 0x00000145ab0f0000]
CodeHeap 'profiled nmethods': size=120000Kb used=28008Kb max_used=28008Kb free=91991Kb
 bounds [0x000001459c0f0000, 0x000001459dca0000, 0x00000145a3620000]
CodeHeap 'non-nmethods': size=5760Kb used=1780Kb max_used=1834Kb free=3979Kb
 bounds [0x00000145a3620000, 0x00000145a3890000, 0x00000145a3bc0000]
 total_blobs=14856 nmethods=13993 adapters=773
 compilation: enabled
              stopped_count=0, restarted_count=0
 full_count=0

Compilation events (20 events):
Event: 26.822 Thread 0x00000145b21cb080 17049       3       com.android.tools.r8.dex.code.J0::hashCode (13 bytes)
Event: 26.822 Thread 0x00000145b21cb080 nmethod 17049 0x000001459cf79e90 code [0x000001459cf7a040, 0x000001459cf7a248]
Event: 26.876 Thread 0x00000145d4f23b30 nmethod 16798 0x00000145a4448f10 code [0x00000145a44494c0, 0x00000145a4451b70]
Event: 26.876 Thread 0x00000145d4f23b30 16950       4       com.android.tools.r8.dex.C::a (992 bytes)
Event: 26.899 Thread 0x00000145b21cb080 17054       2       com.android.tools.r8.graph.j3::a (136 bytes)
Event: 26.900 Thread 0x00000145b21cb080 nmethod 17054 0x000001459ce3ea90 code [0x000001459ce3ecc0, 0x000001459ce3f2f8]
Event: 26.936 Thread 0x00000145b21cb080 17057       2       com.android.tools.r8.internal.To::<init> (19 bytes)
Event: 26.936 Thread 0x00000145b21cb080 nmethod 17057 0x000001459ce3e610 code [0x000001459ce3e7c0, 0x000001459ce3e9b8]
Event: 26.936 Thread 0x00000145b21cb080 17058       2       com.android.tools.r8.internal.v::<init> (5 bytes)
Event: 26.936 Thread 0x00000145b21cb080 nmethod 17058 0x000001459c5e0f10 code [0x000001459c5e10a0, 0x000001459c5e1198]
Event: 26.954 Thread 0x00000145b21cb080 17061       3       com.android.tools.r8.graph.D2::a (49 bytes)
Event: 26.954 Thread 0x00000145b21cb080 nmethod 17061 0x000001459ce3db90 code [0x000001459ce3dda0, 0x000001459ce3e3c8]
Event: 26.955 Thread 0x00000145b21cb080 17062       3       com.android.tools.r8.utils.A1::b (75 bytes)
Event: 26.956 Thread 0x00000145b21cb080 nmethod 17062 0x000001459d334290 code [0x000001459d3344a0, 0x000001459d334cd8]
Event: 26.964 Thread 0x00000145b21cb080 17063       3       java.util.function.Function$$Lambda$1944/0x00000145b4ec1358::<init> (15 bytes)
Event: 26.964 Thread 0x00000145b21cb080 nmethod 17063 0x000001459ce3d490 code [0x000001459ce3d640, 0x000001459ce3d858]
Event: 26.969 Thread 0x00000145b21cb080 17064       3       com.android.tools.r8.internal.To::get (37 bytes)
Event: 26.969 Thread 0x00000145b21cb080 nmethod 17064 0x000001459d333d10 code [0x000001459d333ec0, 0x000001459d334138]
Event: 26.974 Thread 0x00000145b21cb080 17065       3       com.android.tools.r8.graph.F0$a::<init> (49 bytes)
Event: 26.975 Thread 0x00000145b21cb080 nmethod 17065 0x000001459d333810 code [0x000001459d3339c0, 0x000001459d333bb8]

GC Heap History (20 events):
Event: 15.917 GC heap after
{Heap after GC invocations=32 (full 0):
 garbage-first heap   total 164864K, used 94887K [0x0000000080000000, 0x0000000100000000)
  region size 1024K, 4 young (4096K), 4 survivors (4096K)
 Metaspace       used 88687K, committed 89408K, reserved 557056K
  class space    used 12417K, committed 12800K, reserved 425984K
}
Event: 16.858 GC heap before
{Heap before GC invocations=33 (full 0):
 garbage-first heap   total 167936K, used 135847K [0x0000000080000000, 0x0000000100000000)
  region size 1024K, 44 young (45056K), 4 survivors (4096K)
 Metaspace       used 89370K, committed 90048K, reserved 557056K
  class space    used 12460K, committed 12800K, reserved 425984K
}
Event: 16.873 GC heap after
{Heap after GC invocations=34 (full 0):
 garbage-first heap   total 167936K, used 104421K [0x0000000080000000, 0x0000000100000000)
  region size 1024K, 6 young (6144K), 6 survivors (6144K)
 Metaspace       used 89370K, committed 90048K, reserved 557056K
  class space    used 12460K, committed 12800K, reserved 425984K
}
Event: 16.922 GC heap before
{Heap before GC invocations=34 (full 0):
 garbage-first heap   total 167936K, used 106469K [0x0000000080000000, 0x0000000100000000)
  region size 1024K, 8 young (8192K), 6 survivors (6144K)
 Metaspace       used 89371K, committed 90048K, reserved 557056K
  class space    used 12460K, committed 12800K, reserved 425984K
}
Event: 16.933 GC heap after
{Heap after GC invocations=35 (full 0):
 garbage-first heap   total 364544K, used 105737K [0x0000000080000000, 0x0000000100000000)
  region size 1024K, 1 young (1024K), 1 survivors (1024K)
 Metaspace       used 89371K, committed 90048K, reserved 557056K
  class space    used 12460K, committed 12800K, reserved 425984K
}
Event: 19.913 GC heap before
{Heap before GC invocations=35 (full 0):
 garbage-first heap   total 364544K, used 270601K [0x0000000080000000, 0x0000000100000000)
  region size 1024K, 155 young (158720K), 1 survivors (1024K)
 Metaspace       used 95766K, committed 96576K, reserved 557056K
  class space    used 13041K, committed 13440K, reserved 425984K
}
Event: 19.924 GC heap after
{Heap after GC invocations=36 (full 0):
 garbage-first heap   total 364544K, used 109424K [0x0000000080000000, 0x0000000100000000)
  region size 1024K, 5 young (5120K), 5 survivors (5120K)
 Metaspace       used 95766K, committed 96576K, reserved 557056K
  class space    used 13041K, committed 13440K, reserved 425984K
}
Event: 21.895 GC heap before
{Heap before GC invocations=36 (full 0):
 garbage-first heap   total 364544K, used 275312K [0x0000000080000000, 0x0000000100000000)
  region size 1024K, 114 young (116736K), 5 survivors (5120K)
 Metaspace       used 97952K, committed 98752K, reserved 557056K
  class space    used 13281K, committed 13696K, reserved 425984K
}
Event: 21.914 GC heap after
{Heap after GC invocations=37 (full 0):
 garbage-first heap   total 364544K, used 177417K [0x0000000080000000, 0x0000000100000000)
  region size 1024K, 16 young (16384K), 16 survivors (16384K)
 Metaspace       used 97952K, committed 98752K, reserved 557056K
  class space    used 13281K, committed 13696K, reserved 425984K
}
Event: 22.841 GC heap before
{Heap before GC invocations=37 (full 0):
 garbage-first heap   total 364544K, used 260361K [0x0000000080000000, 0x0000000100000000)
  region size 1024K, 64 young (65536K), 16 survivors (16384K)
 Metaspace       used 102376K, committed 103168K, reserved 557056K
  class space    used 13889K, committed 14272K, reserved 425984K
}
Event: 22.860 GC heap after
{Heap after GC invocations=38 (full 0):
 garbage-first heap   total 364544K, used 209160K [0x0000000080000000, 0x0000000100000000)
  region size 1024K, 4 young (4096K), 4 survivors (4096K)
 Metaspace       used 102376K, committed 103168K, reserved 557056K
  class space    used 13889K, committed 14272K, reserved 425984K
}
Event: 23.802 GC heap before
{Heap before GC invocations=39 (full 0):
 garbage-first heap   total 568320K, used 408840K [0x0000000080000000, 0x0000000100000000)
  region size 1024K, 90 young (92160K), 4 survivors (4096K)
 Metaspace       used 102990K, committed 103808K, reserved 557056K
  class space    used 13967K, committed 14400K, reserved 425984K
}
Event: 23.829 GC heap after
{Heap after GC invocations=40 (full 0):
 garbage-first heap   total 568320K, used 266719K [0x0000000080000000, 0x0000000100000000)
  region size 1024K, 12 young (12288K), 12 survivors (12288K)
 Metaspace       used 102990K, committed 103808K, reserved 557056K
  class space    used 13967K, committed 14400K, reserved 425984K
}
Event: 23.971 GC heap before
{Heap before GC invocations=40 (full 0):
 garbage-first heap   total 568320K, used 281055K [0x0000000080000000, 0x0000000100000000)
  region size 1024K, 27 young (27648K), 12 survivors (12288K)
 Metaspace       used 103161K, committed 103936K, reserved 557056K
  class space    used 13990K, committed 14400K, reserved 425984K
}
Event: 23.996 GC heap after
{Heap after GC invocations=41 (full 0):
 garbage-first heap   total 568320K, used 269312K [0x0000000080000000, 0x0000000100000000)
  region size 1024K, 4 young (4096K), 4 survivors (4096K)
 Metaspace       used 103161K, committed 103936K, reserved 557056K
  class space    used 13990K, committed 14400K, reserved 425984K
}
Event: 25.739 GC heap before
{Heap before GC invocations=41 (full 0):
 garbage-first heap   total 568320K, used 442368K [0x0000000080000000, 0x0000000100000000)
  region size 1024K, 160 young (163840K), 4 survivors (4096K)
 Metaspace       used 108361K, committed 109184K, reserved 557056K
  class space    used 14832K, committed 15296K, reserved 425984K
}
Event: 25.859 GC heap after
{Heap after GC invocations=42 (full 0):
 garbage-first heap   total 568320K, used 329216K [0x0000000080000000, 0x0000000100000000)
  region size 1024K, 20 young (20480K), 20 survivors (20480K)
 Metaspace       used 108361K, committed 109184K, reserved 557056K
  class space    used 14832K, committed 15296K, reserved 425984K
}
Event: 26.492 GC heap before
{Heap before GC invocations=42 (full 0):
 garbage-first heap   total 568320K, used 438784K [0x0000000080000000, 0x0000000100000000)
  region size 1024K, 127 young (130048K), 20 survivors (20480K)
 Metaspace       used 108428K, committed 109248K, reserved 557056K
  class space    used 14832K, committed 15296K, reserved 425984K
}
Event: 26.643 GC heap after
{Heap after GC invocations=43 (full 0):
 garbage-first heap   total 568320K, used 387584K [0x0000000080000000, 0x0000000100000000)
  region size 1024K, 16 young (16384K), 16 survivors (16384K)
 Metaspace       used 108428K, committed 109248K, reserved 557056K
  class space    used 14832K, committed 15296K, reserved 425984K
}
Event: 27.009 GC heap before
{Heap before GC invocations=43 (full 0):
 garbage-first heap   total 568320K, used 450048K [0x0000000080000000, 0x0000000100000000)
  region size 1024K, 78 young (79872K), 16 survivors (16384K)
 Metaspace       used 108440K, committed 109312K, reserved 557056K
  class space    used 14832K, committed 15296K, reserved 425984K
}

Dll operation events (16 events):
Event: 0.008 Loaded shared library C:\Program Files\Eclipse Adoptium\jdk-17.0.20.8-hotspot\bin\java.dll
Event: 0.020 Loaded shared library C:\Program Files\Eclipse Adoptium\jdk-17.0.20.8-hotspot\bin\jsvml.dll
Event: 0.053 Loaded shared library C:\Program Files\Eclipse Adoptium\jdk-17.0.20.8-hotspot\bin\zip.dll
Event: 0.056 Loaded shared library C:\Program Files\Eclipse Adoptium\jdk-17.0.20.8-hotspot\bin\instrument.dll
Event: 0.060 Loaded shared library C:\Program Files\Eclipse Adoptium\jdk-17.0.20.8-hotspot\bin\net.dll
Event: 0.061 Loaded shared library C:\Program Files\Eclipse Adoptium\jdk-17.0.20.8-hotspot\bin\nio.dll
Event: 0.064 Loaded shared library C:\Program Files\Eclipse Adoptium\jdk-17.0.20.8-hotspot\bin\zip.dll
Event: 0.190 Loaded shared library C:\Program Files\Eclipse Adoptium\jdk-17.0.20.8-hotspot\bin\jimage.dll
Event: 0.243 Loaded shared library C:\Program Files\Eclipse Adoptium\jdk-17.0.20.8-hotspot\bin\verify.dll
Event: 0.356 Loaded shared library C:\Users\MAYUR\.gradle\native\c067742578af261105cb4f569cf0c3c89f3d7b1fecec35dd04571415982c5e48\windows-amd64\native-platform.dll
Event: 0.363 Loaded shared library C:\Users\MAYUR\.gradle\native\38dada09dfb8b06ba9b0570ebf7e218e3eb74d4ef43ca46872605cf95ebc2f47\windows-amd64\native-platform-file-events.dll
Event: 1.123 Loaded shared library C:\Program Files\Eclipse Adoptium\jdk-17.0.20.8-hotspot\bin\management.dll
Event: 1.126 Loaded shared library C:\Program Files\Eclipse Adoptium\jdk-17.0.20.8-hotspot\bin\management_ext.dll
Event: 1.298 Loaded shared library C:\Program Files\Eclipse Adoptium\jdk-17.0.20.8-hotspot\bin\extnet.dll
Event: 1.490 Loaded shared library C:\Program Files\Eclipse Adoptium\jdk-17.0.20.8-hotspot\bin\sunmscapi.dll
Event: 24.901 Loaded shared library C:\Users\MAYUR\AppData\Local\Temp\native-platform1216382293021892301dir\native-platform.dll

Deoptimization events (20 events):
Event: 26.978 Thread 0x00000145b27f4670 DEOPT PACKING pc=0x000001459d4be3e5 sp=0x0000004146bfeac0
Event: 26.978 Thread 0x00000145b27f4670 DEOPT UNPACKING pc=0x00000145a367ace3 sp=0x0000004146bfe068 mode 0
Event: 26.980 Thread 0x00000145b27f4b80 DEOPT PACKING pc=0x000001459d4be3e5 sp=0x0000004146afee10
Event: 26.980 Thread 0x00000145b27f4b80 DEOPT UNPACKING pc=0x00000145a367ace3 sp=0x0000004146afe3b8 mode 0
Event: 26.981 Thread 0x00000145b27f4670 DEOPT PACKING pc=0x000001459d4be3e5 sp=0x0000004146bfeac0
Event: 26.981 Thread 0x00000145b27f4670 DEOPT UNPACKING pc=0x00000145a367ace3 sp=0x0000004146bfe068 mode 0
Event: 26.984 Thread 0x00000145b27f4670 DEOPT PACKING pc=0x000001459d4be3e5 sp=0x0000004146bfeac0
Event: 26.984 Thread 0x00000145b27f4670 DEOPT UNPACKING pc=0x00000145a367ace3 sp=0x0000004146bfe068 mode 0
Event: 26.986 Thread 0x00000145b27f4670 DEOPT PACKING pc=0x000001459d4be3e5 sp=0x0000004146bfeac0
Event: 26.986 Thread 0x00000145b27f4670 DEOPT UNPACKING pc=0x00000145a367ace3 sp=0x0000004146bfe068 mode 0
Event: 26.987 Thread 0x00000145b27f4670 DEOPT PACKING pc=0x000001459d4be3e5 sp=0x0000004146bfeac0
Event: 26.987 Thread 0x00000145b27f4670 DEOPT UNPACKING pc=0x00000145a367ace3 sp=0x0000004146bfe068 mode 0
Event: 26.991 Thread 0x00000145b27f4670 DEOPT PACKING pc=0x000001459d4be3e5 sp=0x0000004146bfeac0
Event: 26.991 Thread 0x00000145b27f4670 DEOPT UNPACKING pc=0x00000145a367ace3 sp=0x0000004146bfe068 mode 0
Event: 26.992 Thread 0x00000145b27f4b80 DEOPT PACKING pc=0x000001459d4be3e5 sp=0x0000004146afee00
Event: 26.992 Thread 0x00000145b27f4b80 DEOPT UNPACKING pc=0x00000145a367ace3 sp=0x0000004146afe3a8 mode 0
Event: 26.993 Thread 0x00000145b27f4b80 DEOPT PACKING pc=0x000001459d4be3e5 sp=0x0000004146afee00
Event: 26.993 Thread 0x00000145b27f4b80 DEOPT UNPACKING pc=0x00000145a367ace3 sp=0x0000004146afe3a8 mode 0
Event: 26.997 Thread 0x00000145b27f4670 DEOPT PACKING pc=0x000001459d4be3e5 sp=0x0000004146bfeac0
Event: 26.997 Thread 0x00000145b27f4670 DEOPT UNPACKING pc=0x00000145a367ace3 sp=0x0000004146bfe068 mode 0

Classes loaded (20 events):
Event: 24.923 Loading class java/util/concurrent/Semaphore$NonfairSync
Event: 24.923 Loading class java/util/concurrent/Semaphore$Sync
Event: 24.923 Loading class java/util/concurrent/Semaphore$Sync done
Event: 24.923 Loading class java/util/concurrent/Semaphore$NonfairSync done
Event: 25.194 Loading class java/util/concurrent/ForkJoinTask$AdaptedRunnableAction
Event: 25.195 Loading class java/util/concurrent/ForkJoinTask$AdaptedRunnableAction done
Event: 25.196 Loading class java/util/concurrent/ForkJoinPool$DefaultForkJoinWorkerThreadFactory$1
Event: 25.196 Loading class java/util/concurrent/ForkJoinPool$DefaultForkJoinWorkerThreadFactory$1 done
Event: 25.230 Loading class java/lang/reflect/GenericSignatureFormatError
Event: 25.230 Loading class java/lang/reflect/GenericSignatureFormatError done
Event: 25.378 Loading class java/nio/ShortBuffer
Event: 25.380 Loading class java/nio/ShortBuffer done
Event: 25.380 Loading class java/nio/HeapShortBuffer
Event: 25.381 Loading class java/nio/HeapShortBuffer done
Event: 25.408 Loading class java/util/AbstractList$RandomAccessSubList
Event: 25.409 Loading class java/util/AbstractList$SubList
Event: 25.410 Loading class java/util/AbstractList$SubList done
Event: 25.410 Loading class java/util/AbstractList$RandomAccessSubList done
Event: 25.410 Loading class java/util/AbstractList$SubList$1
Event: 25.410 Loading class java/util/AbstractList$SubList$1 done

Classes unloaded (4 events):
Event: 16.088 Thread 0x00000145b21a3100 Unloading class 0x00000145b4c0c800 'java/lang/invoke/LambdaForm$DMH+0x00000145b4c0c800'
Event: 16.088 Thread 0x00000145b21a3100 Unloading class 0x00000145b4c0cc00 'java/lang/invoke/LambdaForm$DMH+0x00000145b4c0cc00'
Event: 16.088 Thread 0x00000145b21a3100 Unloading class 0x00000145b4c0c000 'java/lang/invoke/LambdaForm$DMH+0x00000145b4c0c000'
Event: 16.088 Thread 0x00000145b21a3100 Unloading class 0x00000145b4be0000 'java/lang/invoke/LambdaForm$DMH+0x00000145b4be0000'

Classes redefined (0 events):
No events

Internal exceptions (20 events):
Event: 22.512 Thread 0x00000145d2eeefb0 Exception <a 'sun/nio/fs/WindowsException'{0x0000000093f592e8}> (0x0000000093f592e8) 
thrown [s\src\hotspot\share\prims\jni.cpp, line 516]
Event: 22.526 Thread 0x00000145d2eeefb0 Exception <a 'sun/nio/fs/WindowsException'{0x0000000093e1e730}> (0x0000000093e1e730) 
thrown [s\src\hotspot\share\prims\jni.cpp, line 516]
Event: 22.526 Thread 0x00000145d2eeefb0 Exception <a 'sun/nio/fs/WindowsException'{0x0000000093e1f890}> (0x0000000093e1f890) 
thrown [s\src\hotspot\share\prims\jni.cpp, line 516]
Event: 22.526 Thread 0x00000145d2eeefb0 Exception <a 'sun/nio/fs/WindowsException'{0x0000000093e1fa10}> (0x0000000093e1fa10) 
thrown [s\src\hotspot\share\prims\jni.cpp, line 516]
Event: 22.789 Thread 0x00000145d6ea9fa0 Exception <a 'java/lang/NoSuchMethodError'{0x000000009333bd68}: 'java.lang.Object java.lang.invoke.DirectMethodHandle$Holder.invokeStaticInit(java.lang.Object, java.lang.Object, java.lang.Object, java.lang.Object, java.lang.Object, java.lang.Object, java.lang.Object, java.lang.Object, java.lang.Object, java.lang.Object, java.lang.Object, java.lang.Object, java.lang.Object, java.lang.Object, java.lang.Object, java.lang.Object, java.lang.Object, java.lang.Object, java.lang.Object, java.lang.Object, int, java
Event: 23.407 Thread 0x00000145b27f3230 Implicit null exception at 0x00000145a3ebd723 to 0x00000145a3ebd8e8
Event: 23.472 Thread 0x00000145d6eabe00 Exception <a 'sun/nio/fs/WindowsException'{0x00000000a0428380}> (0x00000000a0428380) 
thrown [s\src\hotspot\share\prims\jni.cpp, line 516]
Event: 23.475 Thread 0x00000145d6eabe00 Exception <a 'sun/nio/fs/WindowsException'{0x00000000a04ccdb0}> (0x00000000a04ccdb0) 
thrown [s\src\hotspot\share\prims\jni.cpp, line 516]
Event: 24.719 Thread 0x00000145d2eef4c0 Exception <a 'java/lang/NoSuchMethodError'{0x000000009d280610}: static [Ljava/lang/String;.<clinit>()V> (0x000000009d280610) 
thrown [s\src\hotspot\share\prims\jni.cpp, line 1112]
Event: 24.725 Thread 0x00000145d2eef4c0 Exception <a 'java/lang/NoSuchMethodError'{0x000000009d1bb4c0}: static Lorg/jetbrains/kotlin/incremental/ChangedFiles$Unknown;.<clinit>()V> (0x000000009d1bb4c0) 
thrown [s\src\hotspot\share\prims\jni.cpp, line 1112]
Event: 24.728 Thread 0x00000145d2eef4c0 Exception <a 'java/lang/NoSuchMethodError'{0x000000009d1ed498}: static Lorg/jetbrains/kotlin/incremental/ClasspathChanges$ClasspathSnapshotEnabled$NotAvailableForNonIncrementalRun;.<clinit>()V> (0x000000009d1ed498) 
thrown [s\src\hotspot\share\prims\jni.cpp, line 1112]
Event: 24.728 Thread 0x00000145d2eef4c0 Exception <a 'java/lang/NoSuchMethodError'{0x000000009d1ef4d0}: static Lorg/jetbrains/kotlin/incremental/ClasspathChanges$ClasspathSnapshotEnabled;.<clinit>()V> (0x000000009d1ef4d0) 
thrown [s\src\hotspot\share\prims\jni.cpp, line 1112]
Event: 24.728 Thread 0x00000145d2eef4c0 Exception <a 'java/lang/NoSuchMethodError'{0x000000009d1f1368}: static Lorg/jetbrains/kotlin/incremental/ClasspathChanges;.<clinit>()V> (0x000000009d1f1368) 
thrown [s\src\hotspot\share\prims\jni.cpp, line 1112]
Event: 25.265 Thread 0x00000145b27f5fc0 Exception <a 'java/lang/IncompatibleClassChangeError'{0x000000009aa5f118}: Found class java.lang.Object, but interface was expected> (0x000000009aa5f118) 
thrown [s\src\hotspot\share\interpreter\linkResolver.cpp, line 826]
Event: 25.402 Thread 0x00000145b27f4b80 Exception <a 'java/lang/NoSuchMethodError'{0x000000009a3c02f8}: 'long java.lang.invoke.DirectMethodHandle$Holder.invokeStatic(java.lang.Object, java.lang.Object, java.lang.Object)'> (0x000000009a3c02f8) 
thrown [s\src\hotspot\share\interpreter\linkResolver.cpp, line 759]
Event: 25.403 Thread 0x00000145b27f4670 Exception <a 'java/lang/NoSuchMethodError'{0x000000009a33b8c8}: 'long java.lang.invoke.DirectMethodHandle$Holder.invokeStatic(java.lang.Object, java.lang.Object, java.lang.Object)'> (0x000000009a33b8c8) 
thrown [s\src\hotspot\share\interpreter\linkResolver.cpp, line 759]
Event: 25.404 Thread 0x00000145b27f69e0 Exception <a 'java/lang/IncompatibleClassChangeError'{0x000000009a3d9d10}: Found class java.lang.Object, but interface was expected> (0x000000009a3d9d10) 
thrown [s\src\hotspot\share\interpreter\linkResolver.cpp, line 826]
Event: 25.404 Thread 0x00000145b27f5fc0 Exception <a 'java/lang/IncompatibleClassChangeError'{0x000000009a4c92d8}: Found class java.lang.Object, but interface was expected> (0x000000009a4c92d8) 
thrown [s\src\hotspot\share\interpreter\linkResolver.cpp, line 826]
Event: 25.405 Thread 0x00000145b27f69e0 Exception <a 'java/lang/IncompatibleClassChangeError'{0x000000009a3dddd8}: Found class java.lang.Object, but interface was expected> (0x000000009a3dddd8) 
thrown [s\src\hotspot\share\interpreter\linkResolver.cpp, line 826]
Event: 25.405 Thread 0x00000145b27f5fc0 Exception <a 'java/lang/IncompatibleClassChangeError'{0x000000009a3f6f88}: Found class java.lang.Object, but interface was expected> (0x000000009a3f6f88) 
thrown [s\src\hotspot\share\interpreter\linkResolver.cpp, line 826]

VM Operations (20 events):
Event: 23.194 Executing VM operation: G1PauseCleanup done
Event: 23.702 Executing VM operation: ICBufferFull
Event: 23.702 Executing VM operation: ICBufferFull done
Event: 23.802 Executing VM operation: G1CollectForAllocation
Event: 23.829 Executing VM operation: G1CollectForAllocation done
Event: 23.970 Executing VM operation: G1CollectForAllocation
Event: 23.996 Executing VM operation: G1CollectForAllocation done
Event: 24.306 Executing VM operation: HandshakeAllThreads
Event: 24.309 Executing VM operation: HandshakeAllThreads done
Event: 24.626 Executing VM operation: HandshakeAllThreads
Event: 24.626 Executing VM operation: HandshakeAllThreads done
Event: 24.750 Executing VM operation: ICBufferFull
Event: 24.751 Executing VM operation: ICBufferFull done
Event: 25.092 Executing VM operation: HandshakeAllThreads
Event: 25.096 Executing VM operation: HandshakeAllThreads done
Event: 25.738 Executing VM operation: G1CollectForAllocation
Event: 25.859 Executing VM operation: G1CollectForAllocation done
Event: 26.491 Executing VM operation: G1CollectForAllocation
Event: 26.643 Executing VM operation: G1CollectForAllocation done
Event: 26.997 Executing VM operation: G1CollectForAllocation

Memory protections (0 events):
No events

Nmethod flushes (20 events):
Event: 25.120 Thread 0x00000145b21cb990 flushing  nmethod 0x000001459da2c790
Event: 25.120 Thread 0x00000145b21cb990 flushing  nmethod 0x000001459da2d010
Event: 25.120 Thread 0x00000145b21cb990 flushing osr nmethod 0x000001459da2db10
Event: 25.120 Thread 0x00000145b21cb990 flushing  nmethod 0x000001459da43890
Event: 25.120 Thread 0x00000145b21cb990 flushing  nmethod 0x000001459da44a90
Event: 25.120 Thread 0x00000145b21cb990 flushing  nmethod 0x000001459da48b10
Event: 25.120 Thread 0x00000145b21cb990 flushing  nmethod 0x000001459da49810
Event: 25.120 Thread 0x00000145b21cb990 flushing  nmethod 0x000001459da4a490
Event: 25.120 Thread 0x00000145b21cb990 flushing  nmethod 0x000001459da4bd10
Event: 25.120 Thread 0x00000145b21cb990 flushing  nmethod 0x000001459da4cb90
Event: 25.120 Thread 0x00000145b21cb990 flushing  nmethod 0x000001459da4f210
Event: 25.120 Thread 0x00000145b21cb990 flushing  nmethod 0x000001459da50490
Event: 25.120 Thread 0x00000145b21cb990 flushing  nmethod 0x000001459da50e10
Event: 25.120 Thread 0x00000145b21cb990 flushing  nmethod 0x000001459da51310
Event: 25.120 Thread 0x00000145b21cb990 flushing  nmethod 0x000001459da68110
Event: 25.120 Thread 0x00000145b21cb990 flushing  nmethod 0x000001459da7e910
Event: 25.120 Thread 0x00000145b21cb990 flushing  nmethod 0x000001459da85d90
Event: 25.121 Thread 0x00000145b21cb990 flushing  nmethod 0x000001459da8f110
Event: 25.121 Thread 0x00000145b21cb990 flushing  nmethod 0x000001459da96190
Event: 25.121 Thread 0x00000145b21cb990 flushing  nmethod 0x000001459db09e10

Events (20 events):
Event: 21.661 Thread 0x00000145d2ef0900 Thread added: 0x00000145b27f18e0
Event: 21.774 Thread 0x00000145d2ef0900 Thread added: 0x00000145b27f2300
Event: 21.774 Thread 0x00000145d2ef0900 Thread added: 0x00000145b27f2810
Event: 21.775 Thread 0x00000145d2ef0900 Thread added: 0x00000145b27f2d20
Event: 22.467 Thread 0x00000145d6eabe00 Thread added: 0x00000145b27ef570
Event: 22.506 Thread 0x00000145d6eabe00 Thread added: 0x00000145b27f3230
Event: 22.506 Thread 0x00000145d6eabe00 Thread added: 0x00000145b27efa80
Event: 23.630 Thread 0x00000145d2eef4c0 Thread added: 0x00000145b27f3740
Event: 23.630 Thread 0x00000145d2eef4c0 Thread added: 0x00000145b27eff90
Event: 23.631 Thread 0x00000145d2eef4c0 Thread added: 0x00000145b27f3c50
Event: 23.718 Thread 0x00000145d2eef4c0 Thread added: 0x00000145b27f04a0
Event: 23.719 Thread 0x00000145d2eef4c0 Thread added: 0x00000145b27f5ab0
Event: 24.437 Thread 0x00000145d6ea9a90 Thread exited: 0x00000145d6ea9a90
Event: 24.927 Thread 0x00000145dc8454b0 Thread added: 0x00000145b27f4160
Event: 25.196 Thread 0x00000145d6ea9fa0 Thread added: 0x00000145b27f5fc0
Event: 25.200 Thread 0x00000145b27f5fc0 Thread added: 0x00000145b27f69e0
Event: 25.204 Thread 0x00000145b27f69e0 Thread added: 0x00000145b27f4b80
Event: 25.206 Thread 0x00000145b27f4b80 Thread added: 0x00000145b27f4670
Event: 25.907 Thread 0x00000145b27f4160 Thread exited: 0x00000145b27f4160
Event: 26.047 Thread 0x00000145dc8454b0 Thread added: 0x00000145dc843650


Dynamic libraries:
0x00007ff6ad3b0000 - 0x00007ff6ad3be000 	C:\Program Files\Eclipse Adoptium\jdk-17.0.20.8-hotspot\bin\java.exe
0x00007ff96a7c0000 - 0x00007ff96aa26000 	C:\WINDOWS\SYSTEM32\ntdll.dll
0x00007ff9693d0000 - 0x00007ff969499000 	C:\WINDOWS\System32\KERNEL32.DLL
0x00007ff967c20000 - 0x00007ff96801f000 	C:\WINDOWS\System32\KERNELBASE.dll
0x00007ff968390000 - 0x00007ff9684dc000 	C:\WINDOWS\System32\ucrtbase.dll
0x00007ff902270000 - 0x00007ff902288000 	C:\Program Files\Eclipse Adoptium\jdk-17.0.20.8-hotspot\bin\jli.dll
0x00007ff903090000 - 0x00007ff9030ae000 	C:\Program Files\Eclipse Adoptium\jdk-17.0.20.8-hotspot\bin\VCRUNTIME140.dll
0x00007ff969600000 - 0x00007ff9697c6000 	C:\WINDOWS\System32\USER32.dll
0x00007ff954a00000 - 0x00007ff954c91000 	C:\WINDOWS\WinSxS\amd64_microsoft.windows.common-controls_6595b64144ccf1df_6.0.26100.8972_none_3e0da176e32f9d4b\COMCTL32.dll
0x00007ff9680e0000 - 0x00007ff968107000 	C:\WINDOWS\System32\win32u.dll
0x00007ff969b40000 - 0x00007ff969be9000 	C:\WINDOWS\System32\msvcrt.dll
0x00007ff968520000 - 0x00007ff96854b000 	C:\WINDOWS\System32\GDI32.dll
0x00007ff9681a0000 - 0x00007ff9682c9000 	C:\WINDOWS\System32\gdi32full.dll
0x00007ff968030000 - 0x00007ff9680d3000 	C:\WINDOWS\System32\msvcp_win.dll
0x00007ff969240000 - 0x00007ff969272000 	C:\WINDOWS\System32\IMM32.DLL
0x00007ff9538b0000 - 0x00007ff9538bc000 	C:\Program Files\Eclipse Adoptium\jdk-17.0.20.8-hotspot\bin\vcruntime140_1.dll
0x00007ff8ffea0000 - 0x00007ff8fff2d000 	C:\Program Files\Eclipse Adoptium\jdk-17.0.20.8-hotspot\bin\msvcp140.dll
0x00007ff8aaf20000 - 0x00007ff8abb8c000 	C:\Program Files\Eclipse Adoptium\jdk-17.0.20.8-hotspot\bin\server\jvm.dll
0x00007ff969dc0000 - 0x00007ff969e7c000 	C:\WINDOWS\System32\ADVAPI32.dll
0x00007ff9694a0000 - 0x00007ff96954a000 	C:\WINDOWS\System32\sechost.dll
0x00007ff969a20000 - 0x00007ff969b38000 	C:\WINDOWS\System32\RPCRT4.dll
0x00007ff9692c0000 - 0x00007ff969342000 	C:\WINDOWS\System32\WS2_32.dll
0x00007ff966e60000 - 0x00007ff966ebe000 	C:\WINDOWS\SYSTEM32\POWRPROF.dll
0x00007ff950f80000 - 0x00007ff950fb6000 	C:\WINDOWS\SYSTEM32\WINMM.dll
0x00007ff957e60000 - 0x00007ff957e6b000 	C:\WINDOWS\SYSTEM32\VERSION.dll
0x00007ff966df0000 - 0x00007ff966e05000 	C:\WINDOWS\SYSTEM32\UMPDC.dll
0x00007ff9666b0000 - 0x00007ff9666cb000 	C:\WINDOWS\SYSTEM32\kernel.appcore.dll
0x00007ff94c4d0000 - 0x00007ff94c4da000 	C:\Program Files\Eclipse Adoptium\jdk-17.0.20.8-hotspot\bin\jimage.dll
0x00007ff964e10000 - 0x00007ff965052000 	C:\WINDOWS\SYSTEM32\DBGHELP.DLL
0x00007ff968eb0000 - 0x00007ff969235000 	C:\WINDOWS\System32\combase.dll
0x00007ff968cd0000 - 0x00007ff968da9000 	C:\WINDOWS\System32\OLEAUT32.dll
0x00007ff945ae0000 - 0x00007ff945b1b000 	C:\WINDOWS\SYSTEM32\dbgcore.DLL
0x00007ff9682d0000 - 0x00007ff96837c000 	C:\WINDOWS\System32\bcryptPrimitives.dll
0x00007ff9285d0000 - 0x00007ff9285de000 	C:\Program Files\Eclipse Adoptium\jdk-17.0.20.8-hotspot\bin\instrument.dll
0x00007ff8ffe70000 - 0x00007ff8ffe95000 	C:\Program Files\Eclipse Adoptium\jdk-17.0.20.8-hotspot\bin\java.dll
0x00007ff8fcbc0000 - 0x00007ff8fcc97000 	C:\Program Files\Eclipse Adoptium\jdk-17.0.20.8-hotspot\bin\jsvml.dll
0x00007ff969f90000 - 0x00007ff96a718000 	C:\WINDOWS\System32\SHELL32.dll
0x00007ff965460000 - 0x00007ff965cfb000 	C:\WINDOWS\SYSTEM32\windows.storage.dll
0x00007ff969e90000 - 0x00007ff969f89000 	C:\WINDOWS\System32\SHCORE.dll
0x00007ff9699b0000 - 0x00007ff969a16000 	C:\WINDOWS\System32\shlwapi.dll
0x00007ff9678f0000 - 0x00007ff967919000 	C:\WINDOWS\SYSTEM32\profapi.dll
0x00007ff9009c0000 - 0x00007ff9009d8000 	C:\Program Files\Eclipse Adoptium\jdk-17.0.20.8-hotspot\bin\zip.dll
0x00007ff9021d0000 - 0x00007ff9021ea000 	C:\Program Files\Eclipse Adoptium\jdk-17.0.20.8-hotspot\bin\net.dll
0x00007ff95b560000 - 0x00007ff95b688000 	C:\WINDOWS\SYSTEM32\WINHTTP.dll
0x00007ff966ce0000 - 0x00007ff966d4c000 	C:\WINDOWS\system32\mswsock.dll
0x00007ff901020000 - 0x00007ff901036000 	C:\Program Files\Eclipse Adoptium\jdk-17.0.20.8-hotspot\bin\nio.dll
0x00007ff94be00000 - 0x00007ff94be10000 	C:\Program Files\Eclipse Adoptium\jdk-17.0.20.8-hotspot\bin\verify.dll
0x00007ff8ec940000 - 0x00007ff8ec967000 	C:\Users\MAYUR\.gradle\native\c067742578af261105cb4f569cf0c3c89f3d7b1fecec35dd04571415982c5e48\windows-amd64\native-platform.dll
0x00007ff8a5a50000 - 0x00007ff8a5b94000 	C:\Users\MAYUR\.gradle\native\38dada09dfb8b06ba9b0570ebf7e218e3eb74d4ef43ca46872605cf95ebc2f47\windows-amd64\native-platform-file-events.dll
0x00007ff93bac0000 - 0x00007ff93baca000 	C:\Program Files\Eclipse Adoptium\jdk-17.0.20.8-hotspot\bin\management.dll
0x00007ff934100000 - 0x00007ff93410c000 	C:\Program Files\Eclipse Adoptium\jdk-17.0.20.8-hotspot\bin\management_ext.dll
0x00007ff969bf0000 - 0x00007ff969bf8000 	C:\WINDOWS\System32\PSAPI.DLL
0x00007ff967080000 - 0x00007ff96709b000 	C:\WINDOWS\SYSTEM32\CRYPTSP.dll
0x00007ff966610000 - 0x00007ff966649000 	C:\WINDOWS\system32\rsaenh.dll
0x00007ff966db0000 - 0x00007ff966de2000 	C:\WINDOWS\SYSTEM32\USERENV.dll
0x00007ff9678c0000 - 0x00007ff9678ea000 	C:\WINDOWS\SYSTEM32\bcrypt.dll
0x00007ff9670a0000 - 0x00007ff9670ac000 	C:\WINDOWS\SYSTEM32\CRYPTBASE.dll
0x00007ff966120000 - 0x00007ff966153000 	C:\WINDOWS\SYSTEM32\IPHLPAPI.DLL
0x00007ff969280000 - 0x00007ff96928a000 	C:\WINDOWS\System32\NSI.dll
0x00007ff95b6c0000 - 0x00007ff95b6dd000 	C:\WINDOWS\SYSTEM32\dhcpcsvc6.DLL
0x00007ff95b690000 - 0x00007ff95b6b5000 	C:\WINDOWS\SYSTEM32\dhcpcsvc.DLL
0x00007ff966200000 - 0x00007ff966358000 	C:\WINDOWS\SYSTEM32\DNSAPI.dll
0x00007ff966ac0000 - 0x00007ff966acd000 	C:\WINDOWS\SYSTEM32\DSPARSE.dll
0x00007ff9331f0000 - 0x00007ff9331f9000 	C:\Program Files\Eclipse Adoptium\jdk-17.0.20.8-hotspot\bin\extnet.dll
0x00007ff9285c0000 - 0x00007ff9285ce000 	C:\Program Files\Eclipse Adoptium\jdk-17.0.20.8-hotspot\bin\sunmscapi.dll
0x00007ff967a90000 - 0x00007ff967c0e000 	C:\WINDOWS\System32\CRYPT32.dll
0x00007ff9672c0000 - 0x00007ff9672f0000 	C:\WINDOWS\SYSTEM32\ncrypt.dll
0x00007ff967270000 - 0x00007ff9672af000 	C:\WINDOWS\SYSTEM32\NTASN1.dll
0x00007ff9544a0000 - 0x00007ff9544a8000 	C:\WINDOWS\system32\wshunix.dll
0x00007ff8ec280000 - 0x00007ff8ec298000 	C:\WINDOWS\system32\napinsp.dll
0x00007ff8ec2d0000 - 0x00007ff8ec2e3000 	C:\WINDOWS\System32\winrnr.dll
0x00007ff8ec2a0000 - 0x00007ff8ec2c2000 	C:\WINDOWS\system32\nlansp_c.dll
0x00007ff93ae60000 - 0x00007ff93ae76000 	C:\WINDOWS\system32\wshbth.dll
0x00007ff959080000 - 0x00007ff95908b000 	C:\Windows\System32\rasadhlp.dll
0x00007ff95f180000 - 0x00007ff95f206000 	C:\WINDOWS\System32\fwpuclnt.dll
0x00007ff966850000 - 0x00007ff966886000 	C:\WINDOWS\SYSTEM32\ntmarta.dll
0x00007ff901250000 - 0x00007ff90126e000 	C:\Users\MAYUR\AppData\Local\Temp\native-platform1216382293021892301dir\native-platform.dll

dbghelp: loaded successfully - version: 4.0.5 - missing functions: none
symbol engine: initialized successfully - sym options: 0x614 - pdb path: .;C:\Program Files\Eclipse Adoptium\jdk-17.0.20.8-hotspot\bin;C:\WINDOWS\SYSTEM32;C:\WINDOWS\WinSxS\amd64_microsoft.windows.common-controls_6595b64144ccf1df_6.0.26100.8972_none_3e0da176e32f9d4b;C:\Program Files\Eclipse Adoptium\jdk-17.0.20.8-hotspot\bin\server;C:\Users\MAYUR\.gradle\native\c067742578af261105cb4f569cf0c3c89f3d7b1fecec35dd04571415982c5e48\windows-amd64;C:\Users\MAYUR\.gradle\native\38dada09dfb8b06ba9b0570ebf7e218e3eb74d4ef43ca46872605cf95ebc2f47\windows-amd64;C:\Users\MAYUR\AppData\Local\Temp\native-platform1216382293021892301dir

VM Arguments:
jvm_args: -XX:MaxMetaspaceSize=512m -XX:+UseG1GC --add-opens=java.base/java.util=ALL-UNNAMED --add-opens=java.base/java.lang=ALL-UNNAMED --add-opens=java.base/java.lang.invoke=ALL-UNNAMED --add-opens=java.prefs/java.util.prefs=ALL-UNNAMED --add-opens=java.base/java.nio.charset=ALL-UNNAMED --add-opens=java.base/java.net=ALL-UNNAMED --add-opens=java.base/java.util.concurrent.atomic=ALL-UNNAMED -Xmx2048m -Dfile.encoding=windows-1252 -Duser.country=IN -Duser.language=en -Duser.variant -javaagent:C:\Users\MAYUR\.gradle\wrapper\dists\gradle-8.4-bin\1w5dpkrfk8irigvoxmyhowfim\gradle-8.4\lib\agents\gradle-instrumentation-agent-8.4.jar 
java_command: org.gradle.launcher.daemon.bootstrap.GradleDaemon 8.4
java_class_path (initial): C:\Users\MAYUR\.gradle\wrapper\dists\gradle-8.4-bin\1w5dpkrfk8irigvoxmyhowfim\gradle-8.4\lib\gradle-launcher-8.4.jar
Launcher Type: SUN_STANDARD

[Global flags]
     intx CICompilerCount                          = 3                                         {product} {ergonomic}
   size_t CompressedClassSpaceSize                 = 436207616                                 {product} {ergonomic}
     uint ConcGCThreads                            = 1                                         {product} {ergonomic}
     uint G1ConcRefinementThreads                  = 4                                         {product} {ergonomic}
   size_t G1HeapRegionSize                         = 1048576                                   {product} {ergonomic}
    uintx GCDrainStackTargetSize                   = 64                                        {product} {ergonomic}
   size_t InitialHeapSize                          = 130023424                                 {product} {ergonomic}
   size_t MarkStackSize                            = 4194304                                   {product} {ergonomic}
   size_t MaxHeapSize                              = 2147483648                                {product} {command line}
   size_t MaxMetaspaceSize                         = 536870912                                 {product} {command line}
   size_t MaxNewSize                               = 1287651328                                {product} {ergonomic}
   size_t MinHeapDeltaBytes                        = 1048576                                   {product} {ergonomic}
   size_t MinHeapSize                              = 8388608                                   {product} {ergonomic}
    uintx NonNMethodCodeHeapSize                   = 5832780                                {pd product} {ergonomic}
    uintx NonProfiledCodeHeapSize                  = 122912730                              {pd product} {ergonomic}
    uintx ProfiledCodeHeapSize                     = 122912730                              {pd product} {ergonomic}
    uintx ReservedCodeCacheSize                    = 251658240                              {pd product} {ergonomic}
     bool SegmentedCodeCache                       = true                                      {product} {ergonomic}
   size_t SoftMaxHeapSize                          = 2147483648                             {manageable} {ergonomic}
     bool UseCompressedClassPointers               = true                           {product lp64_product} {ergonomic}
     bool UseCompressedOops                        = true                           {product lp64_product} {ergonomic}
     bool UseG1GC                                  = true                                      {product} {command line}
     bool UseLargePagesIndividualAllocation        = false                                  {pd product} {ergonomic}

Logging:
Log output configuration:
 #0: stdout all=warning uptime,level,tags
 #1: stderr all=off uptime,level,tags

Environment Variables:
CLASSPATH=C:\Users\MAYUR\Downloads\SMR _S\apps\android\\gradle\wrapper\gradle-wrapper.jar
PATH=C:\Program Files\Eclipse Adoptium\jdk-17.0.20.8-hotspot\bin;C:\WINDOWS\system32;C:\WINDOWS;C:\WINDOWS\System32\Wbem;C:\WINDOWS\System32\WindowsPowerShell\v1.0\;C:\WINDOWS\System32\OpenSSH\;C:\Program Files\Microsoft SQL Server\170\Tools\Binn\;C:\Program Files\nodejs\;C:\Program Files\Git\cmd;C:\Program Files\GitHub CLI\;C:\Users\MAYUR\.cargo\bin;C:\Users\MAYUR\AppData\Local\Programs\Python\Launcher\;C:\Users\MAYUR\AppData\Local\Microsoft\WindowsApps;C:\Users\MAYUR\AppData\Local\GitHubDesktop\bin;C:\Users\MAYUR\AppData\Local\Programs\Microsoft VS Code\bin;C:\Users\MAYUR\AppData\Roaming\npm;C:\Users\MAYUR\AppData\Local\Programs\Kiro\bin
USERNAME=MAYUR
OS=Windows_NT
PROCESSOR_IDENTIFIER=Intel64 Family 6 Model 140 Stepping 2, GenuineIntel
TMP=C:\Users\MAYUR\AppData\Local\Temp
TEMP=C:\Users\MAYUR\AppData\Local\Temp



Periodic native trim disabled


---------------  S Y S T E M  ---------------

OS:
 Windows 11 , 64 bit Build 26100 (10.0.26100.9168)
OS uptime: 0 days 1:45 hours
Hyper-V role detected

CPU: total 4 (initial active 4) (2 cores per cpu, 2 threads per core) family 6 model 140 stepping 2 microcode 0x16, cx8, cmov, fxsr, ht, mmx, 3dnowpref, sse, sse2, sse3, ssse3, sse4.1, sse4.2, popcnt, lzcnt, tsc, tscinvbit, avx, avx2, aes, erms, clmul, bmi1, bmi2, adx, avx512f, avx512dq, avx512cd, avx512bw, avx512vl, sha, fma, vzeroupper, avx512_vpopcntdq, avx512_vpclmulqdq, avx512_vaes, avx512_vnni, clflush, clflushopt, clwb, avx512_vbmi2, avx512_vbmi, hv
Processor Information for all 4 processors :
  Max Mhz: 2995, Current Mhz: 2995, Mhz Limit: 2995

Memory: 4k page, system-wide physical 7934M (429M free)
TotalPageFile size 13934M (AvailPageFile size 55M)
current process WorkingSet (physical memory assigned to process): 904M, peak: 904M
current process commit charge ("private bytes"): 942M, peak: 1244M

vm_info: OpenJDK 64-Bit Server VM (17.0.20+8) for windows-amd64 JRE (17.0.20+8), built on Jul 22 2026 00:41:45 by "admin" with MS VC++ 17.12 (VS2022)

END.
