#
# There is insufficient memory for the Java Runtime Environment to continue.
# Native memory allocation (mmap) failed to map 124780544 bytes. Error detail: G1 virtual space
# Possible reasons:
#   The system is out of physical RAM or swap space
#   This process is running with CompressedOops enabled, and the Java Heap may be blocking the growth of the native heap
# Possible solutions:
#   Reduce memory load on the system
#   Increase physical memory or swap space
#   Check if swap backing store is full
#   Decrease Java heap size (-Xmx/-Xms)
#   Decrease number of Java threads
#   Decrease Java thread stack sizes (-Xss)
#   Set larger code cache with -XX:ReservedCodeCacheSize=
#   JVM is running with Unscaled Compressed Oops mode in which the Java heap is
#     placed in the first 4GB address space. The Java Heap base address is the
#     maximum limit for the native heap growth. Please use -XX:HeapBaseMinAddress
#     to set the Java Heap base and to place the Java Heap above 4GB virtual address.
# This output file may be truncated or incomplete.
#
#  Out of Memory Error (os_windows.cpp:3630), pid=17204, tid=15368
#
# JRE version: OpenJDK Runtime Environment Temurin-17.0.20+8 (17.0.20+8) (build 17.0.20+8)
# Java VM: OpenJDK 64-Bit Server VM Temurin-17.0.20+8 (17.0.20+8, mixed mode, sharing, tiered, compressed oops, compressed class ptrs, g1 gc, windows-amd64)
# No core dump will be written. Minidumps are not enabled by default on client versions of Windows
#

---------------  S U M M A R Y ------------

Command Line: -XX:+UseG1GC --add-opens=java.base/java.util=ALL-UNNAMED --add-opens=java.base/java.lang=ALL-UNNAMED --add-opens=java.base/java.lang.invoke=ALL-UNNAMED --add-opens=java.prefs/java.util.prefs=ALL-UNNAMED --add-opens=java.base/java.nio.charset=ALL-UNNAMED --add-opens=java.base/java.net=ALL-UNNAMED --add-opens=java.base/java.util.concurrent.atomic=ALL-UNNAMED -Xmx1536m -Dfile.encoding=windows-1252 -Duser.country=IN -Duser.language=en -Duser.variant -javaagent:C:\Users\MAYUR\.gradle\wrapper\dists\gradle-8.4-bin\1w5dpkrfk8irigvoxmyhowfim\gradle-8.4\lib\agents\gradle-instrumentation-agent-8.4.jar org.gradle.launcher.daemon.bootstrap.GradleDaemon 8.4

Host: 11th Gen Intel(R) Core(TM) i3-1115G4 @ 3.00GHz, 4 cores, 7G,  Windows 11 , 64 bit Build 26100 (10.0.26100.9168)
Time: Mon Aug 17 13:19:29 2026 India Standard Time elapsed time: 21.414833 seconds (0d 0h 0m 21s)

---------------  T H R E A D  ---------------

Current thread (0x00000213ffc31760):  VMThread "VM Thread" [stack: 0x000000d249800000,0x000000d249900000] [id=15368]

Stack: [0x000000d249800000,0x000000d249900000]
Native frames: (J=compiled Java code, j=interpreted, Vv=VM code, C=native code)
V  [jvm.dll+0x684d39]
V  [jvm.dll+0x83a565]
V  [jvm.dll+0x83bfde]
V  [jvm.dll+0x83c663]
V  [jvm.dll+0x2490cf]
V  [jvm.dll+0x681af9]
V  [jvm.dll+0x6768ba]
V  [jvm.dll+0x309467]
V  [jvm.dll+0x310a56]
V  [jvm.dll+0x360f3e]
V  [jvm.dll+0x36117d]
V  [jvm.dll+0x2e04ec]
V  [jvm.dll+0x2e3576]
V  [jvm.dll+0x2edcb4]
V  [jvm.dll+0x320f1d]
V  [jvm.dll+0x840e7d]
V  [jvm.dll+0x841bb3]
V  [jvm.dll+0x8420df]
V  [jvm.dll+0x8424c5]
V  [jvm.dll+0x84258e]
V  [jvm.dll+0x7eb17c]
V  [jvm.dll+0x683c07]
C  [ucrtbase.dll+0x2cd30]
C  [KERNEL32.DLL+0x2ccb7]
C  [ntdll.dll+0xaad6c]

VM_Operation (0x000000d2494ffaf0): G1PauseRemark, mode: safepoint, requested by thread 0x00000213fbe08460


---------------  P R O C E S S  ---------------

Threads class SMR info:
_java_thread_list=0x0000021398f6f360, length=91, elements={
0x00000213fbdab7d0, 0x00000213ffc37500, 0x00000213ffc38380, 0x00000213ffc54bf0,
0x00000213ffc550d0, 0x00000213ffc559c0, 0x00000213ffc58c60, 0x00000213ffc5dc20,
0x00000213ffc6c030, 0x00000213ffc7c530, 0x0000021398cf5170, 0x0000021398d88290,
0x00000213dfda0440, 0x00000213dee4c1d0, 0x00000213dee4d610, 0x00000213dee4bcc0,
0x00000213dee4c6e0, 0x00000213dee4cbf0, 0x00000213dee4db20, 0x00000213dee4d100,
0x00000213dee4e030, 0x00000213dee4a880, 0x00000213dee4b2a0, 0x00000213dee4b7b0,
0x00000213dff648e0, 0x00000213dff62060, 0x00000213dff639b0, 0x00000213dff64df0,
0x00000213dff65300, 0x00000213dff65810, 0x00000213dff643d0, 0x00000213dff65d20,
0x00000213dff62570, 0x00000213dff62a80, 0x00000213dff63ec0, 0x00000213dff66740,
0x00000213dff62f90, 0x00000213dff66c50, 0x00000213dff634a0, 0x00000213dff685a0,
0x00000213dff67b80, 0x00000213dff67160, 0x00000213dff68ab0, 0x00000213dff699e0,
0x00000213e33154d0, 0x00000213e3912ec0, 0x00000213e39133d0, 0x00000213e3911a80,
0x00000213e39129b0, 0x00000213e3911f90, 0x00000213e3914d20, 0x00000213e39138e0,
0x00000213e3911570, 0x00000213e3915230, 0x00000213e3916670, 0x00000213e3917fc0,
0x00000213e39189e0, 0x00000213e3915740, 0x00000213e3916160, 0x00000213dee4ad90,
0x00000213e3317840, 0x00000213dfef2f90, 0x00000213dfef2a80, 0x00000213dfef5300,
0x00000213dfef5810, 0x00000213dfef34a0, 0x00000213dfef3ec0, 0x00000213dfef5d20,
0x00000213dfef2570, 0x00000213dfef8090, 0x00000213dfef8fc0, 0x00000213dfef7b80,
0x00000213dfef94d0, 0x00000213dfef85a0, 0x00000213dfef99e0, 0x00000213dfef6740,
0x00000213dfef7670, 0x00000213e39175a0, 0x00000213e3917ab0, 0x00000213e24abcf0,
0x00000213e24ab7e0, 0x00000213e24aadc0, 0x00000213e24ac200, 0x00000213e24a9470,
0x00000213e24ac710, 0x00000213e24aa8b0, 0x00000213e24a9e90, 0x00000213e24aa3a0,
0x00000213e24a8f60, 0x00000213e24ab2d0, 0x00000213e425da90
}

Java Threads: ( => current thread )
  0x00000213fbdab7d0 JavaThread "main" [_thread_blocked, id=15752, stack(0x000000d249200000,0x000000d249300000)]
  0x00000213ffc37500 JavaThread "Reference Handler" daemon [_thread_blocked, id=8308, stack(0x000000d249900000,0x000000d249a00000)]
  0x00000213ffc38380 JavaThread "Finalizer" daemon [_thread_blocked, id=18088, stack(0x000000d249a00000,0x000000d249b00000)]
  0x00000213ffc54bf0 JavaThread "Signal Dispatcher" daemon [_thread_blocked, id=17840, stack(0x000000d249b00000,0x000000d249c00000)]
  0x00000213ffc550d0 JavaThread "Attach Listener" daemon [_thread_blocked, id=14600, stack(0x000000d249c00000,0x000000d249d00000)]
  0x00000213ffc559c0 JavaThread "Service Thread" daemon [_thread_blocked, id=12620, stack(0x000000d249d00000,0x000000d249e00000)]
  0x00000213ffc58c60 JavaThread "Monitor Deflation Thread" daemon [_thread_blocked, id=15796, stack(0x000000d249e00000,0x000000d249f00000)]
  0x00000213ffc5dc20 JavaThread "C2 CompilerThread0" daemon [_thread_blocked, id=16944, stack(0x000000d249f00000,0x000000d24a000000)]
  0x00000213ffc6c030 JavaThread "C1 CompilerThread0" daemon [_thread_blocked, id=16668, stack(0x000000d24a000000,0x000000d24a100000)]
  0x00000213ffc7c530 JavaThread "Sweeper thread" daemon [_thread_blocked, id=7820, stack(0x000000d24a100000,0x000000d24a200000)]
  0x0000021398cf5170 JavaThread "Common-Cleaner" daemon [_thread_blocked, id=6084, stack(0x000000d24a200000,0x000000d24a300000)]
  0x0000021398d88290 JavaThread "Notification Thread" daemon [_thread_blocked, id=7928, stack(0x000000d24a300000,0x000000d24a400000)]
  0x00000213dfda0440 JavaThread "Daemon health stats" [_thread_blocked, id=17444, stack(0x000000d24a900000,0x000000d24aa00000)]
  0x00000213dee4c1d0 JavaThread "Incoming local TCP Connector on port 54770" [_thread_in_native, id=17772, stack(0x000000d24aa00000,0x000000d24ab00000)]
  0x00000213dee4d610 JavaThread "Daemon periodic checks" [_thread_blocked, id=14992, stack(0x000000d24ab00000,0x000000d24ac00000)]
  0x00000213dee4bcc0 JavaThread "Daemon" [_thread_blocked, id=11972, stack(0x000000d24ac00000,0x000000d24ad00000)]
  0x00000213dee4c6e0 JavaThread "Handler for socket connection from /127.0.0.1:54770 to /127.0.0.1:54771" [_thread_in_native, id=17916, stack(0x000000d24ad00000,0x000000d24ae00000)]
  0x00000213dee4cbf0 JavaThread "Cancel handler" [_thread_blocked, id=16464, stack(0x000000d24ae00000,0x000000d24af00000)]
  0x00000213dee4db20 JavaThread "Daemon worker" [_thread_blocked, id=17856, stack(0x000000d24af00000,0x000000d24b000000)]
  0x00000213dee4d100 JavaThread "Asynchronous log dispatcher for DefaultDaemonConnection: socket connection from /127.0.0.1:54770 to /127.0.0.1:54771" [_thread_blocked, id=17516, stack(0x000000d24b000000,0x000000d24b100000)]
  0x00000213dee4e030 JavaThread "Stdin handler" [_thread_blocked, id=12084, stack(0x000000d24b100000,0x000000d24b200000)]
  0x00000213dee4a880 JavaThread "Daemon client event forwarder" [_thread_blocked, id=6100, stack(0x000000d24b200000,0x000000d24b300000)]
  0x00000213dee4b2a0 JavaThread "Cache worker for journal cache (C:\Users\MAYUR\.gradle\caches\journal-1)" [_thread_blocked, id=6520, stack(0x000000d24b300000,0x000000d24b400000)]
  0x00000213dee4b7b0 JavaThread "File lock request listener" [_thread_in_native, id=9176, stack(0x000000d24b400000,0x000000d24b500000)]
  0x00000213dff648e0 JavaThread "Cache worker for file hash cache (C:\Users\MAYUR\.gradle\caches\8.4\fileHashes)" [_thread_blocked, id=15820, stack(0x000000d24b500000,0x000000d24b600000)]
  0x00000213dff62060 JavaThread "File watcher server" daemon [_thread_blocked, id=10520, stack(0x000000d24b600000,0x000000d24b700000)]
  0x00000213dff639b0 JavaThread "File watcher consumer" daemon [_thread_blocked, id=10100, stack(0x000000d24b700000,0x000000d24b800000)]
  0x00000213dff64df0 JavaThread "Cache worker for checksums cache (C:\Users\MAYUR\Downloads\SMR _S\apps\android\.gradle\8.4\checksums)" [_thread_blocked, id=4540, stack(0x000000d24b800000,0x000000d24b900000)]
  0x00000213dff65300 JavaThread "Cache worker for file hash cache (C:\Users\MAYUR\Downloads\SMR _S\apps\android\.gradle\8.4\fileHashes)" [_thread_blocked, id=17280, stack(0x000000d24b900000,0x000000d24ba00000)]
  0x00000213dff65810 JavaThread "Cache worker for cache directory md-supplier (C:\Users\MAYUR\.gradle\caches\8.4\md-supplier)" [_thread_blocked, id=16580, stack(0x000000d24ba00000,0x000000d24bb00000)]
  0x00000213dff643d0 JavaThread "Cache worker for file content cache (C:\Users\MAYUR\.gradle\caches\8.4\fileContent)" [_thread_blocked, id=10016, stack(0x000000d24bb00000,0x000000d24bc00000)]
  0x00000213dff65d20 JavaThread "Cache worker for cache directory md-rule (C:\Users\MAYUR\.gradle\caches\8.4\md-rule)" [_thread_blocked, id=15184, stack(0x000000d24bc00000,0x000000d24bd00000)]
  0x00000213dff62570 JavaThread "Cache worker for execution history cache (C:\Users\MAYUR\.gradle\caches\8.4\executionHistory)" [_thread_blocked, id=14744, stack(0x000000d24bd00000,0x000000d24be00000)]
  0x00000213dff62a80 JavaThread "Cache worker for kotlin-dsl (C:\Users\MAYUR\.gradle\caches\8.4\kotlin-dsl)" [_thread_blocked, id=14736, stack(0x000000d24be00000,0x000000d24bf00000)]
  0x00000213dff63ec0 JavaThread "jar transforms" [_thread_blocked, id=9472, stack(0x000000d24bf00000,0x000000d24c000000)]
  0x00000213dff66740 JavaThread "jar transforms Thread 2" [_thread_blocked, id=8568, stack(0x000000d24c000000,0x000000d24c100000)]
  0x00000213dff62f90 JavaThread "jar transforms Thread 3" [_thread_blocked, id=15548, stack(0x000000d24c100000,0x000000d24c200000)]
  0x00000213dff66c50 JavaThread "jar transforms Thread 4" [_thread_blocked, id=8904, stack(0x000000d24c200000,0x000000d24c300000)]
  0x00000213dff634a0 JavaThread "Cache worker for dependencies-accessors (C:\Users\MAYUR\Downloads\SMR _S\apps\android\.gradle\8.4\dependencies-accessors)" [_thread_blocked, id=16620, stack(0x000000d24c300000,0x000000d24c400000)]
  0x00000213dff685a0 JavaThread "Cache worker for Build Output Cleanup Cache (C:\Users\MAYUR\Downloads\SMR _S\apps\android\.gradle\buildOutputCleanup)" [_thread_blocked, id=2196, stack(0x000000d24c400000,0x000000d24c500000)]
  0x00000213dff67b80 JavaThread "Unconstrained build operations" [_thread_blocked, id=15852, stack(0x000000d24c500000,0x000000d24c600000)]
  0x00000213dff67160 JavaThread "Unconstrained build operations Thread 2" [_thread_blocked, id=16020, stack(0x000000d24c600000,0x000000d24c700000)]
  0x00000213dff68ab0 JavaThread "Unconstrained build operations Thread 3" [_thread_blocked, id=17596, stack(0x000000d24c700000,0x000000d24c800000)]
  0x00000213dff699e0 JavaThread "Memory manager" [_thread_blocked, id=16992, stack(0x000000d24c800000,0x000000d24c900000)]
  0x00000213e33154d0 JavaThread "build event listener" [_thread_blocked, id=7160, stack(0x000000d24c900000,0x000000d24ca00000)]
  0x00000213e3912ec0 JavaThread "included builds" [_thread_blocked, id=15204, stack(0x000000d24ca00000,0x000000d24cb00000)]
  0x00000213e39133d0 JavaThread "Execution worker" [_thread_blocked, id=17436, stack(0x000000d24cb00000,0x000000d24cc00000)]
  0x00000213e3911a80 JavaThread "Execution worker Thread 2" [_thread_blocked, id=8176, stack(0x000000d24cc00000,0x000000d24cd00000)]
  0x00000213e39129b0 JavaThread "Execution worker Thread 3" [_thread_blocked, id=16124, stack(0x000000d24cd00000,0x000000d24ce00000)]
  0x00000213e3911f90 JavaThread "Cache worker for execution history cache (C:\Users\MAYUR\Downloads\SMR _S\apps\android\.gradle\8.4\executionHistory)" [_thread_blocked, id=15728, stack(0x000000d24ce00000,0x000000d24cf00000)]
  0x00000213e3914d20 JavaThread "Unconstrained build operations Thread 4" [_thread_blocked, id=9828, stack(0x000000d24cf00000,0x000000d24d000000)]
  0x00000213e39138e0 JavaThread "Unconstrained build operations Thread 5" [_thread_blocked, id=16492, stack(0x000000d24d000000,0x000000d24d100000)]
  0x00000213e3911570 JavaThread "Unconstrained build operations Thread 6" [_thread_blocked, id=6948, stack(0x000000d24d100000,0x000000d24d200000)]
  0x00000213e3915230 JavaThread "WorkerExecutor Queue" [_thread_blocked, id=3320, stack(0x000000d24d200000,0x000000d24d300000)]
  0x00000213e3916670 JavaThread "Unconstrained build operations Thread 7" [_thread_blocked, id=3952, stack(0x000000d24d300000,0x000000d24d400000)]
  0x00000213e3917fc0 JavaThread "Unconstrained build operations Thread 8" [_thread_blocked, id=7596, stack(0x000000d24d400000,0x000000d24d500000)]
  0x00000213e39189e0 JavaThread "Unconstrained build operations Thread 9" [_thread_blocked, id=11508, stack(0x000000d24d500000,0x000000d24d600000)]
  0x00000213e3915740 JavaThread "WorkerExecutor Queue Thread 2" [_thread_blocked, id=16392, stack(0x000000d24d800000,0x000000d24d900000)]
  0x00000213e3916160 JavaThread "WorkerExecutor Queue Thread 3" [_thread_blocked, id=17336, stack(0x000000d24d900000,0x000000d24da00000)]
  0x00000213dee4ad90 JavaThread "WorkerExecutor Queue Thread 4" [_thread_blocked, id=14840, stack(0x000000d24da00000,0x000000d24db00000)]
  0x00000213e3317840 JavaThread "Unconstrained build operations Thread 10" [_thread_blocked, id=15772, stack(0x000000d24db00000,0x000000d24dc00000)]
  0x00000213dfef2f90 JavaThread "Unconstrained build operations Thread 11" [_thread_blocked, id=14540, stack(0x000000d24dc00000,0x000000d24dd00000)]
  0x00000213dfef2a80 JavaThread "Unconstrained build operations Thread 12" [_thread_blocked, id=1108, stack(0x000000d24dd00000,0x000000d24de00000)]
  0x00000213dfef5300 JavaThread "Unconstrained build operations Thread 13" [_thread_blocked, id=2016, stack(0x000000d24de00000,0x000000d24df00000)]
  0x00000213dfef5810 JavaThread "Unconstrained build operations Thread 14" [_thread_blocked, id=2664, stack(0x000000d24df00000,0x000000d24e000000)]
  0x00000213dfef34a0 JavaThread "Unconstrained build operations Thread 15" [_thread_blocked, id=4460, stack(0x000000d24e000000,0x000000d24e100000)]
  0x00000213dfef3ec0 JavaThread "Unconstrained build operations Thread 16" [_thread_blocked, id=6760, stack(0x000000d24e100000,0x000000d24e200000)]
  0x00000213dfef5d20 JavaThread "WorkerExecutor Queue Thread 5" [_thread_blocked, id=17492, stack(0x000000d24e200000,0x000000d24e300000)]
  0x00000213dfef2570 JavaThread "Unconstrained build operations Thread 17" [_thread_blocked, id=16824, stack(0x000000d24e300000,0x000000d24e400000)]
  0x00000213dfef8090 JavaThread "Unconstrained build operations Thread 18" [_thread_blocked, id=15068, stack(0x000000d24e400000,0x000000d24e500000)]
  0x00000213dfef8fc0 JavaThread "Unconstrained build operations Thread 19" [_thread_blocked, id=16700, stack(0x000000d24e500000,0x000000d24e600000)]
  0x00000213dfef7b80 JavaThread "Unconstrained build operations Thread 20" [_thread_blocked, id=16800, stack(0x000000d24e600000,0x000000d24e700000)]
  0x00000213dfef94d0 JavaThread "Unconstrained build operations Thread 21" [_thread_blocked, id=14484, stack(0x000000d24e700000,0x000000d24e800000)]
  0x00000213dfef85a0 JavaThread "Unconstrained build operations Thread 22" [_thread_blocked, id=15412, stack(0x000000d24e800000,0x000000d24e900000)]
  0x00000213dfef99e0 JavaThread "Unconstrained build operations Thread 23" [_thread_blocked, id=17508, stack(0x000000d24e900000,0x000000d24ea00000)]
  0x00000213dfef6740 JavaThread "Unconstrained build operations Thread 24" [_thread_blocked, id=1604, stack(0x000000d24ea00000,0x000000d24eb00000)]
  0x00000213dfef7670 JavaThread "Unconstrained build operations Thread 25" [_thread_blocked, id=14452, stack(0x000000d24eb00000,0x000000d24ec00000)]
  0x00000213e39175a0 JavaThread "Unconstrained build operations Thread 26" [_thread_blocked, id=18096, stack(0x000000d24ec00000,0x000000d24ed00000)]
  0x00000213e3917ab0 JavaThread "Unconstrained build operations Thread 27" [_thread_blocked, id=500, stack(0x000000d24ed00000,0x000000d24ee00000)]
  0x00000213e24abcf0 JavaThread "Unconstrained build operations Thread 28" [_thread_blocked, id=17100, stack(0x000000d24ee00000,0x000000d24ef00000)]
  0x00000213e24ab7e0 JavaThread "Unconstrained build operations Thread 29" [_thread_blocked, id=6380, stack(0x000000d24ef00000,0x000000d24f000000)]
  0x00000213e24aadc0 JavaThread "Unconstrained build operations Thread 30" [_thread_blocked, id=1528, stack(0x000000d24f000000,0x000000d24f100000)]
  0x00000213e24ac200 JavaThread "Unconstrained build operations Thread 31" [_thread_blocked, id=3680, stack(0x000000d24f100000,0x000000d24f200000)]
  0x00000213e24a9470 JavaThread "Unconstrained build operations Thread 32" [_thread_blocked, id=14796, stack(0x000000d24f200000,0x000000d24f300000)]
  0x00000213e24ac710 JavaThread "Unconstrained build operations Thread 33" [_thread_blocked, id=16936, stack(0x000000d24f300000,0x000000d24f400000)]
  0x00000213e24aa8b0 JavaThread "Unconstrained build operations Thread 34" [_thread_blocked, id=15416, stack(0x000000d24f400000,0x000000d24f500000)]
  0x00000213e24a9e90 JavaThread "Unconstrained build operations Thread 35" [_thread_blocked, id=16380, stack(0x000000d24f500000,0x000000d24f600000)]
  0x00000213e24aa3a0 JavaThread "pool-3-thread-1" [_thread_blocked, id=17168, stack(0x000000d24f600000,0x000000d24f700000)]
  0x00000213e24a8f60 JavaThread "stderr" [_thread_in_native, id=660, stack(0x000000d24f700000,0x000000d24f800000)]
  0x00000213e24ab2d0 JavaThread "stdout" [_thread_in_native, id=14380, stack(0x000000d24f800000,0x000000d24f900000)]
  0x00000213e425da90 JavaThread "C2 CompilerThread1" daemon [_thread_blocked, id=14124, stack(0x000000d24a500000,0x000000d24a600000)]

Other Threads:
=>0x00000213ffc31760 VMThread "VM Thread" [stack: 0x000000d249800000,0x000000d249900000] [id=15368]
  0x00000213fbdac560 WatcherThread [stack: 0x000000d24a400000,0x000000d24a500000] [id=6492]
  0x00000213fbdfa930 GCTaskThread "GC Thread#0" [stack: 0x000000d249300000,0x000000d249400000] [id=18224]
  0x00000213de142ba0 GCTaskThread "GC Thread#1" [stack: 0x000000d24a600000,0x000000d24a700000] [id=11444]
  0x00000213de174810 GCTaskThread "GC Thread#2" [stack: 0x000000d24a700000,0x000000d24a800000] [id=5460]
  0x00000213de958270 GCTaskThread "GC Thread#3" [stack: 0x000000d24a800000,0x000000d24a900000] [id=13236]
  0x00000213fbe08460 ConcurrentGCThread "G1 Main Marker" [stack: 0x000000d249400000,0x000000d249500000] [id=16468]
  0x00000213fbe08d90 ConcurrentGCThread "G1 Conc#0" [stack: 0x000000d249500000,0x000000d249600000] [id=8712]
  0x00000213ffade1f0 ConcurrentGCThread "G1 Refine#0" [stack: 0x000000d249600000,0x000000d249700000] [id=11984]
  0x00000213e3c6b1a0 ConcurrentGCThread "G1 Refine#1" [stack: 0x000000d24d600000,0x000000d24d700000] [id=18216]
  0x00000213e3c6ba70 ConcurrentGCThread "G1 Refine#2" [stack: 0x000000d24d700000,0x000000d24d800000] [id=3172]
  0x00000213ffae1500 ConcurrentGCThread "G1 Service" [stack: 0x000000d249700000,0x000000d249800000] [id=16612]

Threads with active compile tasks:
C1 CompilerThread0  21435 15785 % !   3       com.android.tools.r8.dex.a::b @ 2693 (3881 bytes)

VM state: at safepoint (normal execution)

VM Mutex/Monitor currently owned by a thread:  ([mutex/lock_event])
[0x00000213fbda8e50] Threads_lock - owner thread: 0x00000213ffc31760
[0x00000213fbda77d0] Heap_lock - owner thread: 0x00000213fbe08460

Heap address: 0x00000000a0000000, size: 1536 MB, Compressed Oops mode: 32-bit

CDS archive(s) mapped at: [0x0000021399000000-0x0000021399bb0000-0x0000021399bb0000), size 12255232, SharedBaseAddress: 0x0000021399000000, ArchiveRelocationMode: 1.
Compressed class space mapped at: 0x000002139a000000-0x00000213da000000, reserved size: 1073741824
Narrow klass base: 0x0000021399000000, Narrow klass shift: 0, Narrow klass range: 0x100000000

GC Precious Log:
 CPUs: 4 total, 4 available
 Memory: 7934M
 Large Page Support: Disabled
 NUMA Support: Disabled
 Compressed Oops: Enabled (32-bit)
 Heap Region Size: 1M
 Heap Min Capacity: 8M
 Heap Initial Capacity: 124M
 Heap Max Capacity: 1536M
 Pre-touch: Disabled
 Parallel Workers: 4
 Concurrent Workers: 1
 Concurrent Refinement Workers: 4
 Periodic GC: Disabled

Heap:
 garbage-first heap   total 337920K, used 272050K [0x00000000a0000000, 0x0000000100000000)
  region size 1024K, 16 young (16384K), 4 survivors (4096K)
 Metaspace       used 102916K, committed 103680K, reserved 1179648K
  class space    used 13930K, committed 14336K, reserved 1048576K

Heap Regions: E=young(eden), S=young(survivor), O=old, HS=humongous(starts), HC=humongous(continues), CS=collection set, F=free, OA=open archive, CA=closed archive, TAMS=top-at-mark-start (previous, next)
|   0|0x00000000a0000000, 0x00000000a0100000, 0x00000000a0100000|100%| O|  |TAMS 0x00000000a0100000, 0x00000000a0000000| Untracked 
|   1|0x00000000a0100000, 0x00000000a0200000, 0x00000000a0200000|100%| O|  |TAMS 0x00000000a0200000, 0x00000000a0100000| Untracked 
|   2|0x00000000a0200000, 0x00000000a0300000, 0x00000000a0300000|100%|HS|  |TAMS 0x00000000a0300000, 0x00000000a0200000| Complete 
|   3|0x00000000a0300000, 0x00000000a0400000, 0x00000000a0400000|100%|HC|  |TAMS 0x00000000a0400000, 0x00000000a0300000| Complete 
|   4|0x00000000a0400000, 0x00000000a0500000, 0x00000000a0500000|100%|HC|  |TAMS 0x00000000a0500000, 0x00000000a0400000| Complete 
|   5|0x00000000a0500000, 0x00000000a0600000, 0x00000000a0600000|100%|HC|  |TAMS 0x00000000a0600000, 0x00000000a0500000| Complete 
|   6|0x00000000a0600000, 0x00000000a0700000, 0x00000000a0700000|100%| O|  |TAMS 0x00000000a0700000, 0x00000000a0600000| Untracked 
|   7|0x00000000a0700000, 0x00000000a0800000, 0x00000000a0800000|100%| O|  |TAMS 0x00000000a0800000, 0x00000000a0700000| Untracked 
|   8|0x00000000a0800000, 0x00000000a0900000, 0x00000000a0900000|100%| O|  |TAMS 0x00000000a0900000, 0x00000000a0800000| Untracked 
|   9|0x00000000a0900000, 0x00000000a0a00000, 0x00000000a0a00000|100%| O|  |TAMS 0x00000000a0a00000, 0x00000000a0900000| Untracked 
|  10|0x00000000a0a00000, 0x00000000a0b00000, 0x00000000a0b00000|100%| O|  |TAMS 0x00000000a0b00000, 0x00000000a0a00000| Updating 
|  11|0x00000000a0b00000, 0x00000000a0c00000, 0x00000000a0c00000|100%| O|  |TAMS 0x00000000a0c00000, 0x00000000a0b00000| Untracked 
|  12|0x00000000a0c00000, 0x00000000a0d00000, 0x00000000a0d00000|100%| O|  |TAMS 0x00000000a0d00000, 0x00000000a0c00000| Updating 
|  13|0x00000000a0d00000, 0x00000000a0e00000, 0x00000000a0e00000|100%| O|  |TAMS 0x00000000a0e00000, 0x00000000a0d00000| Untracked 
|  14|0x00000000a0e00000, 0x00000000a0f00000, 0x00000000a0f00000|100%| O|  |TAMS 0x00000000a0f00000, 0x00000000a0e00000| Untracked 
|  15|0x00000000a0f00000, 0x00000000a1000000, 0x00000000a1000000|100%| O|  |TAMS 0x00000000a1000000, 0x00000000a0f00000| Untracked 
|  16|0x00000000a1000000, 0x00000000a1100000, 0x00000000a1100000|100%| O|  |TAMS 0x00000000a1100000, 0x00000000a1000000| Untracked 
|  17|0x00000000a1100000, 0x00000000a1200000, 0x00000000a1200000|100%| O|  |TAMS 0x00000000a1200000, 0x00000000a1100000| Untracked 
|  18|0x00000000a1200000, 0x00000000a1300000, 0x00000000a1300000|100%| O|  |TAMS 0x00000000a1300000, 0x00000000a1200000| Untracked 
|  19|0x00000000a1300000, 0x00000000a1400000, 0x00000000a1400000|100%| O|  |TAMS 0x00000000a1400000, 0x00000000a1300000| Untracked 
|  20|0x00000000a1400000, 0x00000000a1500000, 0x00000000a1500000|100%|HS|  |TAMS 0x00000000a1500000, 0x00000000a1400000| Complete 
|  21|0x00000000a1500000, 0x00000000a1600000, 0x00000000a1600000|100%| O|  |TAMS 0x00000000a1600000, 0x00000000a1500000| Untracked 
|  22|0x00000000a1600000, 0x00000000a1700000, 0x00000000a1700000|100%| O|  |TAMS 0x00000000a1700000, 0x00000000a1600000| Untracked 
|  23|0x00000000a1700000, 0x00000000a1800000, 0x00000000a1800000|100%| O|  |TAMS 0x00000000a1800000, 0x00000000a1700000| Untracked 
|  24|0x00000000a1800000, 0x00000000a1900000, 0x00000000a1900000|100%| O|  |TAMS 0x00000000a1900000, 0x00000000a1800000| Untracked 
|  25|0x00000000a1900000, 0x00000000a1a00000, 0x00000000a1a00000|100%| O|  |TAMS 0x00000000a1a00000, 0x00000000a1900000| Untracked 
|  26|0x00000000a1a00000, 0x00000000a1b00000, 0x00000000a1b00000|100%| O|  |TAMS 0x00000000a1b00000, 0x00000000a1a00000| Untracked 
|  27|0x00000000a1b00000, 0x00000000a1c00000, 0x00000000a1c00000|100%| O|  |TAMS 0x00000000a1c00000, 0x00000000a1b00000| Untracked 
|  28|0x00000000a1c00000, 0x00000000a1d00000, 0x00000000a1d00000|100%| O|  |TAMS 0x00000000a1d00000, 0x00000000a1c00000| Updating 
|  29|0x00000000a1d00000, 0x00000000a1e00000, 0x00000000a1e00000|100%| O|  |TAMS 0x00000000a1e00000, 0x00000000a1d00000| Untracked 
|  30|0x00000000a1e00000, 0x00000000a1f00000, 0x00000000a1f00000|100%| O|  |TAMS 0x00000000a1f00000, 0x00000000a1e00000| Untracked 
|  31|0x00000000a1f00000, 0x00000000a2000000, 0x00000000a2000000|100%| O|  |TAMS 0x00000000a2000000, 0x00000000a1f00000| Untracked 
|  32|0x00000000a2000000, 0x00000000a2100000, 0x00000000a2100000|100%| O|  |TAMS 0x00000000a2100000, 0x00000000a2000000| Untracked 
|  33|0x00000000a2100000, 0x00000000a2200000, 0x00000000a2200000|100%| O|  |TAMS 0x00000000a2200000, 0x00000000a2100000| Untracked 
|  34|0x00000000a2200000, 0x00000000a2300000, 0x00000000a2300000|100%| O|  |TAMS 0x00000000a2300000, 0x00000000a2200000| Updating 
|  35|0x00000000a2300000, 0x00000000a2400000, 0x00000000a2400000|100%|HS|  |TAMS 0x00000000a2400000, 0x00000000a2300000| Complete 
|  36|0x00000000a2400000, 0x00000000a2500000, 0x00000000a2500000|100%|HS|  |TAMS 0x00000000a2500000, 0x00000000a2400000| Complete 
|  37|0x00000000a2500000, 0x00000000a2600000, 0x00000000a2600000|100%|HS|  |TAMS 0x00000000a2600000, 0x00000000a2500000| Complete 
|  38|0x00000000a2600000, 0x00000000a2700000, 0x00000000a2700000|100%|HC|  |TAMS 0x00000000a2700000, 0x00000000a2600000| Complete 
|  39|0x00000000a2700000, 0x00000000a2800000, 0x00000000a2800000|100%| O|  |TAMS 0x00000000a2800000, 0x00000000a2700000| Updating 
|  40|0x00000000a2800000, 0x00000000a2900000, 0x00000000a2900000|100%|HS|  |TAMS 0x00000000a2900000, 0x00000000a2800000| Complete 
|  41|0x00000000a2900000, 0x00000000a2a00000, 0x00000000a2a00000|100%|HS|  |TAMS 0x00000000a2a00000, 0x00000000a2900000| Complete 
|  42|0x00000000a2a00000, 0x00000000a2b00000, 0x00000000a2b00000|100%|HC|  |TAMS 0x00000000a2b00000, 0x00000000a2a00000| Complete 
|  43|0x00000000a2b00000, 0x00000000a2c00000, 0x00000000a2c00000|100%|HC|  |TAMS 0x00000000a2c00000, 0x00000000a2b00000| Complete 
|  44|0x00000000a2c00000, 0x00000000a2d00000, 0x00000000a2d00000|100%|HC|  |TAMS 0x00000000a2d00000, 0x00000000a2c00000| Complete 
|  45|0x00000000a2d00000, 0x00000000a2e00000, 0x00000000a2e00000|100%| O|  |TAMS 0x00000000a2e00000, 0x00000000a2d00000| Updating 
|  46|0x00000000a2e00000, 0x00000000a2f00000, 0x00000000a2f00000|100%|HS|  |TAMS 0x00000000a2f00000, 0x00000000a2e00000| Complete 
|  47|0x00000000a2f00000, 0x00000000a3000000, 0x00000000a3000000|100%| O|  |TAMS 0x00000000a3000000, 0x00000000a2f00000| Untracked 
|  48|0x00000000a3000000, 0x00000000a3100000, 0x00000000a3100000|100%| O|  |TAMS 0x00000000a3100000, 0x00000000a3000000| Untracked 
|  49|0x00000000a3100000, 0x00000000a3200000, 0x00000000a3200000|100%| O|  |TAMS 0x00000000a3200000, 0x00000000a3100000| Untracked 
|  50|0x00000000a3200000, 0x00000000a3300000, 0x00000000a3300000|100%| O|  |TAMS 0x00000000a3300000, 0x00000000a3200000| Untracked 
|  51|0x00000000a3300000, 0x00000000a3400000, 0x00000000a3400000|100%|HS|  |TAMS 0x00000000a3400000, 0x00000000a3300000| Complete 
|  52|0x00000000a3400000, 0x00000000a3500000, 0x00000000a3500000|100%|HC|  |TAMS 0x00000000a3500000, 0x00000000a3400000| Complete 
|  53|0x00000000a3500000, 0x00000000a3600000, 0x00000000a3600000|100%| O|  |TAMS 0x00000000a3600000, 0x00000000a3500000| Untracked 
|  54|0x00000000a3600000, 0x00000000a3700000, 0x00000000a3700000|100%| O|  |TAMS 0x00000000a3700000, 0x00000000a3600000| Updating 
|  55|0x00000000a3700000, 0x00000000a3800000, 0x00000000a3800000|100%|HS|  |TAMS 0x00000000a3800000, 0x00000000a3700000| Complete 
|  56|0x00000000a3800000, 0x00000000a3900000, 0x00000000a3900000|100%| O|  |TAMS 0x00000000a3900000, 0x00000000a3800000| Untracked 
|  57|0x00000000a3900000, 0x00000000a3a00000, 0x00000000a3a00000|100%| O|  |TAMS 0x00000000a3a00000, 0x00000000a3900000| Untracked 
|  58|0x00000000a3a00000, 0x00000000a3b00000, 0x00000000a3b00000|100%| O|  |TAMS 0x00000000a3b00000, 0x00000000a3a00000| Untracked 
|  59|0x00000000a3b00000, 0x00000000a3c00000, 0x00000000a3c00000|100%|HS|  |TAMS 0x00000000a3c00000, 0x00000000a3b00000| Complete 
|  60|0x00000000a3c00000, 0x00000000a3d00000, 0x00000000a3d00000|100%|HC|  |TAMS 0x00000000a3d00000, 0x00000000a3c00000| Complete 
|  61|0x00000000a3d00000, 0x00000000a3e00000, 0x00000000a3e00000|100%|HC|  |TAMS 0x00000000a3e00000, 0x00000000a3d00000| Complete 
|  62|0x00000000a3e00000, 0x00000000a3f00000, 0x00000000a3f00000|100%|HC|  |TAMS 0x00000000a3f00000, 0x00000000a3e00000| Complete 
|  63|0x00000000a3f00000, 0x00000000a4000000, 0x00000000a4000000|100%| O|  |TAMS 0x00000000a4000000, 0x00000000a3f00000| Untracked 
|  64|0x00000000a4000000, 0x00000000a4100000, 0x00000000a4100000|100%| O|  |TAMS 0x00000000a4100000, 0x00000000a4000000| Untracked 
|  65|0x00000000a4100000, 0x00000000a4200000, 0x00000000a4200000|100%| O|  |TAMS 0x00000000a4200000, 0x00000000a4100000| Untracked 
|  66|0x00000000a4200000, 0x00000000a4300000, 0x00000000a4300000|100%| O|  |TAMS 0x00000000a4300000, 0x00000000a4200000| Untracked 
|  67|0x00000000a4300000, 0x00000000a4400000, 0x00000000a4400000|100%| O|  |TAMS 0x00000000a4400000, 0x00000000a4300000| Untracked 
|  68|0x00000000a4400000, 0x00000000a4500000, 0x00000000a4500000|100%| O|  |TAMS 0x00000000a4500000, 0x00000000a4400000| Untracked 
|  69|0x00000000a4500000, 0x00000000a4600000, 0x00000000a4600000|100%| O|  |TAMS 0x00000000a4600000, 0x00000000a4500000| Untracked 
|  70|0x00000000a4600000, 0x00000000a4700000, 0x00000000a4700000|100%| O|  |TAMS 0x00000000a4700000, 0x00000000a4600000| Untracked 
|  71|0x00000000a4700000, 0x00000000a4800000, 0x00000000a4800000|100%| O|  |TAMS 0x00000000a4800000, 0x00000000a4700000| Untracked 
|  72|0x00000000a4800000, 0x00000000a4900000, 0x00000000a4900000|100%| O|  |TAMS 0x00000000a4900000, 0x00000000a4800000| Untracked 
|  73|0x00000000a4900000, 0x00000000a4a00000, 0x00000000a4a00000|100%| O|  |TAMS 0x00000000a4a00000, 0x00000000a4900000| Untracked 
|  74|0x00000000a4a00000, 0x00000000a4b00000, 0x00000000a4b00000|100%| O|  |TAMS 0x00000000a4b00000, 0x00000000a4a00000| Updating 
|  75|0x00000000a4b00000, 0x00000000a4c00000, 0x00000000a4c00000|100%| O|  |TAMS 0x00000000a4c00000, 0x00000000a4b00000| Updating 
|  76|0x00000000a4c00000, 0x00000000a4d00000, 0x00000000a4d00000|100%| O|  |TAMS 0x00000000a4d00000, 0x00000000a4c00000| Untracked 
|  77|0x00000000a4d00000, 0x00000000a4e00000, 0x00000000a4e00000|100%| O|  |TAMS 0x00000000a4e00000, 0x00000000a4d00000| Updating 
|  78|0x00000000a4e00000, 0x00000000a4f00000, 0x00000000a4f00000|100%|HS|  |TAMS 0x00000000a4f00000, 0x00000000a4e00000| Complete 
|  79|0x00000000a4f00000, 0x00000000a5000000, 0x00000000a5000000|100%| O|  |TAMS 0x00000000a5000000, 0x00000000a4f00000| Untracked 
|  80|0x00000000a5000000, 0x00000000a5100000, 0x00000000a5100000|100%| O|  |TAMS 0x00000000a5100000, 0x00000000a5000000| Untracked 
|  81|0x00000000a5100000, 0x00000000a5200000, 0x00000000a5200000|100%| O|  |TAMS 0x00000000a5200000, 0x00000000a5100000| Untracked 
|  82|0x00000000a5200000, 0x00000000a5300000, 0x00000000a5300000|100%| O|  |TAMS 0x00000000a5300000, 0x00000000a5200000| Untracked 
|  83|0x00000000a5300000, 0x00000000a5400000, 0x00000000a5400000|100%| O|  |TAMS 0x00000000a5400000, 0x00000000a5300000| Untracked 
|  84|0x00000000a5400000, 0x00000000a5500000, 0x00000000a5500000|100%| O|  |TAMS 0x00000000a5500000, 0x00000000a5400000| Updating 
|  85|0x00000000a5500000, 0x00000000a5600000, 0x00000000a5600000|100%| O|  |TAMS 0x00000000a5600000, 0x00000000a5500000| Updating 
|  86|0x00000000a5600000, 0x00000000a5700000, 0x00000000a5700000|100%| O|  |TAMS 0x00000000a5700000, 0x00000000a5600000| Updating 
|  87|0x00000000a5700000, 0x00000000a5800000, 0x00000000a5800000|100%| O|  |TAMS 0x00000000a5800000, 0x00000000a5700000| Updating 
|  88|0x00000000a5800000, 0x00000000a5900000, 0x00000000a5900000|100%| O|  |TAMS 0x00000000a5900000, 0x00000000a5800000| Updating 
|  89|0x00000000a5900000, 0x00000000a5a00000, 0x00000000a5a00000|100%|HS|  |TAMS 0x00000000a5900000, 0x00000000a5900000| Complete 
|  90|0x00000000a5a00000, 0x00000000a5b00000, 0x00000000a5b00000|100%|HS|  |TAMS 0x00000000a5a00000, 0x00000000a5a00000| Complete 
|  91|0x00000000a5b00000, 0x00000000a5c00000, 0x00000000a5c00000|100%|HC|  |TAMS 0x00000000a5b00000, 0x00000000a5b00000| Complete 
|  92|0x00000000a5c00000, 0x00000000a5d00000, 0x00000000a5d00000|100%| O|  |TAMS 0x00000000a5d00000, 0x00000000a5c00000| Updating 
|  93|0x00000000a5d00000, 0x00000000a5e00000, 0x00000000a5e00000|100%|HS|  |TAMS 0x00000000a5e00000, 0x00000000a5d00000| Complete 
|  94|0x00000000a5e00000, 0x00000000a5f00000, 0x00000000a5f00000|100%|HC|  |TAMS 0x00000000a5f00000, 0x00000000a5e00000| Complete 
|  95|0x00000000a5f00000, 0x00000000a6000000, 0x00000000a6000000|100%|HC|  |TAMS 0x00000000a6000000, 0x00000000a5f00000| Complete 
|  96|0x00000000a6000000, 0x00000000a6100000, 0x00000000a6100000|100%|HC|  |TAMS 0x00000000a6100000, 0x00000000a6000000| Complete 
|  97|0x00000000a6100000, 0x00000000a6200000, 0x00000000a6200000|100%| O|  |TAMS 0x00000000a6200000, 0x00000000a6100000| Untracked 
|  98|0x00000000a6200000, 0x00000000a6300000, 0x00000000a6300000|100%| O|  |TAMS 0x00000000a6300000, 0x00000000a6200000| Untracked 
|  99|0x00000000a6300000, 0x00000000a6400000, 0x00000000a6400000|100%| O|  |TAMS 0x00000000a6400000, 0x00000000a6300000| Untracked 
| 100|0x00000000a6400000, 0x00000000a6500000, 0x00000000a6500000|100%| O|  |TAMS 0x00000000a6500000, 0x00000000a6400000| Untracked 
| 101|0x00000000a6500000, 0x00000000a6600000, 0x00000000a6600000|100%| O|  |TAMS 0x00000000a6600000, 0x00000000a6500000| Untracked 
| 102|0x00000000a6600000, 0x00000000a6700000, 0x00000000a6700000|100%| O|  |TAMS 0x00000000a6700000, 0x00000000a6600000| Untracked 
| 103|0x00000000a6700000, 0x00000000a6800000, 0x00000000a6800000|100%| O|  |TAMS 0x00000000a6800000, 0x00000000a6700000| Updating 
| 104|0x00000000a6800000, 0x00000000a6900000, 0x00000000a6900000|100%| O|  |TAMS 0x00000000a6900000, 0x00000000a6800000| Updating 
| 105|0x00000000a6900000, 0x00000000a6a00000, 0x00000000a6a00000|100%| O|  |TAMS 0x00000000a6a00000, 0x00000000a6900000| Updating 
| 106|0x00000000a6a00000, 0x00000000a6b00000, 0x00000000a6b00000|100%|HS|  |TAMS 0x00000000a6a00000, 0x00000000a6a00000| Complete 
| 107|0x00000000a6b00000, 0x00000000a6c00000, 0x00000000a6c00000|100%| O|  |TAMS 0x00000000a6c00000, 0x00000000a6b00000| Updating 
| 108|0x00000000a6c00000, 0x00000000a6d00000, 0x00000000a6d00000|100%| O|  |TAMS 0x00000000a6d00000, 0x00000000a6c00000| Updating 
| 109|0x00000000a6d00000, 0x00000000a6e00000, 0x00000000a6e00000|100%|HS|  |TAMS 0x00000000a6d00000, 0x00000000a6d00000| Complete 
| 110|0x00000000a6e00000, 0x00000000a6f00000, 0x00000000a6f00000|100%| O|  |TAMS 0x00000000a6f00000, 0x00000000a6e00000| Updating 
| 111|0x00000000a6f00000, 0x00000000a7000000, 0x00000000a7000000|100%| O|  |TAMS 0x00000000a7000000, 0x00000000a6f00000| Updating 
| 112|0x00000000a7000000, 0x00000000a7100000, 0x00000000a7100000|100%| O|  |TAMS 0x00000000a7100000, 0x00000000a7000000| Updating 
| 113|0x00000000a7100000, 0x00000000a7200000, 0x00000000a7200000|100%| O|  |TAMS 0x00000000a7200000, 0x00000000a7100000| Updating 
| 114|0x00000000a7200000, 0x00000000a7300000, 0x00000000a7300000|100%|HS|  |TAMS 0x00000000a7300000, 0x00000000a7200000| Complete 
| 115|0x00000000a7300000, 0x00000000a7400000, 0x00000000a7400000|100%|HC|  |TAMS 0x00000000a7400000, 0x00000000a7300000| Complete 
| 116|0x00000000a7400000, 0x00000000a7500000, 0x00000000a7500000|100%|HC|  |TAMS 0x00000000a7500000, 0x00000000a7400000| Complete 
| 117|0x00000000a7500000, 0x00000000a7600000, 0x00000000a7600000|100%|HC|  |TAMS 0x00000000a7600000, 0x00000000a7500000| Complete 
| 118|0x00000000a7600000, 0x00000000a7700000, 0x00000000a7700000|100%|HC|  |TAMS 0x00000000a7700000, 0x00000000a7600000| Complete 
| 119|0x00000000a7700000, 0x00000000a7800000, 0x00000000a7800000|100%|HC|  |TAMS 0x00000000a7800000, 0x00000000a7700000| Complete 
| 120|0x00000000a7800000, 0x00000000a7900000, 0x00000000a7900000|100%|HC|  |TAMS 0x00000000a7900000, 0x00000000a7800000| Complete 
| 121|0x00000000a7900000, 0x00000000a7a00000, 0x00000000a7a00000|100%|HC|  |TAMS 0x00000000a7a00000, 0x00000000a7900000| Complete 
| 122|0x00000000a7a00000, 0x00000000a7b00000, 0x00000000a7b00000|100%|HC|  |TAMS 0x00000000a7b00000, 0x00000000a7a00000| Complete 
| 123|0x00000000a7b00000, 0x00000000a7c00000, 0x00000000a7c00000|100%|HC|  |TAMS 0x00000000a7c00000, 0x00000000a7b00000| Complete 
| 124|0x00000000a7c00000, 0x00000000a7d00000, 0x00000000a7d00000|100%|HC|  |TAMS 0x00000000a7d00000, 0x00000000a7c00000| Complete 
| 125|0x00000000a7d00000, 0x00000000a7e00000, 0x00000000a7e00000|100%|HC|  |TAMS 0x00000000a7e00000, 0x00000000a7d00000| Complete 
| 126|0x00000000a7e00000, 0x00000000a7f00000, 0x00000000a7f00000|100%|HC|  |TAMS 0x00000000a7f00000, 0x00000000a7e00000| Complete 
| 127|0x00000000a7f00000, 0x00000000a8000000, 0x00000000a8000000|100%|HC|  |TAMS 0x00000000a8000000, 0x00000000a7f00000| Complete 
| 128|0x00000000a8000000, 0x00000000a8100000, 0x00000000a8100000|100%|HC|  |TAMS 0x00000000a8100000, 0x00000000a8000000| Complete 
| 129|0x00000000a8100000, 0x00000000a8200000, 0x00000000a8200000|100%|HC|  |TAMS 0x00000000a8200000, 0x00000000a8100000| Complete 
| 130|0x00000000a8200000, 0x00000000a8300000, 0x00000000a8300000|100%|HC|  |TAMS 0x00000000a8300000, 0x00000000a8200000| Complete 
| 131|0x00000000a8300000, 0x00000000a8400000, 0x00000000a8400000|100%|HC|  |TAMS 0x00000000a8400000, 0x00000000a8300000| Complete 
| 132|0x00000000a8400000, 0x00000000a8500000, 0x00000000a8500000|100%|HC|  |TAMS 0x00000000a8500000, 0x00000000a8400000| Complete 
| 133|0x00000000a8500000, 0x00000000a8600000, 0x00000000a8600000|100%|HC|  |TAMS 0x00000000a8600000, 0x00000000a8500000| Complete 
| 134|0x00000000a8600000, 0x00000000a8700000, 0x00000000a8700000|100%|HC|  |TAMS 0x00000000a8700000, 0x00000000a8600000| Complete 
| 135|0x00000000a8700000, 0x00000000a8800000, 0x00000000a8800000|100%|HC|  |TAMS 0x00000000a8800000, 0x00000000a8700000| Complete 
| 136|0x00000000a8800000, 0x00000000a8900000, 0x00000000a8900000|100%|HC|  |TAMS 0x00000000a8900000, 0x00000000a8800000| Complete 
| 137|0x00000000a8900000, 0x00000000a8a00000, 0x00000000a8a00000|100%|HC|  |TAMS 0x00000000a8a00000, 0x00000000a8900000| Complete 
| 138|0x00000000a8a00000, 0x00000000a8b00000, 0x00000000a8b00000|100%|HC|  |TAMS 0x00000000a8b00000, 0x00000000a8a00000| Complete 
| 139|0x00000000a8b00000, 0x00000000a8c00000, 0x00000000a8c00000|100%|HC|  |TAMS 0x00000000a8c00000, 0x00000000a8b00000| Complete 
| 140|0x00000000a8c00000, 0x00000000a8d00000, 0x00000000a8d00000|100%|HC|  |TAMS 0x00000000a8d00000, 0x00000000a8c00000| Complete 
| 141|0x00000000a8d00000, 0x00000000a8e00000, 0x00000000a8e00000|100%|HC|  |TAMS 0x00000000a8e00000, 0x00000000a8d00000| Complete 
| 142|0x00000000a8e00000, 0x00000000a8f00000, 0x00000000a8f00000|100%|HC|  |TAMS 0x00000000a8f00000, 0x00000000a8e00000| Complete 
| 143|0x00000000a8f00000, 0x00000000a9000000, 0x00000000a9000000|100%|HC|  |TAMS 0x00000000a9000000, 0x00000000a8f00000| Complete 
| 144|0x00000000a9000000, 0x00000000a9100000, 0x00000000a9100000|100%|HS|  |TAMS 0x00000000a9100000, 0x00000000a9000000| Complete 
| 145|0x00000000a9100000, 0x00000000a9200000, 0x00000000a9200000|100%|HC|  |TAMS 0x00000000a9200000, 0x00000000a9100000| Complete 
| 146|0x00000000a9200000, 0x00000000a9300000, 0x00000000a9300000|100%|HC|  |TAMS 0x00000000a9300000, 0x00000000a9200000| Complete 
| 147|0x00000000a9300000, 0x00000000a9400000, 0x00000000a9400000|100%|HS|  |TAMS 0x00000000a9400000, 0x00000000a9300000| Complete 
| 148|0x00000000a9400000, 0x00000000a9500000, 0x00000000a9500000|100%|HC|  |TAMS 0x00000000a9500000, 0x00000000a9400000| Complete 
| 149|0x00000000a9500000, 0x00000000a9600000, 0x00000000a9600000|100%|HC|  |TAMS 0x00000000a9600000, 0x00000000a9500000| Complete 
| 150|0x00000000a9600000, 0x00000000a9700000, 0x00000000a9700000|100%|HS|  |TAMS 0x00000000a9700000, 0x00000000a9600000| Complete 
| 151|0x00000000a9700000, 0x00000000a9800000, 0x00000000a9800000|100%|HC|  |TAMS 0x00000000a9800000, 0x00000000a9700000| Complete 
| 152|0x00000000a9800000, 0x00000000a9900000, 0x00000000a9900000|100%|HS|  |TAMS 0x00000000a9900000, 0x00000000a9800000| Complete 
| 153|0x00000000a9900000, 0x00000000a9a00000, 0x00000000a9a00000|100%|HC|  |TAMS 0x00000000a9a00000, 0x00000000a9900000| Complete 
| 154|0x00000000a9a00000, 0x00000000a9b00000, 0x00000000a9b00000|100%|HS|  |TAMS 0x00000000a9b00000, 0x00000000a9a00000| Complete 
| 155|0x00000000a9b00000, 0x00000000a9c00000, 0x00000000a9c00000|100%|HS|  |TAMS 0x00000000a9c00000, 0x00000000a9b00000| Complete 
| 156|0x00000000a9c00000, 0x00000000a9d00000, 0x00000000a9d00000|100%|HC|  |TAMS 0x00000000a9d00000, 0x00000000a9c00000| Complete 
| 157|0x00000000a9d00000, 0x00000000a9e00000, 0x00000000a9e00000|100%|HS|  |TAMS 0x00000000a9e00000, 0x00000000a9d00000| Complete 
| 158|0x00000000a9e00000, 0x00000000a9f00000, 0x00000000a9f00000|100%|HC|  |TAMS 0x00000000a9f00000, 0x00000000a9e00000| Complete 
| 159|0x00000000a9f00000, 0x00000000aa000000, 0x00000000aa000000|100%|HS|  |TAMS 0x00000000aa000000, 0x00000000a9f00000| Complete 
| 160|0x00000000aa000000, 0x00000000aa100000, 0x00000000aa100000|100%|HC|  |TAMS 0x00000000aa100000, 0x00000000aa000000| Complete 
| 161|0x00000000aa100000, 0x00000000aa200000, 0x00000000aa200000|100%|HC|  |TAMS 0x00000000aa200000, 0x00000000aa100000| Complete 
| 162|0x00000000aa200000, 0x00000000aa300000, 0x00000000aa300000|100%|HS|  |TAMS 0x00000000aa300000, 0x00000000aa200000| Complete 
| 163|0x00000000aa300000, 0x00000000aa400000, 0x00000000aa400000|100%|HS|  |TAMS 0x00000000aa400000, 0x00000000aa300000| Complete 
| 164|0x00000000aa400000, 0x00000000aa500000, 0x00000000aa500000|100%|HC|  |TAMS 0x00000000aa500000, 0x00000000aa400000| Complete 
| 165|0x00000000aa500000, 0x00000000aa600000, 0x00000000aa600000|100%|HC|  |TAMS 0x00000000aa600000, 0x00000000aa500000| Complete 
| 166|0x00000000aa600000, 0x00000000aa700000, 0x00000000aa700000|100%|HS|  |TAMS 0x00000000aa600000, 0x00000000aa600000| Complete 
| 167|0x00000000aa700000, 0x00000000aa800000, 0x00000000aa800000|100%|HC|  |TAMS 0x00000000aa700000, 0x00000000aa700000| Complete 
| 168|0x00000000aa800000, 0x00000000aa900000, 0x00000000aa900000|100%|HS|  |TAMS 0x00000000aa800000, 0x00000000aa800000| Complete 
| 169|0x00000000aa900000, 0x00000000aaa00000, 0x00000000aaa00000|100%|HC|  |TAMS 0x00000000aa900000, 0x00000000aa900000| Complete 
| 170|0x00000000aaa00000, 0x00000000aab00000, 0x00000000aab00000|100%|HS|  |TAMS 0x00000000aab00000, 0x00000000aaa00000| Complete 
| 171|0x00000000aab00000, 0x00000000aac00000, 0x00000000aac00000|100%|HS|  |TAMS 0x00000000aac00000, 0x00000000aab00000| Complete 
| 172|0x00000000aac00000, 0x00000000aad00000, 0x00000000aad00000|100%|HC|  |TAMS 0x00000000aad00000, 0x00000000aac00000| Complete 
| 173|0x00000000aad00000, 0x00000000aae00000, 0x00000000aae00000|100%|HC|  |TAMS 0x00000000aae00000, 0x00000000aad00000| Complete 
| 174|0x00000000aae00000, 0x00000000aaf00000, 0x00000000aaf00000|100%|HC|  |TAMS 0x00000000aaf00000, 0x00000000aae00000| Complete 
| 175|0x00000000aaf00000, 0x00000000ab000000, 0x00000000ab000000|100%|HS|  |TAMS 0x00000000ab000000, 0x00000000aaf00000| Complete 
| 176|0x00000000ab000000, 0x00000000ab100000, 0x00000000ab100000|100%|HS|  |TAMS 0x00000000ab100000, 0x00000000ab000000| Complete 
| 177|0x00000000ab100000, 0x00000000ab200000, 0x00000000ab200000|100%|HC|  |TAMS 0x00000000ab200000, 0x00000000ab100000| Complete 
| 178|0x00000000ab200000, 0x00000000ab300000, 0x00000000ab300000|100%|HC|  |TAMS 0x00000000ab300000, 0x00000000ab200000| Complete 
| 179|0x00000000ab300000, 0x00000000ab400000, 0x00000000ab400000|100%|HS|  |TAMS 0x00000000ab300000, 0x00000000ab300000| Complete 
| 180|0x00000000ab400000, 0x00000000ab500000, 0x00000000ab500000|100%|HC|  |TAMS 0x00000000ab400000, 0x00000000ab400000| Complete 
| 181|0x00000000ab500000, 0x00000000ab600000, 0x00000000ab600000|100%|HS|  |TAMS 0x00000000ab500000, 0x00000000ab500000| Complete 
| 182|0x00000000ab600000, 0x00000000ab700000, 0x00000000ab700000|100%|HC|  |TAMS 0x00000000ab600000, 0x00000000ab600000| Complete 
| 183|0x00000000ab700000, 0x00000000ab800000, 0x00000000ab800000|100%|HS|  |TAMS 0x00000000ab700000, 0x00000000ab700000| Complete 
| 184|0x00000000ab800000, 0x00000000ab900000, 0x00000000ab900000|100%|HS|  |TAMS 0x00000000ab800000, 0x00000000ab800000| Complete 
| 185|0x00000000ab900000, 0x00000000aba00000, 0x00000000aba00000|100%|HS|  |TAMS 0x00000000aba00000, 0x00000000ab900000| Complete 
| 186|0x00000000aba00000, 0x00000000abb00000, 0x00000000abb00000|100%|HC|  |TAMS 0x00000000abb00000, 0x00000000aba00000| Complete 
| 187|0x00000000abb00000, 0x00000000abc00000, 0x00000000abc00000|100%|HC|  |TAMS 0x00000000abc00000, 0x00000000abb00000| Complete 
| 188|0x00000000abc00000, 0x00000000abd00000, 0x00000000abd00000|100%|HS|  |TAMS 0x00000000abc00000, 0x00000000abc00000| Complete 
| 189|0x00000000abd00000, 0x00000000abe00000, 0x00000000abe00000|100%|HC|  |TAMS 0x00000000abd00000, 0x00000000abd00000| Complete 
| 190|0x00000000abe00000, 0x00000000abf00000, 0x00000000abf00000|100%|HC|  |TAMS 0x00000000abe00000, 0x00000000abe00000| Complete 
| 191|0x00000000abf00000, 0x00000000ac000000, 0x00000000ac000000|100%|HS|  |TAMS 0x00000000ac000000, 0x00000000abf00000| Complete 
| 192|0x00000000ac000000, 0x00000000ac100000, 0x00000000ac100000|100%|HC|  |TAMS 0x00000000ac100000, 0x00000000ac000000| Complete 
| 193|0x00000000ac100000, 0x00000000ac200000, 0x00000000ac200000|100%|HS|  |TAMS 0x00000000ac100000, 0x00000000ac100000| Complete 
| 194|0x00000000ac200000, 0x00000000ac300000, 0x00000000ac300000|100%|HC|  |TAMS 0x00000000ac200000, 0x00000000ac200000| Complete 
| 195|0x00000000ac300000, 0x00000000ac400000, 0x00000000ac400000|100%|HC|  |TAMS 0x00000000ac300000, 0x00000000ac300000| Complete 
| 196|0x00000000ac400000, 0x00000000ac500000, 0x00000000ac500000|100%|HS|  |TAMS 0x00000000ac500000, 0x00000000ac400000| Complete 
| 197|0x00000000ac500000, 0x00000000ac600000, 0x00000000ac600000|100%|HC|  |TAMS 0x00000000ac600000, 0x00000000ac500000| Complete 
| 198|0x00000000ac600000, 0x00000000ac700000, 0x00000000ac700000|100%|HS|  |TAMS 0x00000000ac600000, 0x00000000ac600000| Complete 
| 199|0x00000000ac700000, 0x00000000ac800000, 0x00000000ac800000|100%|HS|  |TAMS 0x00000000ac800000, 0x00000000ac700000| Complete 
| 200|0x00000000ac800000, 0x00000000ac900000, 0x00000000ac900000|100%| O|  |TAMS 0x00000000ac900000, 0x00000000ac800000| Updating 
| 201|0x00000000ac900000, 0x00000000aca00000, 0x00000000aca00000|100%| O|  |TAMS 0x00000000aca00000, 0x00000000ac900000| Updating 
| 202|0x00000000aca00000, 0x00000000acb00000, 0x00000000acb00000|100%| O|  |TAMS 0x00000000acb00000, 0x00000000aca00000| Untracked 
| 203|0x00000000acb00000, 0x00000000acc00000, 0x00000000acc00000|100%| O|  |TAMS 0x00000000acc00000, 0x00000000acb00000| Updating 
| 204|0x00000000acc00000, 0x00000000acd00000, 0x00000000acd00000|100%| O|  |TAMS 0x00000000acd00000, 0x00000000acc00000| Untracked 
| 205|0x00000000acd00000, 0x00000000ace00000, 0x00000000ace00000|100%| O|  |TAMS 0x00000000ace00000, 0x00000000acd00000| Untracked 
| 206|0x00000000ace00000, 0x00000000acf00000, 0x00000000acf00000|100%| O|  |TAMS 0x00000000acf00000, 0x00000000ace00000| Updating 
| 207|0x00000000acf00000, 0x00000000ad000000, 0x00000000ad000000|100%| O|  |TAMS 0x00000000ad000000, 0x00000000acf00000| Updating 
| 208|0x00000000ad000000, 0x00000000ad08c800, 0x00000000ad100000| 54%| O|  |TAMS 0x00000000ad08c800, 0x00000000ad000000| Updating 
| 209|0x00000000ad100000, 0x00000000ad200000, 0x00000000ad200000|100%|HS|  |TAMS 0x00000000ad100000, 0x00000000ad100000| Complete 
| 210|0x00000000ad200000, 0x00000000ad300000, 0x00000000ad300000|100%|HC|  |TAMS 0x00000000ad200000, 0x00000000ad200000| Complete 
| 211|0x00000000ad300000, 0x00000000ad400000, 0x00000000ad400000|100%|HS|  |TAMS 0x00000000ad300000, 0x00000000ad300000| Complete 
| 212|0x00000000ad400000, 0x00000000ad500000, 0x00000000ad500000|100%|HC|  |TAMS 0x00000000ad400000, 0x00000000ad400000| Complete 
| 213|0x00000000ad500000, 0x00000000ad600000, 0x00000000ad600000|100%|HC|  |TAMS 0x00000000ad500000, 0x00000000ad500000| Complete 
| 214|0x00000000ad600000, 0x00000000ad700000, 0x00000000ad700000|100%| O|  |TAMS 0x00000000ad700000, 0x00000000ad600000| Untracked 
| 215|0x00000000ad700000, 0x00000000ad800000, 0x00000000ad800000|100%| O|  |TAMS 0x00000000ad800000, 0x00000000ad700000| Untracked 
| 216|0x00000000ad800000, 0x00000000ad900000, 0x00000000ad900000|100%| O|  |TAMS 0x00000000ad900000, 0x00000000ad800000| Untracked 
| 217|0x00000000ad900000, 0x00000000ada00000, 0x00000000ada00000|100%| O|  |TAMS 0x00000000ada00000, 0x00000000ad900000| Untracked 
| 218|0x00000000ada00000, 0x00000000adb00000, 0x00000000adb00000|100%| O|  |TAMS 0x00000000adb00000, 0x00000000ada00000| Untracked 
| 219|0x00000000adb00000, 0x00000000adc00000, 0x00000000adc00000|100%| O|  |TAMS 0x00000000adc00000, 0x00000000adb00000| Untracked 
| 220|0x00000000adc00000, 0x00000000add00000, 0x00000000add00000|100%|HS|  |TAMS 0x00000000adc00000, 0x00000000adc00000| Complete 
| 221|0x00000000add00000, 0x00000000ade00000, 0x00000000ade00000|100%|HC|  |TAMS 0x00000000add00000, 0x00000000add00000| Complete 
| 222|0x00000000ade00000, 0x00000000adf00000, 0x00000000adf00000|100%|HC|  |TAMS 0x00000000ade00000, 0x00000000ade00000| Complete 
| 223|0x00000000adf00000, 0x00000000adf00000, 0x00000000ae000000|  0%| F|  |TAMS 0x00000000adf00000, 0x00000000adf00000| Untracked 
| 224|0x00000000ae000000, 0x00000000ae000000, 0x00000000ae100000|  0%| F|  |TAMS 0x00000000ae000000, 0x00000000ae000000| Untracked 
| 225|0x00000000ae100000, 0x00000000ae100000, 0x00000000ae200000|  0%| F|  |TAMS 0x00000000ae100000, 0x00000000ae100000| Untracked 
| 226|0x00000000ae200000, 0x00000000ae200000, 0x00000000ae300000|  0%| F|  |TAMS 0x00000000ae200000, 0x00000000ae200000| Untracked 
| 227|0x00000000ae300000, 0x00000000ae300000, 0x00000000ae400000|  0%| F|  |TAMS 0x00000000ae300000, 0x00000000ae300000| Untracked 
| 228|0x00000000ae400000, 0x00000000ae400000, 0x00000000ae500000|  0%| F|  |TAMS 0x00000000ae400000, 0x00000000ae400000| Untracked 
| 229|0x00000000ae500000, 0x00000000ae500000, 0x00000000ae600000|  0%| F|  |TAMS 0x00000000ae500000, 0x00000000ae500000| Untracked 
| 230|0x00000000ae600000, 0x00000000ae600000, 0x00000000ae700000|  0%| F|  |TAMS 0x00000000ae600000, 0x00000000ae600000| Untracked 
| 231|0x00000000ae700000, 0x00000000ae700000, 0x00000000ae800000|  0%| F|  |TAMS 0x00000000ae700000, 0x00000000ae700000| Untracked 
| 232|0x00000000ae800000, 0x00000000ae800000, 0x00000000ae900000|  0%| F|  |TAMS 0x00000000ae800000, 0x00000000ae800000| Untracked 
| 233|0x00000000ae900000, 0x00000000ae900000, 0x00000000aea00000|  0%| F|  |TAMS 0x00000000ae900000, 0x00000000ae900000| Untracked 
| 234|0x00000000aea00000, 0x00000000aea00000, 0x00000000aeb00000|  0%| F|  |TAMS 0x00000000aea00000, 0x00000000aea00000| Untracked 
| 235|0x00000000aeb00000, 0x00000000aeb00000, 0x00000000aec00000|  0%| F|  |TAMS 0x00000000aeb00000, 0x00000000aeb00000| Untracked 
| 236|0x00000000aec00000, 0x00000000aec00000, 0x00000000aed00000|  0%| F|  |TAMS 0x00000000aec00000, 0x00000000aec00000| Untracked 
| 237|0x00000000aed00000, 0x00000000aed00000, 0x00000000aee00000|  0%| F|  |TAMS 0x00000000aed00000, 0x00000000aed00000| Untracked 
| 238|0x00000000aee00000, 0x00000000aee00000, 0x00000000aef00000|  0%| F|  |TAMS 0x00000000aee00000, 0x00000000aee00000| Untracked 
| 239|0x00000000aef00000, 0x00000000aef00000, 0x00000000af000000|  0%| F|  |TAMS 0x00000000aef00000, 0x00000000aef00000| Untracked 
| 240|0x00000000af000000, 0x00000000af000000, 0x00000000af100000|  0%| F|  |TAMS 0x00000000af000000, 0x00000000af000000| Untracked 
| 241|0x00000000af100000, 0x00000000af100000, 0x00000000af200000|  0%| F|  |TAMS 0x00000000af100000, 0x00000000af100000| Untracked 
| 242|0x00000000af200000, 0x00000000af200000, 0x00000000af300000|  0%| F|  |TAMS 0x00000000af200000, 0x00000000af200000| Untracked 
| 243|0x00000000af300000, 0x00000000af300000, 0x00000000af400000|  0%| F|  |TAMS 0x00000000af300000, 0x00000000af300000| Untracked 
| 244|0x00000000af400000, 0x00000000af400000, 0x00000000af500000|  0%| F|  |TAMS 0x00000000af400000, 0x00000000af400000| Untracked 
| 245|0x00000000af500000, 0x00000000af500000, 0x00000000af600000|  0%| F|  |TAMS 0x00000000af500000, 0x00000000af500000| Untracked 
| 246|0x00000000af600000, 0x00000000af600000, 0x00000000af700000|  0%| F|  |TAMS 0x00000000af600000, 0x00000000af600000| Untracked 
| 247|0x00000000af700000, 0x00000000af700000, 0x00000000af800000|  0%| F|  |TAMS 0x00000000af700000, 0x00000000af700000| Untracked 
| 248|0x00000000af800000, 0x00000000af800000, 0x00000000af900000|  0%| F|  |TAMS 0x00000000af800000, 0x00000000af800000| Untracked 
| 249|0x00000000af900000, 0x00000000af900000, 0x00000000afa00000|  0%| F|  |TAMS 0x00000000af900000, 0x00000000af900000| Untracked 
| 250|0x00000000afa00000, 0x00000000afa00000, 0x00000000afb00000|  0%| F|  |TAMS 0x00000000afa00000, 0x00000000afa00000| Untracked 
| 251|0x00000000afb00000, 0x00000000afb00000, 0x00000000afc00000|  0%| F|  |TAMS 0x00000000afb00000, 0x00000000afb00000| Untracked 
| 252|0x00000000afc00000, 0x00000000afc00000, 0x00000000afd00000|  0%| F|  |TAMS 0x00000000afc00000, 0x00000000afc00000| Untracked 
| 253|0x00000000afd00000, 0x00000000afd00000, 0x00000000afe00000|  0%| F|  |TAMS 0x00000000afd00000, 0x00000000afd00000| Untracked 
| 254|0x00000000afe00000, 0x00000000afe00000, 0x00000000aff00000|  0%| F|  |TAMS 0x00000000afe00000, 0x00000000afe00000| Untracked 
| 255|0x00000000aff00000, 0x00000000aff00000, 0x00000000b0000000|  0%| F|  |TAMS 0x00000000aff00000, 0x00000000aff00000| Untracked 
| 256|0x00000000b0000000, 0x00000000b0000000, 0x00000000b0100000|  0%| F|  |TAMS 0x00000000b0000000, 0x00000000b0000000| Untracked 
| 257|0x00000000b0100000, 0x00000000b0100000, 0x00000000b0200000|  0%| F|  |TAMS 0x00000000b0100000, 0x00000000b0100000| Untracked 
| 258|0x00000000b0200000, 0x00000000b0200000, 0x00000000b0300000|  0%| F|  |TAMS 0x00000000b0200000, 0x00000000b0200000| Untracked 
| 259|0x00000000b0300000, 0x00000000b0300000, 0x00000000b0400000|  0%| F|  |TAMS 0x00000000b0300000, 0x00000000b0300000| Untracked 
| 260|0x00000000b0400000, 0x00000000b0400000, 0x00000000b0500000|  0%| F|  |TAMS 0x00000000b0400000, 0x00000000b0400000| Untracked 
| 261|0x00000000b0500000, 0x00000000b0500000, 0x00000000b0600000|  0%| F|  |TAMS 0x00000000b0500000, 0x00000000b0500000| Untracked 
| 262|0x00000000b0600000, 0x00000000b0600000, 0x00000000b0700000|  0%| F|  |TAMS 0x00000000b0600000, 0x00000000b0600000| Untracked 
| 263|0x00000000b0700000, 0x00000000b0700000, 0x00000000b0800000|  0%| F|  |TAMS 0x00000000b0700000, 0x00000000b0700000| Untracked 
| 264|0x00000000b0800000, 0x00000000b0800000, 0x00000000b0900000|  0%| F|  |TAMS 0x00000000b0800000, 0x00000000b0800000| Untracked 
| 265|0x00000000b0900000, 0x00000000b0900000, 0x00000000b0a00000|  0%| F|  |TAMS 0x00000000b0900000, 0x00000000b0900000| Untracked 
| 266|0x00000000b0a00000, 0x00000000b0a00000, 0x00000000b0b00000|  0%| F|  |TAMS 0x00000000b0a00000, 0x00000000b0a00000| Untracked 
| 267|0x00000000b0b00000, 0x00000000b0b00000, 0x00000000b0c00000|  0%| F|  |TAMS 0x00000000b0b00000, 0x00000000b0b00000| Untracked 
| 268|0x00000000b0c00000, 0x00000000b0c00000, 0x00000000b0d00000|  0%| F|  |TAMS 0x00000000b0c00000, 0x00000000b0c00000| Untracked 
| 269|0x00000000b0d00000, 0x00000000b0d00000, 0x00000000b0e00000|  0%| F|  |TAMS 0x00000000b0d00000, 0x00000000b0d00000| Untracked 
| 270|0x00000000b0e00000, 0x00000000b0e00000, 0x00000000b0f00000|  0%| F|  |TAMS 0x00000000b0e00000, 0x00000000b0e00000| Untracked 
| 271|0x00000000b0f00000, 0x00000000b0f00000, 0x00000000b1000000|  0%| F|  |TAMS 0x00000000b0f00000, 0x00000000b0f00000| Untracked 
| 272|0x00000000b1000000, 0x00000000b1000000, 0x00000000b1100000|  0%| F|  |TAMS 0x00000000b1000000, 0x00000000b1000000| Untracked 
| 273|0x00000000b1100000, 0x00000000b1100000, 0x00000000b1200000|  0%| F|  |TAMS 0x00000000b1100000, 0x00000000b1100000| Untracked 
| 274|0x00000000b1200000, 0x00000000b1200000, 0x00000000b1300000|  0%| F|  |TAMS 0x00000000b1200000, 0x00000000b1200000| Untracked 
| 275|0x00000000b1300000, 0x00000000b1300000, 0x00000000b1400000|  0%| F|  |TAMS 0x00000000b1300000, 0x00000000b1300000| Untracked 
| 276|0x00000000b1400000, 0x00000000b1400000, 0x00000000b1500000|  0%| F|  |TAMS 0x00000000b1400000, 0x00000000b1400000| Untracked 
| 277|0x00000000b1500000, 0x00000000b1500000, 0x00000000b1600000|  0%| F|  |TAMS 0x00000000b1500000, 0x00000000b1500000| Untracked 
| 278|0x00000000b1600000, 0x00000000b1600000, 0x00000000b1700000|  0%| F|  |TAMS 0x00000000b1600000, 0x00000000b1600000| Untracked 
| 279|0x00000000b1700000, 0x00000000b1700000, 0x00000000b1800000|  0%| F|  |TAMS 0x00000000b1700000, 0x00000000b1700000| Untracked 
| 280|0x00000000b1800000, 0x00000000b1800000, 0x00000000b1900000|  0%| F|  |TAMS 0x00000000b1800000, 0x00000000b1800000| Untracked 
| 281|0x00000000b1900000, 0x00000000b1900000, 0x00000000b1a00000|  0%| F|  |TAMS 0x00000000b1900000, 0x00000000b1900000| Untracked 
| 282|0x00000000b1a00000, 0x00000000b1a00000, 0x00000000b1b00000|  0%| F|  |TAMS 0x00000000b1a00000, 0x00000000b1a00000| Untracked 
| 283|0x00000000b1b00000, 0x00000000b1b00000, 0x00000000b1c00000|  0%| F|  |TAMS 0x00000000b1b00000, 0x00000000b1b00000| Untracked 
| 284|0x00000000b1c00000, 0x00000000b1d00000, 0x00000000b1d00000|100%| E|  |TAMS 0x00000000b1c00000, 0x00000000b1c00000| Complete 
| 285|0x00000000b1d00000, 0x00000000b1e00000, 0x00000000b1e00000|100%| E|CS|TAMS 0x00000000b1d00000, 0x00000000b1d00000| Complete 
| 286|0x00000000b1e00000, 0x00000000b1f00000, 0x00000000b1f00000|100%| E|CS|TAMS 0x00000000b1e00000, 0x00000000b1e00000| Complete 
| 287|0x00000000b1f00000, 0x00000000b2000000, 0x00000000b2000000|100%| E|CS|TAMS 0x00000000b1f00000, 0x00000000b1f00000| Complete 
| 288|0x00000000b2000000, 0x00000000b2100000, 0x00000000b2100000|100%| E|CS|TAMS 0x00000000b2000000, 0x00000000b2000000| Complete 
| 289|0x00000000b2100000, 0x00000000b2200000, 0x00000000b2200000|100%| E|CS|TAMS 0x00000000b2100000, 0x00000000b2100000| Complete 
| 290|0x00000000b2200000, 0x00000000b2300000, 0x00000000b2300000|100%| E|CS|TAMS 0x00000000b2200000, 0x00000000b2200000| Complete 
| 291|0x00000000b2300000, 0x00000000b2400000, 0x00000000b2400000|100%| E|CS|TAMS 0x00000000b2300000, 0x00000000b2300000| Complete 
| 292|0x00000000b2400000, 0x00000000b2500000, 0x00000000b2500000|100%| E|CS|TAMS 0x00000000b2400000, 0x00000000b2400000| Complete 
| 293|0x00000000b2500000, 0x00000000b2600000, 0x00000000b2600000|100%| E|CS|TAMS 0x00000000b2500000, 0x00000000b2500000| Complete 
| 294|0x00000000b2600000, 0x00000000b2620010, 0x00000000b2700000| 12%| S|CS|TAMS 0x00000000b2600000, 0x00000000b2600000| Complete 
| 295|0x00000000b2700000, 0x00000000b2800000, 0x00000000b2800000|100%| S|CS|TAMS 0x00000000b2700000, 0x00000000b2700000| Complete 
| 296|0x00000000b2800000, 0x00000000b2900000, 0x00000000b2900000|100%| S|CS|TAMS 0x00000000b2800000, 0x00000000b2800000| Complete 
| 297|0x00000000b2900000, 0x00000000b2a00000, 0x00000000b2a00000|100%| S|CS|TAMS 0x00000000b2900000, 0x00000000b2900000| Complete 
| 298|0x00000000b2a00000, 0x00000000b2b00000, 0x00000000b2b00000|100%| E|  |TAMS 0x00000000b2a00000, 0x00000000b2a00000| Complete 
| 299|0x00000000b2b00000, 0x00000000b2c00000, 0x00000000b2c00000|100%| E|CS|TAMS 0x00000000b2b00000, 0x00000000b2b00000| Complete 
| 300|0x00000000b2c00000, 0x00000000b2d00000, 0x00000000b2d00000|100%|HS|  |TAMS 0x00000000b2d00000, 0x00000000b2c00000| Complete 
| 301|0x00000000b2d00000, 0x00000000b2e00000, 0x00000000b2e00000|100%|HC|  |TAMS 0x00000000b2e00000, 0x00000000b2d00000| Complete 
| 302|0x00000000b2e00000, 0x00000000b2f00000, 0x00000000b2f00000|100%|HC|  |TAMS 0x00000000b2f00000, 0x00000000b2e00000| Complete 
| 303|0x00000000b2f00000, 0x00000000b3000000, 0x00000000b3000000|100%|HC|  |TAMS 0x00000000b3000000, 0x00000000b2f00000| Complete 
| 304|0x00000000b3000000, 0x00000000b3100000, 0x00000000b3100000|100%|HC|  |TAMS 0x00000000b3100000, 0x00000000b3000000| Complete 
| 305|0x00000000b3100000, 0x00000000b3200000, 0x00000000b3200000|100%|HC|  |TAMS 0x00000000b3200000, 0x00000000b3100000| Complete 
| 306|0x00000000b3200000, 0x00000000b3300000, 0x00000000b3300000|100%|HC|  |TAMS 0x00000000b3300000, 0x00000000b3200000| Complete 
| 307|0x00000000b3300000, 0x00000000b3400000, 0x00000000b3400000|100%|HC|  |TAMS 0x00000000b3400000, 0x00000000b3300000| Complete 
| 308|0x00000000b3400000, 0x00000000b3500000, 0x00000000b3500000|100%|HC|  |TAMS 0x00000000b3500000, 0x00000000b3400000| Complete 
| 309|0x00000000b3500000, 0x00000000b3600000, 0x00000000b3600000|100%|HC|  |TAMS 0x00000000b3600000, 0x00000000b3500000| Complete 
| 310|0x00000000b3600000, 0x00000000b3700000, 0x00000000b3700000|100%|HC|  |TAMS 0x00000000b3700000, 0x00000000b3600000| Complete 
| 311|0x00000000b3700000, 0x00000000b3800000, 0x00000000b3800000|100%|HC|  |TAMS 0x00000000b3800000, 0x00000000b3700000| Complete 
| 312|0x00000000b3800000, 0x00000000b3900000, 0x00000000b3900000|100%|HC|  |TAMS 0x00000000b3900000, 0x00000000b3800000| Complete 
| 313|0x00000000b3900000, 0x00000000b3a00000, 0x00000000b3a00000|100%|HC|  |TAMS 0x00000000b3a00000, 0x00000000b3900000| Complete 
| 314|0x00000000b3a00000, 0x00000000b3b00000, 0x00000000b3b00000|100%|HC|  |TAMS 0x00000000b3b00000, 0x00000000b3a00000| Complete 
| 315|0x00000000b3b00000, 0x00000000b3c00000, 0x00000000b3c00000|100%|HC|  |TAMS 0x00000000b3c00000, 0x00000000b3b00000| Complete 
| 316|0x00000000b3c00000, 0x00000000b3d00000, 0x00000000b3d00000|100%|HC|  |TAMS 0x00000000b3d00000, 0x00000000b3c00000| Complete 
| 317|0x00000000b3d00000, 0x00000000b3e00000, 0x00000000b3e00000|100%|HC|  |TAMS 0x00000000b3e00000, 0x00000000b3d00000| Complete 
| 318|0x00000000b3e00000, 0x00000000b3f00000, 0x00000000b3f00000|100%|HC|  |TAMS 0x00000000b3f00000, 0x00000000b3e00000| Complete 
| 319|0x00000000b3f00000, 0x00000000b4000000, 0x00000000b4000000|100%|HC|  |TAMS 0x00000000b4000000, 0x00000000b3f00000| Complete 
| 320|0x00000000b4000000, 0x00000000b4100000, 0x00000000b4100000|100%|HC|  |TAMS 0x00000000b4100000, 0x00000000b4000000| Complete 
| 321|0x00000000b4100000, 0x00000000b4200000, 0x00000000b4200000|100%|HC|  |TAMS 0x00000000b4200000, 0x00000000b4100000| Complete 
| 322|0x00000000b4200000, 0x00000000b4300000, 0x00000000b4300000|100%|HC|  |TAMS 0x00000000b4300000, 0x00000000b4200000| Complete 
| 323|0x00000000b4300000, 0x00000000b4400000, 0x00000000b4400000|100%|HC|  |TAMS 0x00000000b4400000, 0x00000000b4300000| Complete 
| 324|0x00000000b4400000, 0x00000000b4500000, 0x00000000b4500000|100%|HC|  |TAMS 0x00000000b4500000, 0x00000000b4400000| Complete 
| 325|0x00000000b4500000, 0x00000000b4600000, 0x00000000b4600000|100%|HC|  |TAMS 0x00000000b4600000, 0x00000000b4500000| Complete 
| 326|0x00000000b4600000, 0x00000000b4700000, 0x00000000b4700000|100%|HC|  |TAMS 0x00000000b4700000, 0x00000000b4600000| Complete 
| 327|0x00000000b4700000, 0x00000000b4800000, 0x00000000b4800000|100%|HC|  |TAMS 0x00000000b4800000, 0x00000000b4700000| Complete 
| 328|0x00000000b4800000, 0x00000000b4900000, 0x00000000b4900000|100%|HC|  |TAMS 0x00000000b4900000, 0x00000000b4800000| Complete 
| 329|0x00000000b4900000, 0x00000000b4a00000, 0x00000000b4a00000|100%|HC|  |TAMS 0x00000000b4a00000, 0x00000000b4900000| Complete 

Card table byte_map: [0x00000213fc160000,0x00000213fc460000] _byte_map_base: 0x00000213fbc60000

Marking Bits (Prev, Next): (CMBitMap*) 0x00000213fbdfae60, (CMBitMap*) 0x00000213fbdfaea0
 Prev Bits: [0x00000213fc760000, 0x00000213fdf60000)
 Next Bits: [0x00000213fdf60000, 0x00000213ff760000)

Polling page: 0x00000213f9d40000

Metaspace:

Usage:
  Non-class:     86.90 MB used.
      Class:     13.60 MB used.
       Both:    100.50 MB used.

Virtual space:
  Non-class space:      128.00 MB reserved,      87.25 MB ( 68%) committed,  2 nodes.
      Class space:        1.00 GB reserved,      14.00 MB (  1%) committed,  1 nodes.
             Both:        1.12 GB reserved,     101.25 MB (  9%) committed. 

Chunk freelists:
   Non-Class:  8.50 MB
       Class:  2.02 MB
        Both:  10.52 MB

MaxMetaspaceSize: unlimited
CompressedClassSpaceSize: 1.00 GB
Initial GC threshold: 21.00 MB
Current GC threshold: 160.75 MB
CDS: on
MetaspaceReclaimPolicy: balanced
 - commit_granule_bytes: 65536.
 - commit_granule_words: 8192.
 - virtual_space_node_default_size: 8388608.
 - enlarge_chunks_in_place: 1.
 - new_chunks_are_fully_committed: 0.
 - uncommit_free_chunks: 1.
 - use_allocation_guard: 0.
 - handle_deallocations: 1.


Internal statistics:

num_allocs_failed_limit: 14.
num_arena_births: 1284.
num_arena_deaths: 2.
num_vsnodes_births: 3.
num_vsnodes_deaths: 0.
num_space_committed: 1618.
num_space_uncommitted: 0.
num_chunks_returned_to_freelist: 16.
num_chunks_taken_from_freelist: 5582.
num_chunk_merges: 14.
num_chunk_splits: 3703.
num_chunks_enlarged: 2464.
num_inconsistent_stats: 0.

CodeHeap 'non-profiled nmethods': size=120000Kb used=8596Kb max_used=8596Kb free=111403Kb
 bounds [0x000002138f5a0000, 0x000002138fe10000, 0x0000021396ad0000]
CodeHeap 'profiled nmethods': size=120000Kb used=27104Kb max_used=27104Kb free=92896Kb
 bounds [0x0000021387ad0000, 0x0000021389550000, 0x000002138f000000]
CodeHeap 'non-nmethods': size=5760Kb used=1758Kb max_used=1845Kb free=4001Kb
 bounds [0x000002138f000000, 0x000002138f270000, 0x000002138f5a0000]
 total_blobs=14207 nmethods=13371 adapters=748
 compilation: enabled
              stopped_count=0, restarted_count=0
 full_count=0

Compilation events (20 events):
Event: 20.137 Thread 0x00000213ffc6c030 nmethod 15778 0x000002138954a110 code [0x000002138954a2e0, 0x000002138954a5d8]
Event: 20.137 Thread 0x00000213ffc6c030 15779       3       com.android.tools.r8.utils.j1::d (140 bytes)
Event: 20.137 Thread 0x00000213ffc6c030 nmethod 15779 0x000002138954a710 code [0x000002138954a8e0, 0x000002138954ae58]
Event: 20.140 Thread 0x00000213ffc6c030 15782       3       com.android.tools.r8.graph.r5::c (33 bytes)
Event: 20.141 Thread 0x00000213ffc6c030 nmethod 15782 0x000002138954af10 code [0x000002138954b0c0, 0x000002138954b218]
Event: 20.141 Thread 0x00000213e425da90 nmethod 15772 0x000002138fdfe590 code [0x000002138fdfe7e0, 0x000002138fdff3b0]
Event: 20.141 Thread 0x00000213e425da90 15780       4       java.nio.ByteBuffer::flip (5 bytes)
Event: 20.142 Thread 0x00000213e425da90 nmethod 15780 0x000002138fdffd10 code [0x000002138fdffea0, 0x000002138fdfff58]
Event: 20.142 Thread 0x00000213e425da90 15781   !   4       org.apache.commons.compress.utils.FixedLengthBlockOutputStream$BufferAtATimeOutputChannel::write (84 bytes)
Event: 20.144 Thread 0x00000213ffc5dc20 nmethod 15776 0x000002138fe00010 code [0x000002138fe00220, 0x000002138fe012f0]
Event: 20.144 Thread 0x00000213ffc5dc20 15783       4       org.apache.commons.compress.utils.CountingOutputStream::write (17 bytes)
Event: 20.149 Thread 0x00000213ffc5dc20 nmethod 15783 0x000002138fe01a10 code [0x000002138fe01c00, 0x000002138fe02490]
Event: 20.149 Thread 0x00000213ffc5dc20 15784       4       java.nio.charset.CharsetEncoder::replaceWith (89 bytes)
Event: 20.151 Thread 0x00000213e425da90 nmethod 15781 0x000002138fe02a10 code [0x000002138fe02c20, 0x000002138fe03920]
Event: 20.151 Thread 0x00000213ffc6c030 15785 % !   3       com.android.tools.r8.dex.a::b @ 2693 (3881 bytes)
Event: 20.152 Thread 0x00000213ffc5dc20 nmethod 15784 0x000002138fe04190 code [0x000002138fe04320, 0x000002138fe04638]
Event: 20.152 Thread 0x00000213ffc5dc20 15786       4       com.android.tools.r8.utils.j1::d (140 bytes)
Event: 20.153 Thread 0x00000213ffc5dc20 nmethod 15786 0x000002138fe04810 code [0x000002138fe049a0, 0x000002138fe04a58]
Event: 20.153 Thread 0x00000213e425da90 15787       4       com.android.tools.r8.graph.D2::a (255 bytes)
Event: 20.155 Thread 0x00000213e425da90 nmethod 15787 0x000002138fe04b10 code [0x000002138fe04ca0, 0x000002138fe04ef8]

GC Heap History (20 events):
Event: 13.293 GC heap before
{Heap before GC invocations=31 (full 0):
 garbage-first heap   total 271360K, used 203951K [0x00000000a0000000, 0x0000000100000000)
  region size 1024K, 133 young (136192K), 14 survivors (14336K)
 Metaspace       used 84472K, committed 85184K, reserved 1179648K
  class space    used 11953K, committed 12288K, reserved 1048576K
}
Event: 13.312 GC heap after
{Heap after GC invocations=32 (full 0):
 garbage-first heap   total 271360K, used 90813K [0x00000000a0000000, 0x0000000100000000)
  region size 1024K, 15 young (15360K), 15 survivors (15360K)
 Metaspace       used 84472K, committed 85184K, reserved 1179648K
  class space    used 11953K, committed 12288K, reserved 1048576K
}
Event: 15.233 GC heap before
{Heap before GC invocations=32 (full 0):
 garbage-first heap   total 271360K, used 211645K [0x00000000a0000000, 0x0000000100000000)
  region size 1024K, 129 young (132096K), 15 survivors (15360K)
 Metaspace       used 89546K, committed 90304K, reserved 1179648K
  class space    used 12440K, committed 12800K, reserved 1048576K
}
Event: 15.257 GC heap after
{Heap after GC invocations=33 (full 0):
 garbage-first heap   total 271360K, used 106303K [0x00000000a0000000, 0x0000000100000000)
  region size 1024K, 17 young (17408K), 17 survivors (17408K)
 Metaspace       used 89546K, committed 90304K, reserved 1179648K
  class space    used 12440K, committed 12800K, reserved 1048576K
}
Event: 16.123 GC heap before
{Heap before GC invocations=33 (full 0):
 garbage-first heap   total 271360K, used 159551K [0x00000000a0000000, 0x0000000100000000)
  region size 1024K, 63 young (64512K), 17 survivors (17408K)
 Metaspace       used 91728K, committed 92480K, reserved 1179648K
  class space    used 12599K, committed 12992K, reserved 1048576K
}
Event: 16.141 GC heap after
{Heap after GC invocations=34 (full 0):
 garbage-first heap   total 271360K, used 112852K [0x00000000a0000000, 0x0000000100000000)
  region size 1024K, 6 young (6144K), 6 survivors (6144K)
 Metaspace       used 91728K, committed 92480K, reserved 1179648K
  class space    used 12599K, committed 12992K, reserved 1048576K
}
Event: 17.239 GC heap before
{Heap before GC invocations=35 (full 0):
 garbage-first heap   total 271360K, used 206036K [0x00000000a0000000, 0x0000000100000000)
  region size 1024K, 98 young (100352K), 6 survivors (6144K)
 Metaspace       used 95398K, committed 96128K, reserved 1179648K
  class space    used 12977K, committed 13376K, reserved 1048576K
}
Event: 17.243 GC heap after
{Heap after GC invocations=36 (full 0):
 garbage-first heap   total 271360K, used 110292K [0x00000000a0000000, 0x0000000100000000)
  region size 1024K, 3 young (3072K), 3 survivors (3072K)
 Metaspace       used 95398K, committed 96128K, reserved 1179648K
  class space    used 12977K, committed 13376K, reserved 1048576K
}
Event: 17.466 GC heap before
{Heap before GC invocations=36 (full 0):
 garbage-first heap   total 271360K, used 120532K [0x00000000a0000000, 0x0000000100000000)
  region size 1024K, 13 young (13312K), 3 survivors (3072K)
 Metaspace       used 96064K, committed 96832K, reserved 1179648K
  class space    used 13049K, committed 13440K, reserved 1048576K
}
Event: 17.470 GC heap after
{Heap after GC invocations=37 (full 0):
 garbage-first heap   total 271360K, used 110974K [0x00000000a0000000, 0x0000000100000000)
  region size 1024K, 1 young (1024K), 1 survivors (1024K)
 Metaspace       used 96064K, committed 96832K, reserved 1179648K
  class space    used 13049K, committed 13440K, reserved 1048576K
}
Event: 18.651 GC heap before
{Heap before GC invocations=37 (full 0):
 garbage-first heap   total 271360K, used 206206K [0x00000000a0000000, 0x0000000100000000)
  region size 1024K, 91 young (93184K), 1 survivors (1024K)
 Metaspace       used 97917K, committed 98752K, reserved 1179648K
  class space    used 13259K, committed 13696K, reserved 1048576K
}
Event: 18.663 GC heap after
{Heap after GC invocations=38 (full 0):
 garbage-first heap   total 271360K, used 121598K [0x00000000a0000000, 0x0000000100000000)
  region size 1024K, 7 young (7168K), 7 survivors (7168K)
 Metaspace       used 97917K, committed 98752K, reserved 1179648K
  class space    used 13259K, committed 13696K, reserved 1048576K
}
Event: 18.730 GC heap before
{Heap before GC invocations=38 (full 0):
 garbage-first heap   total 271360K, used 156414K [0x00000000a0000000, 0x0000000100000000)
  region size 1024K, 13 young (13312K), 7 survivors (7168K)
 Metaspace       used 97932K, committed 98752K, reserved 1179648K
  class space    used 13259K, committed 13696K, reserved 1048576K
}
Event: 18.736 GC heap after
{Heap after GC invocations=39 (full 0):
 garbage-first heap   total 271360K, used 154000K [0x00000000a0000000, 0x0000000100000000)
  region size 1024K, 8 young (8192K), 8 survivors (8192K)
 Metaspace       used 97932K, committed 98752K, reserved 1179648K
  class space    used 13259K, committed 13696K, reserved 1048576K
}
Event: 19.995 GC heap before
{Heap before GC invocations=40 (full 0):
 garbage-first heap   total 337920K, used 317840K [0x00000000a0000000, 0x0000000100000000)
  region size 1024K, 69 young (70656K), 8 survivors (8192K)
 Metaspace       used 102370K, committed 103168K, reserved 1179648K
  class space    used 13865K, committed 14272K, reserved 1048576K
}
Event: 20.003 GC heap after
{Heap after GC invocations=41 (full 0):
 garbage-first heap   total 337920K, used 220436K [0x00000000a0000000, 0x0000000100000000)
  region size 1024K, 10 young (10240K), 10 survivors (10240K)
 Metaspace       used 102370K, committed 103168K, reserved 1179648K
  class space    used 13865K, committed 14272K, reserved 1048576K
}
Event: 20.011 GC heap before
{Heap before GC invocations=41 (full 0):
 garbage-first heap   total 337920K, used 257300K [0x00000000a0000000, 0x0000000100000000)
  region size 1024K, 16 young (16384K), 10 survivors (10240K)
 Metaspace       used 102386K, committed 103168K, reserved 1179648K
  class space    used 13867K, committed 14272K, reserved 1048576K
}
Event: 20.014 GC heap after
{Heap after GC invocations=42 (full 0):
 garbage-first heap   total 337920K, used 230821K [0x00000000a0000000, 0x0000000100000000)
  region size 1024K, 2 young (2048K), 2 survivors (2048K)
 Metaspace       used 102386K, committed 103168K, reserved 1179648K
  class space    used 13867K, committed 14272K, reserved 1048576K
}
Event: 20.015 GC heap before
{Heap before GC invocations=42 (full 0):
 garbage-first heap   total 337920K, used 230821K [0x00000000a0000000, 0x0000000100000000)
  region size 1024K, 4 young (4096K), 2 survivors (2048K)
 Metaspace       used 102389K, committed 103168K, reserved 1179648K
  class space    used 13867K, committed 14272K, reserved 1048576K
}
Event: 20.016 GC heap after
{Heap after GC invocations=43 (full 0):
 garbage-first heap   total 337920K, used 231090K [0x00000000a0000000, 0x0000000100000000)
  region size 1024K, 4 young (4096K), 4 survivors (4096K)
 Metaspace       used 102389K, committed 103168K, reserved 1179648K
  class space    used 13867K, committed 14272K, reserved 1048576K
}

Dll operation events (15 events):
Event: 0.007 Loaded shared library C:\Program Files\Eclipse Adoptium\jdk-17.0.20.8-hotspot\bin\java.dll
Event: 0.020 Loaded shared library C:\Program Files\Eclipse Adoptium\jdk-17.0.20.8-hotspot\bin\jsvml.dll
Event: 0.062 Loaded shared library C:\Program Files\Eclipse Adoptium\jdk-17.0.20.8-hotspot\bin\zip.dll
Event: 0.065 Loaded shared library C:\Program Files\Eclipse Adoptium\jdk-17.0.20.8-hotspot\bin\instrument.dll
Event: 0.068 Loaded shared library C:\Program Files\Eclipse Adoptium\jdk-17.0.20.8-hotspot\bin\net.dll
Event: 0.070 Loaded shared library C:\Program Files\Eclipse Adoptium\jdk-17.0.20.8-hotspot\bin\nio.dll
Event: 0.073 Loaded shared library C:\Program Files\Eclipse Adoptium\jdk-17.0.20.8-hotspot\bin\zip.dll
Event: 0.241 Loaded shared library C:\Program Files\Eclipse Adoptium\jdk-17.0.20.8-hotspot\bin\jimage.dll
Event: 0.303 Loaded shared library C:\Program Files\Eclipse Adoptium\jdk-17.0.20.8-hotspot\bin\verify.dll
Event: 0.456 Loaded shared library C:\Users\MAYUR\.gradle\native\c067742578af261105cb4f569cf0c3c89f3d7b1fecec35dd04571415982c5e48\windows-amd64\native-platform.dll
Event: 0.637 Loaded shared library C:\Users\MAYUR\.gradle\native\38dada09dfb8b06ba9b0570ebf7e218e3eb74d4ef43ca46872605cf95ebc2f47\windows-amd64\native-platform-file-events.dll
Event: 1.627 Loaded shared library C:\Program Files\Eclipse Adoptium\jdk-17.0.20.8-hotspot\bin\management.dll
Event: 1.630 Loaded shared library C:\Program Files\Eclipse Adoptium\jdk-17.0.20.8-hotspot\bin\management_ext.dll
Event: 1.827 Loaded shared library C:\Program Files\Eclipse Adoptium\jdk-17.0.20.8-hotspot\bin\extnet.dll
Event: 2.047 Loaded shared library C:\Program Files\Eclipse Adoptium\jdk-17.0.20.8-hotspot\bin\sunmscapi.dll

Deoptimization events (20 events):
Event: 20.069 Thread 0x00000213dee4ad90 DEOPT PACKING pc=0x000002138f6bbd38 sp=0x000000d24daf8e70
Event: 20.069 Thread 0x00000213dee4ad90 DEOPT UNPACKING pc=0x000002138f05a1a3 sp=0x000000d24daf8e20 mode 2
Event: 20.070 Thread 0x00000213dfef5d20 Uncommon trap: trap_request=0xffffffbe fr.pc=0x000002138fd683b8 relative=0x0000000000000558
Event: 20.070 Thread 0x00000213dfef5d20 Uncommon trap: reason=profile_predicate action=maybe_recompile pc=0x000002138fd683b8 method=sun.nio.fs.WindowsPath.compareTo(Ljava/nio/file/Path;)I @ 53 c2
Event: 20.070 Thread 0x00000213dfef5d20 DEOPT PACKING pc=0x000002138fd683b8 sp=0x000000d24e2f9330
Event: 20.070 Thread 0x00000213dfef5d20 DEOPT UNPACKING pc=0x000002138f05a1a3 sp=0x000000d24e2f9298 mode 2
Event: 20.104 Thread 0x00000213dfef5d20 Uncommon trap: trap_request=0xffffff45 fr.pc=0x000002138f904e88 relative=0x00000000000000e8
Event: 20.104 Thread 0x00000213dfef5d20 Uncommon trap: reason=unstable_if action=reinterpret pc=0x000002138f904e88 method=org.objectweb.asm.ByteVector.putShort(I)Lorg/objectweb/asm/ByteVector; @ 13 c2
Event: 20.104 Thread 0x00000213dfef5d20 DEOPT PACKING pc=0x000002138f904e88 sp=0x000000d24e2fd5f0
Event: 20.104 Thread 0x00000213dfef5d20 DEOPT UNPACKING pc=0x000002138f05a1a3 sp=0x000000d24e2fd588 mode 2
Event: 20.121 Thread 0x00000213dfef5d20 Uncommon trap: trap_request=0xffffffbe fr.pc=0x000002138fd683b8 relative=0x0000000000000558
Event: 20.121 Thread 0x00000213dfef5d20 Uncommon trap: reason=profile_predicate action=maybe_recompile pc=0x000002138fd683b8 method=sun.nio.fs.WindowsPath.compareTo(Ljava/nio/file/Path;)I @ 53 c2
Event: 20.121 Thread 0x00000213dfef5d20 DEOPT PACKING pc=0x000002138fd683b8 sp=0x000000d24e2fd570
Event: 20.121 Thread 0x00000213dfef5d20 DEOPT UNPACKING pc=0x000002138f05a1a3 sp=0x000000d24e2fd4d8 mode 2
Event: 20.137 Thread 0x00000213dee4ad90 Uncommon trap: trap_request=0xffffff45 fr.pc=0x000002138fdfe4a4 relative=0x0000000000000084
Event: 20.137 Thread 0x00000213dee4ad90 Uncommon trap: reason=unstable_if action=reinterpret pc=0x000002138fdfe4a4 method=com.android.tools.r8.utils.j1.d(I)Z @ 45 c2
Event: 20.137 Thread 0x00000213dee4ad90 DEOPT PACKING pc=0x000002138fdfe4a4 sp=0x000000d24dafd560
Event: 20.137 Thread 0x00000213dee4ad90 DEOPT UNPACKING pc=0x000002138f05a1a3 sp=0x000000d24dafd4f0 mode 2
Event: 20.138 Thread 0x00000213dee4ad90 DEOPT PACKING pc=0x00000213891beba9 sp=0x000000d24dafd420
Event: 20.138 Thread 0x00000213dee4ad90 DEOPT UNPACKING pc=0x000002138f05ace3 sp=0x000000d24dafc930 mode 0

Classes loaded (20 events):
Event: 19.227 Loading class java/util/concurrent/Executors$DelegatedExecutorService done
Event: 19.227 Loading class java/util/concurrent/Executors$DelegatedScheduledExecutorService done
Event: 19.233 Loading class java/lang/ProcessImpl
Event: 19.233 Loading class java/lang/ProcessImpl done
Event: 19.234 Loading class java/io/UTFDataFormatException
Event: 19.234 Loading class java/io/UTFDataFormatException done
Event: 19.244 Loading class java/lang/ProcessHandleImpl
Event: 19.244 Loading class java/lang/ProcessHandleImpl done
Event: 19.246 Loading class java/lang/ProcessImpl$2
Event: 19.246 Loading class java/lang/ProcessImpl$2 done
Event: 19.246 Loading class java/lang/Process$PipeInputStream
Event: 19.246 Loading class java/lang/Process$PipeInputStream done
Event: 19.248 Loading class jdk/internal/event/ProcessStartEvent
Event: 19.249 Loading class jdk/internal/event/ProcessStartEvent done
Event: 19.291 Loading class jdk/internal/reflect/UnsafeQualifiedBooleanFieldAccessorImpl
Event: 19.291 Loading class jdk/internal/reflect/UnsafeQualifiedBooleanFieldAccessorImpl done
Event: 19.404 Loading class java/util/stream/Streams$RangeIntSpliterator
Event: 19.404 Loading class java/util/stream/Streams$RangeIntSpliterator done
Event: 19.553 Loading class java/nio/BufferUnderflowException
Event: 19.553 Loading class java/nio/BufferUnderflowException done

Classes unloaded (1 events):
Event: 18.868 Thread 0x00000213ffc31760 Unloading class 0x000002139ac08400 'java/lang/invoke/LambdaForm$DMH+0x000002139ac08400'

Classes redefined (0 events):
No events

Internal exceptions (20 events):
Event: 19.091 Thread 0x00000213e3911a80 Exception <a 'java/lang/NoSuchMethodError'{0x00000000b1b2f0f0}: static Lcom/android/build/api/variant/impl/VariantOutputConfigurationImpl;.<clinit>()V> (0x00000000b1b2f0f0) 
thrown [s\src\hotspot\share\prims\jni.cpp, line 1112]
Event: 19.144 Thread 0x00000213e3916160 Exception <a 'sun/nio/fs/WindowsException'{0x00000000b15471b8}> (0x00000000b15471b8) 
thrown [s\src\hotspot\share\prims\jni.cpp, line 516]
Event: 19.152 Thread 0x00000213e3916160 Exception <a 'sun/nio/fs/WindowsException'{0x00000000b1548dc8}> (0x00000000b1548dc8) 
thrown [s\src\hotspot\share\prims\jni.cpp, line 516]
Event: 19.167 Thread 0x00000213e3916160 Exception <a 'sun/nio/fs/WindowsException'{0x00000000b154a930}> (0x00000000b154a930) 
thrown [s\src\hotspot\share\prims\jni.cpp, line 516]
Event: 19.174 Thread 0x00000213e3916160 Exception <a 'sun/nio/fs/WindowsException'{0x00000000b154c498}> (0x00000000b154c498) 
thrown [s\src\hotspot\share\prims\jni.cpp, line 516]
Event: 19.243 Thread 0x00000213dfef5d20 Exception <a 'java/lang/NoSuchMethodError'{0x00000000b1042c20}: 'void java.lang.invoke.DirectMethodHandle$Holder.invokeStatic(java.lang.Object, long)'> (0x00000000b1042c20) 
thrown [s\src\hotspot\share\interpreter\linkResolver.cpp, line 759]
Event: 19.244 Thread 0x00000213dfef5d20 Exception <a 'java/lang/NoSuchMethodError'{0x00000000b1073218}: 'java.lang.Object java.lang.invoke.DirectMethodHandle$Holder.newInvokeSpecial(java.lang.Object, long)'> (0x00000000b1073218) 
thrown [s\src\hotspot\share\interpreter\linkResolver.cpp, line 759]
Event: 19.245 Thread 0x00000213dfef5d20 Exception <a 'java/lang/NoSuchMethodError'{0x00000000b10890c8}: 'java.lang.Object java.lang.invoke.DirectMethodHandle$Holder.invokeStatic(java.lang.Object, java.lang.Object, long, java.lang.Object)'> (0x00000000b10890c8) 
thrown [s\src\hotspot\share\interpreter\linkResolver.cpp, line 759]
Event: 19.245 Thread 0x00000213dfef5d20 Exception <a 'java/lang/NoSuchMethodError'{0x00000000b108cb48}: 'java.lang.Object java.lang.invoke.DirectMethodHandle$Holder.invokeStaticInit(java.lang.Object, java.lang.Object, long, java.lang.Object)'> (0x00000000b108cb48) 
thrown [s\src\hotspot\share\interpreter\linkResolver.cpp, line 759]
Event: 19.268 Thread 0x00000213e39133d0 Exception <a 'sun/nio/fs/WindowsException'{0x00000000b0fa7920}> (0x00000000b0fa7920) 
thrown [s\src\hotspot\share\prims\jni.cpp, line 516]
Event: 19.268 Thread 0x00000213e39133d0 Exception <a 'sun/nio/fs/WindowsException'{0x00000000b0fa87b8}> (0x00000000b0fa87b8) 
thrown [s\src\hotspot\share\prims\jni.cpp, line 516]
Event: 19.268 Thread 0x00000213e39133d0 Exception <a 'sun/nio/fs/WindowsException'{0x00000000b0fa8918}> (0x00000000b0fa8918) 
thrown [s\src\hotspot\share\prims\jni.cpp, line 516]
Event: 19.268 Thread 0x00000213e39133d0 Exception <a 'sun/nio/fs/WindowsException'{0x00000000b0fa9978}> (0x00000000b0fa9978) 
thrown [s\src\hotspot\share\prims\jni.cpp, line 516]
Event: 19.285 Thread 0x00000213e39133d0 Exception <a 'sun/nio/fs/WindowsException'{0x00000000b0feb5e8}> (0x00000000b0feb5e8) 
thrown [s\src\hotspot\share\prims\jni.cpp, line 516]
Event: 19.286 Thread 0x00000213e39133d0 Exception <a 'sun/nio/fs/WindowsException'{0x00000000b0fec4a0}> (0x00000000b0fec4a0) 
thrown [s\src\hotspot\share\prims\jni.cpp, line 516]
Event: 19.286 Thread 0x00000213e39133d0 Exception <a 'sun/nio/fs/WindowsException'{0x00000000b0fec620}> (0x00000000b0fec620) 
thrown [s\src\hotspot\share\prims\jni.cpp, line 516]
Event: 19.571 Thread 0x00000213dee4ad90 Exception <a 'java/lang/NoSuchMethodError'{0x00000000aed0f7a8}: 'java.lang.Object java.lang.invoke.DirectMethodHandle$Holder.invokeStaticInit(java.lang.Object, java.lang.Object, java.lang.Object, java.lang.Object, java.lang.Object, java.lang.Object, java.lang.Object, java.lang.Object, java.lang.Object, java.lang.Object, java.lang.Object, java.lang.Object, java.lang.Object, java.lang.Object, java.lang.Object, java.lang.Object, java.lang.Object, java.lang.Object, java.lang.Object, java.lang.Object, int, java
Event: 19.752 Thread 0x00000213e24a8f60 Implicit null exception at 0x000002138fc862f6 to 0x000002138fc8784c
Event: 20.072 Thread 0x00000213dfef5d20 Exception <a 'sun/nio/fs/WindowsException'{0x00000000b20d4fe0}> (0x00000000b20d4fe0) 
thrown [s\src\hotspot\share\prims\jni.cpp, line 516]
Event: 20.074 Thread 0x00000213dfef5d20 Exception <a 'sun/nio/fs/WindowsException'{0x00000000b1f0ea00}> (0x00000000b1f0ea00) 
thrown [s\src\hotspot\share\prims\jni.cpp, line 516]

VM Operations (20 events):
Event: 19.318 Executing VM operation: HandshakeAllThreads done
Event: 19.531 Executing VM operation: HandshakeAllThreads
Event: 19.531 Executing VM operation: HandshakeAllThreads done
Event: 19.752 Executing VM operation: HandshakeAllThreads
Event: 19.987 Executing VM operation: HandshakeAllThreads done
Event: 19.987 Executing VM operation: Cleanup
Event: 19.988 Executing VM operation: Cleanup done
Event: 19.988 Executing VM operation: ICBufferFull
Event: 19.988 Executing VM operation: ICBufferFull done
Event: 19.995 Executing VM operation: G1CollectForAllocation
Event: 20.003 Executing VM operation: G1CollectForAllocation done
Event: 20.010 Executing VM operation: G1CollectForAllocation
Event: 20.014 Executing VM operation: G1CollectForAllocation done
Event: 20.015 Executing VM operation: G1TryInitiateConcMark
Event: 20.016 Executing VM operation: G1TryInitiateConcMark done
Event: 20.046 Executing VM operation: HandshakeAllThreads
Event: 20.046 Executing VM operation: HandshakeAllThreads done
Event: 20.149 Executing VM operation: HandshakeAllThreads
Event: 20.160 Executing VM operation: HandshakeAllThreads done
Event: 20.161 Executing VM operation: G1PauseRemark

Memory protections (0 events):
No events

Nmethod flushes (20 events):
Event: 16.812 Thread 0x00000213ffc7c530 flushing  nmethod 0x0000021389198e10
Event: 16.812 Thread 0x00000213ffc7c530 flushing  nmethod 0x000002138919a290
Event: 16.812 Thread 0x00000213ffc7c530 flushing  nmethod 0x000002138919ad10
Event: 16.812 Thread 0x00000213ffc7c530 flushing  nmethod 0x000002138919b310
Event: 16.812 Thread 0x00000213ffc7c530 flushing  nmethod 0x00000213891c4810
Event: 16.813 Thread 0x00000213ffc7c530 flushing  nmethod 0x00000213891efb10
Event: 16.813 Thread 0x00000213ffc7c530 flushing  nmethod 0x00000213891fe110
Event: 16.813 Thread 0x00000213ffc7c530 flushing  nmethod 0x0000021389260310
Event: 18.155 Thread 0x00000213ffc7c530 flushing osr nmethod 0x000002138fc7ad90
Event: 18.168 Thread 0x00000213ffc7c530 flushing  nmethod 0x0000021389143890
Event: 18.168 Thread 0x00000213ffc7c530 flushing  nmethod 0x0000021389192210
Event: 18.168 Thread 0x00000213ffc7c530 flushing  nmethod 0x0000021389193710
Event: 18.168 Thread 0x00000213ffc7c530 flushing  nmethod 0x00000213891b0c10
Event: 18.168 Thread 0x00000213ffc7c530 flushing  nmethod 0x00000213891b5d90
Event: 19.991 Thread 0x00000213ffc7c530 flushing  nmethod 0x000002138fc7f210
Event: 20.020 Thread 0x00000213ffc7c530 flushing  nmethod 0x000002138918b590
Event: 20.020 Thread 0x00000213ffc7c530 flushing  nmethod 0x0000021389194690
Event: 20.020 Thread 0x00000213ffc7c530 flushing  nmethod 0x00000213891a7e90
Event: 20.020 Thread 0x00000213ffc7c530 flushing  nmethod 0x00000213891b4390
Event: 20.020 Thread 0x00000213ffc7c530 flushing  nmethod 0x00000213891c5e90

Events (20 events):
Event: 17.845 Thread 0x00000213e3912ec0 Thread added: 0x00000213dfef94d0
Event: 17.845 Thread 0x00000213e3912ec0 Thread added: 0x00000213dfef85a0
Event: 18.038 Thread 0x00000213e39129b0 Thread added: 0x00000213dfef99e0
Event: 18.039 Thread 0x00000213e39129b0 Thread added: 0x00000213dfef6740
Event: 18.039 Thread 0x00000213e39129b0 Thread added: 0x00000213dfef7670
Event: 18.193 Thread 0x00000213e3912ec0 Thread added: 0x00000213e39175a0
Event: 18.193 Thread 0x00000213e3912ec0 Thread added: 0x00000213e3917ab0
Event: 18.193 Thread 0x00000213e3912ec0 Thread added: 0x00000213e24abcf0
Event: 18.610 Thread 0x00000213e3911a80 Thread added: 0x00000213e24ab7e0
Event: 18.631 Thread 0x00000213e3911a80 Thread added: 0x00000213e24aadc0
Event: 18.632 Thread 0x00000213e3911a80 Thread added: 0x00000213e24ac200
Event: 18.632 Thread 0x00000213e3911a80 Thread added: 0x00000213e24a9470
Event: 18.822 Thread 0x00000213e3911a80 Thread added: 0x00000213e24ac710
Event: 18.822 Thread 0x00000213e3911a80 Thread added: 0x00000213e24aa8b0
Event: 18.823 Thread 0x00000213e3911a80 Thread added: 0x00000213e24a9e90
Event: 19.228 Thread 0x00000213dfef5d20 Thread added: 0x00000213e24aa3a0
Event: 19.297 Thread 0x00000213dfef5d20 Thread added: 0x00000213e24a8f60
Event: 19.297 Thread 0x00000213dfef5d20 Thread added: 0x00000213e24ab2d0
Event: 19.989 Thread 0x00000213e281f9c0 Thread exited: 0x00000213e281f9c0
Event: 20.027 Thread 0x00000213ffc6c030 Thread added: 0x00000213e425da90


Dynamic libraries:
0x00007ff6ad3b0000 - 0x00007ff6ad3be000 	C:\Program Files\Eclipse Adoptium\jdk-17.0.20.8-hotspot\bin\java.exe
0x00007ff96a7c0000 - 0x00007ff96aa26000 	C:\WINDOWS\SYSTEM32\ntdll.dll
0x00007ff9693d0000 - 0x00007ff969499000 	C:\WINDOWS\System32\KERNEL32.DLL
0x00007ff967c20000 - 0x00007ff96801f000 	C:\WINDOWS\System32\KERNELBASE.dll
0x00007ff968390000 - 0x00007ff9684dc000 	C:\WINDOWS\System32\ucrtbase.dll
0x00007ff903090000 - 0x00007ff9030ae000 	C:\Program Files\Eclipse Adoptium\jdk-17.0.20.8-hotspot\bin\VCRUNTIME140.dll
0x00007ff902270000 - 0x00007ff902288000 	C:\Program Files\Eclipse Adoptium\jdk-17.0.20.8-hotspot\bin\jli.dll
0x00007ff969600000 - 0x00007ff9697c6000 	C:\WINDOWS\System32\USER32.dll
0x00007ff954a00000 - 0x00007ff954c91000 	C:\WINDOWS\WinSxS\amd64_microsoft.windows.common-controls_6595b64144ccf1df_6.0.26100.8972_none_3e0da176e32f9d4b\COMCTL32.dll
0x00007ff969b40000 - 0x00007ff969be9000 	C:\WINDOWS\System32\msvcrt.dll
0x00007ff9680e0000 - 0x00007ff968107000 	C:\WINDOWS\System32\win32u.dll
0x00007ff968520000 - 0x00007ff96854b000 	C:\WINDOWS\System32\GDI32.dll
0x00007ff9681a0000 - 0x00007ff9682c9000 	C:\WINDOWS\System32\gdi32full.dll
0x00007ff968030000 - 0x00007ff9680d3000 	C:\WINDOWS\System32\msvcp_win.dll
0x00007ff969240000 - 0x00007ff969272000 	C:\WINDOWS\System32\IMM32.DLL
0x00007ff9538b0000 - 0x00007ff9538bc000 	C:\Program Files\Eclipse Adoptium\jdk-17.0.20.8-hotspot\bin\vcruntime140_1.dll
0x00007ff8ffea0000 - 0x00007ff8fff2d000 	C:\Program Files\Eclipse Adoptium\jdk-17.0.20.8-hotspot\bin\msvcp140.dll
0x00007ff8aaf20000 - 0x00007ff8abb8c000 	C:\Program Files\Eclipse Adoptium\jdk-17.0.20.8-hotspot\bin\server\jvm.dll
0x00007ff969dc0000 - 0x00007ff969e7c000 	C:\WINDOWS\System32\ADVAPI32.dll
0x00007ff9694a0000 - 0x00007ff96954a000 	C:\WINDOWS\System32\sechost.dll
0x00007ff969a20000 - 0x00007ff969b38000 	C:\WINDOWS\System32\RPCRT4.dll
0x00007ff9692c0000 - 0x00007ff969342000 	C:\WINDOWS\System32\WS2_32.dll
0x00007ff966e60000 - 0x00007ff966ebe000 	C:\WINDOWS\SYSTEM32\POWRPROF.dll
0x00007ff950f80000 - 0x00007ff950fb6000 	C:\WINDOWS\SYSTEM32\WINMM.dll
0x00007ff957e60000 - 0x00007ff957e6b000 	C:\WINDOWS\SYSTEM32\VERSION.dll
0x00007ff966df0000 - 0x00007ff966e05000 	C:\WINDOWS\SYSTEM32\UMPDC.dll
0x00007ff9666b0000 - 0x00007ff9666cb000 	C:\WINDOWS\SYSTEM32\kernel.appcore.dll
0x00007ff94c4d0000 - 0x00007ff94c4da000 	C:\Program Files\Eclipse Adoptium\jdk-17.0.20.8-hotspot\bin\jimage.dll
0x00007ff964e10000 - 0x00007ff965052000 	C:\WINDOWS\SYSTEM32\DBGHELP.DLL
0x00007ff968eb0000 - 0x00007ff969235000 	C:\WINDOWS\System32\combase.dll
0x00007ff968cd0000 - 0x00007ff968da9000 	C:\WINDOWS\System32\OLEAUT32.dll
0x00007ff945ae0000 - 0x00007ff945b1b000 	C:\WINDOWS\SYSTEM32\dbgcore.DLL
0x00007ff9682d0000 - 0x00007ff96837c000 	C:\WINDOWS\System32\bcryptPrimitives.dll
0x00007ff9285d0000 - 0x00007ff9285de000 	C:\Program Files\Eclipse Adoptium\jdk-17.0.20.8-hotspot\bin\instrument.dll
0x00007ff8ffe70000 - 0x00007ff8ffe95000 	C:\Program Files\Eclipse Adoptium\jdk-17.0.20.8-hotspot\bin\java.dll
0x00007ff8fcbc0000 - 0x00007ff8fcc97000 	C:\Program Files\Eclipse Adoptium\jdk-17.0.20.8-hotspot\bin\jsvml.dll
0x00007ff969f90000 - 0x00007ff96a718000 	C:\WINDOWS\System32\SHELL32.dll
0x00007ff965460000 - 0x00007ff965cfb000 	C:\WINDOWS\SYSTEM32\windows.storage.dll
0x00007ff969e90000 - 0x00007ff969f89000 	C:\WINDOWS\System32\SHCORE.dll
0x00007ff9699b0000 - 0x00007ff969a16000 	C:\WINDOWS\System32\shlwapi.dll
0x00007ff9678f0000 - 0x00007ff967919000 	C:\WINDOWS\SYSTEM32\profapi.dll
0x00007ff9009c0000 - 0x00007ff9009d8000 	C:\Program Files\Eclipse Adoptium\jdk-17.0.20.8-hotspot\bin\zip.dll
0x00007ff9021d0000 - 0x00007ff9021ea000 	C:\Program Files\Eclipse Adoptium\jdk-17.0.20.8-hotspot\bin\net.dll
0x00007ff95b560000 - 0x00007ff95b688000 	C:\WINDOWS\SYSTEM32\WINHTTP.dll
0x00007ff966ce0000 - 0x00007ff966d4c000 	C:\WINDOWS\system32\mswsock.dll
0x00007ff901020000 - 0x00007ff901036000 	C:\Program Files\Eclipse Adoptium\jdk-17.0.20.8-hotspot\bin\nio.dll
0x00007ff94be00000 - 0x00007ff94be10000 	C:\Program Files\Eclipse Adoptium\jdk-17.0.20.8-hotspot\bin\verify.dll
0x00007ff8ec940000 - 0x00007ff8ec967000 	C:\Users\MAYUR\.gradle\native\c067742578af261105cb4f569cf0c3c89f3d7b1fecec35dd04571415982c5e48\windows-amd64\native-platform.dll
0x00007ff8a5a50000 - 0x00007ff8a5b94000 	C:\Users\MAYUR\.gradle\native\38dada09dfb8b06ba9b0570ebf7e218e3eb74d4ef43ca46872605cf95ebc2f47\windows-amd64\native-platform-file-events.dll
0x00007ff93bac0000 - 0x00007ff93baca000 	C:\Program Files\Eclipse Adoptium\jdk-17.0.20.8-hotspot\bin\management.dll
0x00007ff934100000 - 0x00007ff93410c000 	C:\Program Files\Eclipse Adoptium\jdk-17.0.20.8-hotspot\bin\management_ext.dll
0x00007ff969bf0000 - 0x00007ff969bf8000 	C:\WINDOWS\System32\PSAPI.DLL
0x00007ff967080000 - 0x00007ff96709b000 	C:\WINDOWS\SYSTEM32\CRYPTSP.dll
0x00007ff966610000 - 0x00007ff966649000 	C:\WINDOWS\system32\rsaenh.dll
0x00007ff966db0000 - 0x00007ff966de2000 	C:\WINDOWS\SYSTEM32\USERENV.dll
0x00007ff9678c0000 - 0x00007ff9678ea000 	C:\WINDOWS\SYSTEM32\bcrypt.dll
0x00007ff9670a0000 - 0x00007ff9670ac000 	C:\WINDOWS\SYSTEM32\CRYPTBASE.dll
0x00007ff966120000 - 0x00007ff966153000 	C:\WINDOWS\SYSTEM32\IPHLPAPI.DLL
0x00007ff969280000 - 0x00007ff96928a000 	C:\WINDOWS\System32\NSI.dll
0x00007ff95b6c0000 - 0x00007ff95b6dd000 	C:\WINDOWS\SYSTEM32\dhcpcsvc6.DLL
0x00007ff95b690000 - 0x00007ff95b6b5000 	C:\WINDOWS\SYSTEM32\dhcpcsvc.DLL
0x00007ff966200000 - 0x00007ff966358000 	C:\WINDOWS\SYSTEM32\DNSAPI.dll
0x00007ff966ac0000 - 0x00007ff966acd000 	C:\WINDOWS\SYSTEM32\DSPARSE.dll
0x00007ff9331f0000 - 0x00007ff9331f9000 	C:\Program Files\Eclipse Adoptium\jdk-17.0.20.8-hotspot\bin\extnet.dll
0x00007ff9285c0000 - 0x00007ff9285ce000 	C:\Program Files\Eclipse Adoptium\jdk-17.0.20.8-hotspot\bin\sunmscapi.dll
0x00007ff967a90000 - 0x00007ff967c0e000 	C:\WINDOWS\System32\CRYPT32.dll
0x00007ff9672c0000 - 0x00007ff9672f0000 	C:\WINDOWS\SYSTEM32\ncrypt.dll
0x00007ff967270000 - 0x00007ff9672af000 	C:\WINDOWS\SYSTEM32\NTASN1.dll
0x00007ff9544a0000 - 0x00007ff9544a8000 	C:\WINDOWS\system32\wshunix.dll
0x00007ff8ec280000 - 0x00007ff8ec298000 	C:\WINDOWS\system32\napinsp.dll
0x00007ff8ec2d0000 - 0x00007ff8ec2e3000 	C:\WINDOWS\System32\winrnr.dll
0x00007ff8ec2a0000 - 0x00007ff8ec2c2000 	C:\WINDOWS\system32\nlansp_c.dll
0x00007ff93ae60000 - 0x00007ff93ae76000 	C:\WINDOWS\system32\wshbth.dll
0x00007ff959080000 - 0x00007ff95908b000 	C:\Windows\System32\rasadhlp.dll
0x00007ff95f180000 - 0x00007ff95f206000 	C:\WINDOWS\System32\fwpuclnt.dll
0x00007ff966850000 - 0x00007ff966886000 	C:\WINDOWS\SYSTEM32\ntmarta.dll

dbghelp: loaded successfully - version: 4.0.5 - missing functions: none
symbol engine: initialized successfully - sym options: 0x614 - pdb path: .;C:\Program Files\Eclipse Adoptium\jdk-17.0.20.8-hotspot\bin;C:\WINDOWS\SYSTEM32;C:\WINDOWS\WinSxS\amd64_microsoft.windows.common-controls_6595b64144ccf1df_6.0.26100.8972_none_3e0da176e32f9d4b;C:\Program Files\Eclipse Adoptium\jdk-17.0.20.8-hotspot\bin\server;C:\Users\MAYUR\.gradle\native\c067742578af261105cb4f569cf0c3c89f3d7b1fecec35dd04571415982c5e48\windows-amd64;C:\Users\MAYUR\.gradle\native\38dada09dfb8b06ba9b0570ebf7e218e3eb74d4ef43ca46872605cf95ebc2f47\windows-amd64

VM Arguments:
jvm_args: -XX:+UseG1GC --add-opens=java.base/java.util=ALL-UNNAMED --add-opens=java.base/java.lang=ALL-UNNAMED --add-opens=java.base/java.lang.invoke=ALL-UNNAMED --add-opens=java.prefs/java.util.prefs=ALL-UNNAMED --add-opens=java.base/java.nio.charset=ALL-UNNAMED --add-opens=java.base/java.net=ALL-UNNAMED --add-opens=java.base/java.util.concurrent.atomic=ALL-UNNAMED -Xmx1536m -Dfile.encoding=windows-1252 -Duser.country=IN -Duser.language=en -Duser.variant -javaagent:C:\Users\MAYUR\.gradle\wrapper\dists\gradle-8.4-bin\1w5dpkrfk8irigvoxmyhowfim\gradle-8.4\lib\agents\gradle-instrumentation-agent-8.4.jar 
java_command: org.gradle.launcher.daemon.bootstrap.GradleDaemon 8.4
java_class_path (initial): C:\Users\MAYUR\.gradle\wrapper\dists\gradle-8.4-bin\1w5dpkrfk8irigvoxmyhowfim\gradle-8.4\lib\gradle-launcher-8.4.jar
Launcher Type: SUN_STANDARD

[Global flags]
     intx CICompilerCount                          = 3                                         {product} {ergonomic}
     uint ConcGCThreads                            = 1                                         {product} {ergonomic}
     uint G1ConcRefinementThreads                  = 4                                         {product} {ergonomic}
   size_t G1HeapRegionSize                         = 1048576                                   {product} {ergonomic}
    uintx GCDrainStackTargetSize                   = 64                                        {product} {ergonomic}
   size_t InitialHeapSize                          = 130023424                                 {product} {ergonomic}
   size_t MarkStackSize                            = 4194304                                   {product} {ergonomic}
   size_t MaxHeapSize                              = 1610612736                                {product} {command line}
   size_t MaxNewSize                               = 965738496                                 {product} {ergonomic}
   size_t MinHeapDeltaBytes                        = 1048576                                   {product} {ergonomic}
   size_t MinHeapSize                              = 8388608                                   {product} {ergonomic}
    uintx NonNMethodCodeHeapSize                   = 5832780                                {pd product} {ergonomic}
    uintx NonProfiledCodeHeapSize                  = 122912730                              {pd product} {ergonomic}
    uintx ProfiledCodeHeapSize                     = 122912730                              {pd product} {ergonomic}
    uintx ReservedCodeCacheSize                    = 251658240                              {pd product} {ergonomic}
     bool SegmentedCodeCache                       = true                                      {product} {ergonomic}
   size_t SoftMaxHeapSize                          = 1610612736                             {manageable} {ergonomic}
     bool UseCompressedClassPointers               = true                           {product lp64_product} {ergonomic}
     bool UseCompressedOops                        = true                           {product lp64_product} {ergonomic}
     bool UseG1GC                                  = true                                      {product} {command line}
     bool UseLargePagesIndividualAllocation        = false                                  {pd product} {ergonomic}

Logging:
Log output configuration:
 #0: stdout all=warning uptime,level,tags
 #1: stderr all=off uptime,level,tags

Environment Variables:
CLASSPATH=C:\Users\MAYUR\Downloads\SMR _S\apps\android\\gradle\wrapper\gradle-wrapper.jar
PATH=C:\Program Files\Eclipse Adoptium\jdk-17.0.20.8-hotspot\bin;C:\WINDOWS\system32;C:\WINDOWS;C:\WINDOWS\System32\Wbem;C:\WINDOWS\System32\WindowsPowerShell\v1.0\;C:\WINDOWS\System32\OpenSSH\;C:\Program Files\Microsoft SQL Server\170\Tools\Binn\;C:\Program Files\nodejs\;C:\Program Files\Git\cmd;C:\Program Files\GitHub CLI\;C:\Users\MAYUR\.cargo\bin;C:\Users\MAYUR\AppData\Local\Programs\Python\Launcher\;C:\Users\MAYUR\AppData\Local\Microsoft\WindowsApps;C:\Users\MAYUR\AppData\Local\GitHubDesktop\bin;C:\Users\MAYUR\AppData\Local\Programs\Microsoft VS Code\bin;C:\Users\MAYUR\AppData\Roaming\npm;C:\Users\MAYUR\AppData\Local\Programs\Kiro\bin
USERNAME=MAYUR
OS=Windows_NT
PROCESSOR_IDENTIFIER=Intel64 Family 6 Model 140 Stepping 2, GenuineIntel
TMP=C:\Users\MAYUR\AppData\Local\Temp
TEMP=C:\Users\MAYUR\AppData\Local\Temp



Periodic native trim disabled


---------------  S Y S T E M  ---------------

OS:
 Windows 11 , 64 bit Build 26100 (10.0.26100.9168)
OS uptime: 0 days 2:00 hours
Hyper-V role detected

CPU: total 4 (initial active 4) (2 cores per cpu, 2 threads per core) family 6 model 140 stepping 2 microcode 0x16, cx8, cmov, fxsr, ht, mmx, 3dnowpref, sse, sse2, sse3, ssse3, sse4.1, sse4.2, popcnt, lzcnt, tsc, tscinvbit, avx, avx2, aes, erms, clmul, bmi1, bmi2, adx, avx512f, avx512dq, avx512cd, avx512bw, avx512vl, sha, fma, vzeroupper, avx512_vpopcntdq, avx512_vpclmulqdq, avx512_vaes, avx512_vnni, clflush, clflushopt, clwb, avx512_vbmi2, avx512_vbmi, hv
Processor Information for all 4 processors :
  Max Mhz: 2995, Current Mhz: 2995, Mhz Limit: 2995

Memory: 4k page, system-wide physical 7934M (1113M free)
TotalPageFile size 13934M (AvailPageFile size 58M)
current process WorkingSet (physical memory assigned to process): 594M, peak: 625M
current process commit charge ("private bytes"): 628M, peak: 776M

vm_info: OpenJDK 64-Bit Server VM (17.0.20+8) for windows-amd64 JRE (17.0.20+8), built on Jul 22 2026 00:41:45 by "admin" with MS VC++ 17.12 (VS2022)

END.
