#
# There is insufficient memory for the Java Runtime Environment to continue.
# Native memory allocation (mmap) failed to map 329252864 bytes. Error detail: G1 virtual space
# Possible reasons:
#   The system is out of physical RAM or swap space
#   This process is running with CompressedOops enabled, and the Java Heap may be blocking the growth of the native heap
# Possible solutions:
#   Reduce memory load on the system
#   Increase physical memory or swap space
#   Check if swap backing store is full
#   Decrease Java heap size (-Xmx/-Xms)
#   Decrease number of Java threads
#   Decrease Java thread stack sizes (-Xss)
#   Set larger code cache with -XX:ReservedCodeCacheSize=
#   JVM is running with Unscaled Compressed Oops mode in which the Java heap is
#     placed in the first 4GB address space. The Java Heap base address is the
#     maximum limit for the native heap growth. Please use -XX:HeapBaseMinAddress
#     to set the Java Heap base and to place the Java Heap above 4GB virtual address.
# This output file may be truncated or incomplete.
#
#  Out of Memory Error (os_windows.cpp:3630), pid=2940, tid=15680
#
# JRE version: OpenJDK Runtime Environment Temurin-17.0.20+8 (17.0.20+8) (build 17.0.20+8)
# Java VM: OpenJDK 64-Bit Server VM Temurin-17.0.20+8 (17.0.20+8, mixed mode, sharing, tiered, compressed oops, compressed class ptrs, g1 gc, windows-amd64)
# No core dump will be written. Minidumps are not enabled by default on client versions of Windows
#

---------------  S U M M A R Y ------------

Command Line: -XX:MaxMetaspaceSize=512m -XX:+UseG1GC --add-opens=java.base/java.util=ALL-UNNAMED --add-opens=java.base/java.lang=ALL-UNNAMED --add-opens=java.base/java.lang.invoke=ALL-UNNAMED --add-opens=java.prefs/java.util.prefs=ALL-UNNAMED --add-opens=java.base/java.nio.charset=ALL-UNNAMED --add-opens=java.base/java.net=ALL-UNNAMED --add-opens=java.base/java.util.concurrent.atomic=ALL-UNNAMED -Xmx2048m -Dfile.encoding=windows-1252 -Duser.country=IN -Duser.language=en -Duser.variant -javaagent:C:\Users\MAYUR\.gradle\wrapper\dists\gradle-8.4-bin\1w5dpkrfk8irigvoxmyhowfim\gradle-8.4\lib\agents\gradle-instrumentation-agent-8.4.jar org.gradle.launcher.daemon.bootstrap.GradleDaemon 8.4

Host: 11th Gen Intel(R) Core(TM) i3-1115G4 @ 3.00GHz, 4 cores, 7G,  Windows 11 , 64 bit Build 26100 (10.0.26100.9168)
Time: Mon Aug 17 13:03:45 2026 India Standard Time elapsed time: 41.839493 seconds (0d 0h 0m 41s)

---------------  T H R E A D  ---------------

Current thread (0x0000014741467360):  VMThread "VM Thread" [stack: 0x0000002142500000,0x0000002142600000] [id=15680]

Stack: [0x0000002142500000,0x0000002142600000]
Native frames: (J=compiled Java code, j=interpreted, Vv=VM code, C=native code)
V  [jvm.dll+0x684d39]
V  [jvm.dll+0x83a565]
V  [jvm.dll+0x83bfde]
V  [jvm.dll+0x83c663]
V  [jvm.dll+0x2490cf]
V  [jvm.dll+0x681af9]
V  [jvm.dll+0x6768ba]
V  [jvm.dll+0x309467]
V  [jvm.dll+0x310a56]
V  [jvm.dll+0x360f3e]
V  [jvm.dll+0x36117d]
V  [jvm.dll+0x2e04ec]
V  [jvm.dll+0x2de8c2]
V  [jvm.dll+0x2de05c]
V  [jvm.dll+0x320cab]
V  [jvm.dll+0x840e7d]
V  [jvm.dll+0x841bb3]
V  [jvm.dll+0x8420df]
V  [jvm.dll+0x8424c5]
V  [jvm.dll+0x84258e]
V  [jvm.dll+0x7eb17c]
V  [jvm.dll+0x683c07]
C  [ucrtbase.dll+0x2cd30]
C  [KERNEL32.DLL+0x2ccb7]
C  [ntdll.dll+0xaad6c]

VM_Operation (0x0000002148efeb10): G1CollectForAllocation, mode: safepoint, requested by thread 0x0000014765da1870


---------------  P R O C E S S  ---------------

Threads class SMR info:
_java_thread_list=0x0000014766a0f0c0, length=99, elements={
0x00000147237ead10, 0x000001474146aae0, 0x000001474146b5b0, 0x0000014741486650,
0x0000014741486f20, 0x0000014741488800, 0x000001474148b880, 0x000001474148e890,
0x00000147414900e0, 0x00000147414966d0, 0x000001474145a080, 0x00000147417556e0,
0x0000014762d02980, 0x0000014762bd0710, 0x0000014762e89010, 0x0000014762499440,
0x0000014761c1a820, 0x0000014762c9e9b0, 0x0000014762c9d570, 0x0000014762c9f3d0,
0x0000014762c9eec0, 0x0000014762ca0810, 0x0000014762c9f8e0, 0x0000014762c9da80,
0x0000014762c9fdf0, 0x0000014762c9df90, 0x0000014762ca0300, 0x0000014762c9e4a0,
0x0000014764036330, 0x0000014764036d50, 0x0000014764037260, 0x0000014764037770,
0x0000014764035910, 0x0000014764037c80, 0x0000014764035400, 0x0000014764038190,
0x0000014764036840, 0x0000014764034ef0, 0x00000147640349e0, 0x0000014764039ff0,
0x000001476403af20, 0x00000147640386a0, 0x000001476403aa10, 0x00000147640395d0,
0x000001476403b940, 0x0000014765caeec0, 0x0000014765cb0300, 0x0000014765caf8e0,
0x0000014765caf3d0, 0x0000014765cae4a0, 0x0000014765cad060, 0x0000014765cae9b0,
0x0000014765cafdf0, 0x0000014765cadf90, 0x000001476403be50, 0x0000014762c9d060,
0x0000014765cada80, 0x000001476549da80, 0x000001476549e4a0, 0x00000147654a0300,
0x000001476549d570, 0x00000147654a0810, 0x000001476549e9b0, 0x000001476549d060,
0x000001476549f3d0, 0x000001476549df90, 0x00000147654a2670, 0x000001476549eec0,
0x00000147654a0d20, 0x000001476549fdf0, 0x00000147654a1230, 0x00000147654a1740,
0x00000147654a3090, 0x000001476549f8e0, 0x00000147654a3fc0, 0x00000147654a35a0,
0x00000147654a3ab0, 0x00000147654a44d0, 0x00000147654a49e0, 0x00000147654a2160,
0x0000014765d9d190, 0x0000014765d9e0c0, 0x0000014765d9eae0, 0x0000014765d9cc80,
0x0000014765d9d6a0, 0x0000014765d9dbb0, 0x0000014765d9e5d0, 0x0000014765d9eff0,
0x0000014765d9b840, 0x0000014765d9f500, 0x0000014765d9bd50, 0x0000014765d9fa10,
0x0000014765d9c260, 0x0000014765d9ff20, 0x0000014765da2290, 0x0000014765da1870,
0x0000014765da27a0, 0x0000014765da2cb0, 0x0000014765ec6060
}

Java Threads: ( => current thread )
  0x00000147237ead10 JavaThread "main" [_thread_blocked, id=2784, stack(0x0000002141f00000,0x0000002142000000)]
  0x000001474146aae0 JavaThread "Reference Handler" daemon [_thread_blocked, id=14472, stack(0x0000002142600000,0x0000002142700000)]
  0x000001474146b5b0 JavaThread "Finalizer" daemon [_thread_blocked, id=10740, stack(0x0000002142700000,0x0000002142800000)]
  0x0000014741486650 JavaThread "Signal Dispatcher" daemon [_thread_blocked, id=14464, stack(0x0000002142800000,0x0000002142900000)]
  0x0000014741486f20 JavaThread "Attach Listener" daemon [_thread_blocked, id=14616, stack(0x0000002142900000,0x0000002142a00000)]
  0x0000014741488800 JavaThread "Service Thread" daemon [_thread_blocked, id=16744, stack(0x0000002142a00000,0x0000002142b00000)]
  0x000001474148b880 JavaThread "Monitor Deflation Thread" daemon [_thread_blocked, id=6444, stack(0x0000002142b00000,0x0000002142c00000)]
  0x000001474148e890 JavaThread "C2 CompilerThread0" daemon [_thread_blocked, id=13236, stack(0x0000002142c00000,0x0000002142d00000)]
  0x00000147414900e0 JavaThread "C1 CompilerThread0" daemon [_thread_blocked, id=2856, stack(0x0000002142d00000,0x0000002142e00000)]
  0x00000147414966d0 JavaThread "Sweeper thread" daemon [_thread_blocked, id=17240, stack(0x0000002142e00000,0x0000002142f00000)]
  0x000001474145a080 JavaThread "Common-Cleaner" daemon [_thread_blocked, id=14380, stack(0x0000002142f00000,0x0000002143000000)]
  0x00000147417556e0 JavaThread "Notification Thread" daemon [_thread_blocked, id=10808, stack(0x0000002143000000,0x0000002143100000)]
  0x0000014762d02980 JavaThread "Daemon health stats" [_thread_blocked, id=5332, stack(0x0000002143600000,0x0000002143700000)]
  0x0000014762bd0710 JavaThread "Incoming local TCP Connector on port 53319" [_thread_in_native, id=14440, stack(0x0000002143700000,0x0000002143800000)]
  0x0000014762e89010 JavaThread "Daemon periodic checks" [_thread_blocked, id=16128, stack(0x0000002143800000,0x0000002143900000)]
  0x0000014762499440 JavaThread "Daemon" [_thread_blocked, id=16316, stack(0x0000002143900000,0x0000002143a00000)]
  0x0000014761c1a820 JavaThread "Handler for socket connection from /127.0.0.1:53319 to /127.0.0.1:53320" [_thread_in_native, id=16908, stack(0x0000002143a00000,0x0000002143b00000)]
  0x0000014762c9e9b0 JavaThread "Cancel handler" [_thread_blocked, id=16484, stack(0x0000002143b00000,0x0000002143c00000)]
  0x0000014762c9d570 JavaThread "Daemon worker" [_thread_blocked, id=12772, stack(0x0000002143c00000,0x0000002143d00000)]
  0x0000014762c9f3d0 JavaThread "Asynchronous log dispatcher for DefaultDaemonConnection: socket connection from /127.0.0.1:53319 to /127.0.0.1:53320" [_thread_blocked, id=11524, stack(0x0000002143d00000,0x0000002143e00000)]
  0x0000014762c9eec0 JavaThread "Stdin handler" [_thread_blocked, id=14840, stack(0x0000002143e00000,0x0000002143f00000)]
  0x0000014762ca0810 JavaThread "Daemon client event forwarder" [_thread_blocked, id=15392, stack(0x0000002143f00000,0x0000002144000000)]
  0x0000014762c9f8e0 JavaThread "Cache worker for journal cache (C:\Users\MAYUR\.gradle\caches\journal-1)" [_thread_blocked, id=11688, stack(0x0000002143200000,0x0000002143300000)]
  0x0000014762c9da80 JavaThread "File lock request listener" [_thread_in_native, id=12248, stack(0x0000002144000000,0x0000002144100000)]
  0x0000014762c9fdf0 JavaThread "Cache worker for file hash cache (C:\Users\MAYUR\.gradle\caches\8.4\fileHashes)" [_thread_blocked, id=11580, stack(0x0000002144100000,0x0000002144200000)]
  0x0000014762c9df90 JavaThread "File watcher server" daemon [_thread_blocked, id=15848, stack(0x0000002144300000,0x0000002144400000)]
  0x0000014762ca0300 JavaThread "File watcher consumer" daemon [_thread_blocked, id=16472, stack(0x0000002144400000,0x0000002144500000)]
  0x0000014762c9e4a0 JavaThread "Cache worker for checksums cache (C:\Users\MAYUR\Downloads\SMR _S\apps\android\.gradle\8.4\checksums)" [_thread_blocked, id=17044, stack(0x0000002144500000,0x0000002144600000)]
  0x0000014764036330 JavaThread "Cache worker for file hash cache (C:\Users\MAYUR\Downloads\SMR _S\apps\android\.gradle\8.4\fileHashes)" [_thread_blocked, id=15572, stack(0x0000002144600000,0x0000002144700000)]
  0x0000014764036d50 JavaThread "Cache worker for cache directory md-supplier (C:\Users\MAYUR\.gradle\caches\8.4\md-supplier)" [_thread_blocked, id=14072, stack(0x0000002144700000,0x0000002144800000)]
  0x0000014764037260 JavaThread "Cache worker for file content cache (C:\Users\MAYUR\.gradle\caches\8.4\fileContent)" [_thread_blocked, id=13020, stack(0x0000002144800000,0x0000002144900000)]
  0x0000014764037770 JavaThread "Cache worker for cache directory md-rule (C:\Users\MAYUR\.gradle\caches\8.4\md-rule)" [_thread_blocked, id=5592, stack(0x0000002144900000,0x0000002144a00000)]
  0x0000014764035910 JavaThread "Cache worker for execution history cache (C:\Users\MAYUR\.gradle\caches\8.4\executionHistory)" [_thread_blocked, id=3388, stack(0x0000002144a00000,0x0000002144b00000)]
  0x0000014764037c80 JavaThread "Cache worker for kotlin-dsl (C:\Users\MAYUR\.gradle\caches\8.4\kotlin-dsl)" [_thread_blocked, id=5608, stack(0x0000002144b00000,0x0000002144c00000)]
  0x0000014764035400 JavaThread "jar transforms" [_thread_blocked, id=15760, stack(0x0000002144c00000,0x0000002144d00000)]
  0x0000014764038190 JavaThread "jar transforms Thread 2" [_thread_blocked, id=3064, stack(0x0000002144d00000,0x0000002144e00000)]
  0x0000014764036840 JavaThread "jar transforms Thread 3" [_thread_blocked, id=16852, stack(0x0000002144e00000,0x0000002144f00000)]
  0x0000014764034ef0 JavaThread "jar transforms Thread 4" [_thread_blocked, id=11872, stack(0x0000002144f00000,0x0000002145000000)]
  0x00000147640349e0 JavaThread "Cache worker for dependencies-accessors (C:\Users\MAYUR\Downloads\SMR _S\apps\android\.gradle\8.4\dependencies-accessors)" [_thread_blocked, id=17336, stack(0x0000002145000000,0x0000002145100000)]
  0x0000014764039ff0 JavaThread "Cache worker for Build Output Cleanup Cache (C:\Users\MAYUR\Downloads\SMR _S\apps\android\.gradle\buildOutputCleanup)" [_thread_blocked, id=13608, stack(0x0000002145100000,0x0000002145200000)]
  0x000001476403af20 JavaThread "Unconstrained build operations" [_thread_blocked, id=17176, stack(0x0000002145200000,0x0000002145300000)]
  0x00000147640386a0 JavaThread "Unconstrained build operations Thread 2" [_thread_blocked, id=15368, stack(0x0000002145300000,0x0000002145400000)]
  0x000001476403aa10 JavaThread "Unconstrained build operations Thread 3" [_thread_blocked, id=16080, stack(0x0000002145400000,0x0000002145500000)]
  0x00000147640395d0 JavaThread "Memory manager" [_thread_blocked, id=14944, stack(0x0000002145500000,0x0000002145600000)]
  0x000001476403b940 JavaThread "build event listener" [_thread_blocked, id=16452, stack(0x0000002145600000,0x0000002145700000)]
  0x0000014765caeec0 JavaThread "included builds" [_thread_blocked, id=17020, stack(0x0000002145700000,0x0000002145800000)]
  0x0000014765cb0300 JavaThread "Execution worker" [_thread_blocked, id=8148, stack(0x0000002145800000,0x0000002145900000)]
  0x0000014765caf8e0 JavaThread "Execution worker Thread 2" [_thread_blocked, id=12816, stack(0x0000002145900000,0x0000002145a00000)]
  0x0000014765caf3d0 JavaThread "Execution worker Thread 3" [_thread_blocked, id=15752, stack(0x0000002145a00000,0x0000002145b00000)]
  0x0000014765cae4a0 JavaThread "Cache worker for execution history cache (C:\Users\MAYUR\Downloads\SMR _S\apps\android\.gradle\8.4\executionHistory)" [_thread_blocked, id=16548, stack(0x0000002145b00000,0x0000002145c00000)]
  0x0000014765cad060 JavaThread "Unconstrained build operations Thread 4" [_thread_blocked, id=3172, stack(0x0000002145c00000,0x0000002145d00000)]
  0x0000014765cae9b0 JavaThread "Unconstrained build operations Thread 5" [_thread_blocked, id=1032, stack(0x0000002145d00000,0x0000002145e00000)]
  0x0000014765cafdf0 JavaThread "Unconstrained build operations Thread 6" [_thread_blocked, id=4724, stack(0x0000002145e00000,0x0000002145f00000)]
  0x0000014765cadf90 JavaThread "Unconstrained build operations Thread 7" [_thread_blocked, id=3940, stack(0x0000002146000000,0x0000002146100000)]
  0x000001476403be50 JavaThread "Unconstrained build operations Thread 8" [_thread_blocked, id=15600, stack(0x0000002146100000,0x0000002146200000)]
  0x0000014762c9d060 JavaThread "Unconstrained build operations Thread 9" [_thread_blocked, id=17124, stack(0x0000002146200000,0x0000002146300000)]
  0x0000014765cada80 JavaThread "WorkerExecutor Queue Thread 2" [_thread_blocked, id=7176, stack(0x0000002146300000,0x0000002146400000)]
  0x000001476549da80 JavaThread "WorkerExecutor Queue Thread 3" [_thread_blocked, id=16896, stack(0x0000002146400000,0x0000002146500000)]
  0x000001476549e4a0 JavaThread "WorkerExecutor Queue Thread 4" [_thread_blocked, id=12580, stack(0x0000002146500000,0x0000002146600000)]
  0x00000147654a0300 JavaThread "Unconstrained build operations Thread 10" [_thread_blocked, id=7456, stack(0x0000002146600000,0x0000002146700000)]
  0x000001476549d570 JavaThread "Unconstrained build operations Thread 11" [_thread_blocked, id=13276, stack(0x0000002146700000,0x0000002146800000)]
  0x00000147654a0810 JavaThread "Unconstrained build operations Thread 12" [_thread_blocked, id=10788, stack(0x0000002146800000,0x0000002146900000)]
  0x000001476549e9b0 JavaThread "Unconstrained build operations Thread 13" [_thread_blocked, id=1640, stack(0x0000002146900000,0x0000002146a00000)]
  0x000001476549d060 JavaThread "Unconstrained build operations Thread 14" [_thread_blocked, id=8392, stack(0x0000002146a00000,0x0000002146b00000)]
  0x000001476549f3d0 JavaThread "Unconstrained build operations Thread 15" [_thread_blocked, id=5016, stack(0x0000002146b00000,0x0000002146c00000)]
  0x000001476549df90 JavaThread "Unconstrained build operations Thread 16" [_thread_blocked, id=3288, stack(0x0000002146c00000,0x0000002146d00000)]
  0x00000147654a2670 JavaThread "Unconstrained build operations Thread 17" [_thread_blocked, id=16024, stack(0x0000002146f00000,0x0000002147000000)]
  0x000001476549eec0 JavaThread "Unconstrained build operations Thread 18" [_thread_blocked, id=14172, stack(0x0000002147000000,0x0000002147100000)]
  0x00000147654a0d20 JavaThread "Unconstrained build operations Thread 19" [_thread_blocked, id=11060, stack(0x0000002147100000,0x0000002147200000)]
  0x000001476549fdf0 JavaThread "Unconstrained build operations Thread 20" [_thread_blocked, id=2016, stack(0x0000002147200000,0x0000002147300000)]
  0x00000147654a1230 JavaThread "Unconstrained build operations Thread 21" [_thread_blocked, id=16496, stack(0x0000002147300000,0x0000002147400000)]
  0x00000147654a1740 JavaThread "Unconstrained build operations Thread 22" [_thread_blocked, id=1576, stack(0x0000002147400000,0x0000002147500000)]
  0x00000147654a3090 JavaThread "Unconstrained build operations Thread 23" [_thread_blocked, id=8868, stack(0x0000002147500000,0x0000002147600000)]
  0x000001476549f8e0 JavaThread "Unconstrained build operations Thread 24" [_thread_blocked, id=8068, stack(0x0000002147600000,0x0000002147700000)]
  0x00000147654a3fc0 JavaThread "Unconstrained build operations Thread 25" [_thread_blocked, id=14940, stack(0x0000002147700000,0x0000002147800000)]
  0x00000147654a35a0 JavaThread "Unconstrained build operations Thread 26" [_thread_blocked, id=16460, stack(0x0000002147800000,0x0000002147900000)]
  0x00000147654a3ab0 JavaThread "Unconstrained build operations Thread 27" [_thread_blocked, id=16836, stack(0x0000002147900000,0x0000002147a00000)]
  0x00000147654a44d0 JavaThread "Unconstrained build operations Thread 28" [_thread_blocked, id=8848, stack(0x0000002147a00000,0x0000002147b00000)]
  0x00000147654a49e0 JavaThread "Unconstrained build operations Thread 29" [_thread_blocked, id=13280, stack(0x0000002147b00000,0x0000002147c00000)]
  0x00000147654a2160 JavaThread "Unconstrained build operations Thread 30" [_thread_blocked, id=15560, stack(0x0000002147c00000,0x0000002147d00000)]
  0x0000014765d9d190 JavaThread "Unconstrained build operations Thread 31" [_thread_blocked, id=6164, stack(0x0000002147d00000,0x0000002147e00000)]
  0x0000014765d9e0c0 JavaThread "Unconstrained build operations Thread 32" [_thread_blocked, id=10432, stack(0x0000002147e00000,0x0000002147f00000)]
  0x0000014765d9eae0 JavaThread "pool-3-thread-1" [_thread_blocked, id=16336, stack(0x0000002147f00000,0x0000002148000000)]
  0x0000014765d9cc80 JavaThread "stderr" [_thread_in_native, id=8380, stack(0x0000002148000000,0x0000002148100000)]
  0x0000014765d9d6a0 JavaThread "stdout" [_thread_in_native, id=1116, stack(0x0000002148100000,0x0000002148200000)]
  0x0000014765d9dbb0 JavaThread "Unconstrained build operations Thread 33" [_thread_blocked, id=13240, stack(0x0000002148200000,0x0000002148300000)]
  0x0000014765d9e5d0 JavaThread "Unconstrained build operations Thread 34" [_thread_blocked, id=9472, stack(0x0000002148300000,0x0000002148400000)]
  0x0000014765d9eff0 JavaThread "Unconstrained build operations Thread 35" [_thread_blocked, id=5624, stack(0x0000002148400000,0x0000002148500000)]
  0x0000014765d9b840 JavaThread "WorkerExecutor Queue Thread 5" [_thread_blocked, id=13108, stack(0x0000002148500000,0x0000002148600000)]
  0x0000014765d9f500 JavaThread "Unconstrained build operations Thread 36" [_thread_blocked, id=17076, stack(0x0000002148600000,0x0000002148700000)]
  0x0000014765d9bd50 JavaThread "Unconstrained build operations Thread 37" [_thread_blocked, id=5292, stack(0x0000002148700000,0x0000002148800000)]
  0x0000014765d9fa10 JavaThread "Unconstrained build operations Thread 38" [_thread_blocked, id=10248, stack(0x0000002148800000,0x0000002148900000)]
  0x0000014765d9c260 JavaThread "Unconstrained build operations Thread 39" [_thread_blocked, id=4772, stack(0x0000002148900000,0x0000002148a00000)]
  0x0000014765d9ff20 JavaThread "Unconstrained build operations Thread 40" [_thread_blocked, id=7472, stack(0x0000002148a00000,0x0000002148b00000)]
  0x0000014765da2290 JavaThread "ForkJoinPool-1-worker-1" daemon [_thread_blocked, id=17052, stack(0x0000002148d00000,0x0000002148e00000)]
  0x0000014765da1870 JavaThread "ForkJoinPool-1-worker-2" daemon [_thread_blocked, id=1632, stack(0x0000002148e00000,0x0000002148f00000)]
  0x0000014765da27a0 JavaThread "ForkJoinPool-1-worker-3" daemon [_thread_blocked, id=15928, stack(0x0000002148f00000,0x0000002149000000)]
  0x0000014765da2cb0 JavaThread "ForkJoinPool-1-worker-4" daemon [_thread_blocked, id=7484, stack(0x0000002149000000,0x0000002149100000)]
  0x0000014765ec6060 JavaThread "C2 CompilerThread1" daemon [_thread_blocked, id=15936, stack(0x0000002149100000,0x0000002149200000)]

Other Threads:
=>0x0000014741467360 VMThread "VM Thread" [stack: 0x0000002142500000,0x0000002142600000] [id=15680]
  0x00000147237ebaa0 WatcherThread [stack: 0x0000002143100000,0x0000002143200000] [id=5892]
  0x000001472384a010 GCTaskThread "GC Thread#0" [stack: 0x0000002142000000,0x0000002142100000] [id=13976]
  0x00000147611facc0 GCTaskThread "GC Thread#1" [stack: 0x0000002143300000,0x0000002143400000] [id=14156]
  0x00000147612a6c90 GCTaskThread "GC Thread#2" [stack: 0x0000002143400000,0x0000002143500000] [id=10424]
  0x000001476187f1e0 GCTaskThread "GC Thread#3" [stack: 0x0000002143500000,0x0000002143600000] [id=492]
  0x000001472385afd0 ConcurrentGCThread "G1 Main Marker" [stack: 0x0000002142100000,0x0000002142200000] [id=17172]
  0x000001472385d320 ConcurrentGCThread "G1 Conc#0" [stack: 0x0000002142200000,0x0000002142300000] [id=7908]
  0x0000014741325fa0 ConcurrentGCThread "G1 Refine#0" [stack: 0x0000002142300000,0x0000002142400000] [id=11004]
  0x00000147653af880 ConcurrentGCThread "G1 Refine#1" [stack: 0x0000002144200000,0x0000002144300000] [id=852]
  0x00000147653b0150 ConcurrentGCThread "G1 Refine#2" [stack: 0x0000002148b00000,0x0000002148c00000] [id=13972]
  0x00000147653b0440 ConcurrentGCThread "G1 Refine#3" [stack: 0x0000002148c00000,0x0000002148d00000] [id=15264]
  0x0000014741326780 ConcurrentGCThread "G1 Service" [stack: 0x0000002142400000,0x0000002142500000] [id=15372]

Threads with active compile tasks:
C2 CompilerThread0  41880 17007       4       com.android.tools.r8.dex.code.O::a (3284 bytes)
C2 CompilerThread1  41880 16942       4       com.android.tools.r8.dex.C::a (992 bytes)

VM state: at safepoint (normal execution)

VM Mutex/Monitor currently owned by a thread:  ([mutex/lock_event])
[0x00000147237d0d60] Threads_lock - owner thread: 0x0000014741467360
[0x00000147237e9330] Heap_lock - owner thread: 0x0000014765da1870

Heap address: 0x0000000080000000, size: 2048 MB, Compressed Oops mode: 32-bit

CDS archive(s) mapped at: [0x0000014742000000-0x0000014742bb0000-0x0000014742bb0000), size 12255232, SharedBaseAddress: 0x0000014742000000, ArchiveRelocationMode: 1.
Compressed class space mapped at: 0x0000014743000000-0x000001475d000000, reserved size: 436207616
Narrow klass base: 0x0000014742000000, Narrow klass shift: 0, Narrow klass range: 0x100000000

GC Precious Log:
 CPUs: 4 total, 4 available
 Memory: 7934M
 Large Page Support: Disabled
 NUMA Support: Disabled
 Compressed Oops: Enabled (32-bit)
 Heap Region Size: 1M
 Heap Min Capacity: 8M
 Heap Initial Capacity: 124M
 Heap Max Capacity: 2G
 Pre-touch: Disabled
 Parallel Workers: 4
 Concurrent Workers: 1
 Concurrent Refinement Workers: 4
 Periodic GC: Disabled

Heap:
 garbage-first heap   total 490496K, used 365929K [0x0000000080000000, 0x0000000100000000)
  region size 1024K, 9 young (9216K), 9 survivors (9216K)
 Metaspace       used 108682K, committed 109440K, reserved 557056K
  class space    used 14875K, committed 15296K, reserved 425984K

Heap Regions: E=young(eden), S=young(survivor), O=old, HS=humongous(starts), HC=humongous(continues), CS=collection set, F=free, OA=open archive, CA=closed archive, TAMS=top-at-mark-start (previous, next)
|   0|0x0000000080000000, 0x0000000080100000, 0x0000000080100000|100%| O|  |TAMS 0x0000000080100000, 0x0000000080000000| Untracked 
|   1|0x0000000080100000, 0x0000000080200000, 0x0000000080200000|100%| O|  |TAMS 0x0000000080200000, 0x0000000080100000| Untracked 
|   2|0x0000000080200000, 0x0000000080300000, 0x0000000080300000|100%|HS|  |TAMS 0x0000000080300000, 0x0000000080200000| Complete 
|   3|0x0000000080300000, 0x0000000080400000, 0x0000000080400000|100%|HC|  |TAMS 0x0000000080400000, 0x0000000080300000| Complete 
|   4|0x0000000080400000, 0x0000000080500000, 0x0000000080500000|100%|HC|  |TAMS 0x0000000080500000, 0x0000000080400000| Complete 
|   5|0x0000000080500000, 0x0000000080600000, 0x0000000080600000|100%|HC|  |TAMS 0x0000000080600000, 0x0000000080500000| Complete 
|   6|0x0000000080600000, 0x0000000080700000, 0x0000000080700000|100%| O|  |TAMS 0x0000000080700000, 0x0000000080600000| Untracked 
|   7|0x0000000080700000, 0x0000000080800000, 0x0000000080800000|100%| O|  |TAMS 0x0000000080800000, 0x0000000080700000| Untracked 
|   8|0x0000000080800000, 0x0000000080900000, 0x0000000080900000|100%| O|  |TAMS 0x0000000080900000, 0x0000000080800000| Untracked 
|   9|0x0000000080900000, 0x0000000080a00000, 0x0000000080a00000|100%| O|  |TAMS 0x0000000080a00000, 0x0000000080900000| Untracked 
|  10|0x0000000080a00000, 0x0000000080b00000, 0x0000000080b00000|100%| O|  |TAMS 0x0000000080b00000, 0x0000000080a00000| Untracked 
|  11|0x0000000080b00000, 0x0000000080c00000, 0x0000000080c00000|100%| O|  |TAMS 0x0000000080c00000, 0x0000000080b00000| Untracked 
|  12|0x0000000080c00000, 0x0000000080d00000, 0x0000000080d00000|100%| O|  |TAMS 0x0000000080d00000, 0x0000000080c00000| Untracked 
|  13|0x0000000080d00000, 0x0000000080e00000, 0x0000000080e00000|100%| O|  |TAMS 0x0000000080e00000, 0x0000000080d00000| Untracked 
|  14|0x0000000080e00000, 0x0000000080f00000, 0x0000000080f00000|100%| O|  |TAMS 0x0000000080f00000, 0x0000000080e00000| Untracked 
|  15|0x0000000080f00000, 0x0000000081000000, 0x0000000081000000|100%| O|  |TAMS 0x0000000081000000, 0x0000000080f00000| Untracked 
|  16|0x0000000081000000, 0x0000000081100000, 0x0000000081100000|100%| O|  |TAMS 0x0000000081100000, 0x0000000081000000| Untracked 
|  17|0x0000000081100000, 0x0000000081200000, 0x0000000081200000|100%| O|  |TAMS 0x0000000081200000, 0x0000000081100000| Untracked 
|  18|0x0000000081200000, 0x0000000081300000, 0x0000000081300000|100%| O|  |TAMS 0x0000000081300000, 0x0000000081200000| Untracked 
|  19|0x0000000081300000, 0x00000000813da400, 0x0000000081400000| 85%| O|  |TAMS 0x00000000813da400, 0x0000000081300000| Untracked 
|  20|0x0000000081400000, 0x0000000081500000, 0x0000000081500000|100%| O|  |TAMS 0x0000000081500000, 0x0000000081400000| Untracked 
|  21|0x0000000081500000, 0x0000000081600000, 0x0000000081600000|100%| O|  |TAMS 0x0000000081600000, 0x0000000081500000| Untracked 
|  22|0x0000000081600000, 0x0000000081700000, 0x0000000081700000|100%| O|  |TAMS 0x0000000081700000, 0x0000000081600000| Untracked 
|  23|0x0000000081700000, 0x0000000081800000, 0x0000000081800000|100%| O|  |TAMS 0x0000000081800000, 0x0000000081700000| Untracked 
|  24|0x0000000081800000, 0x0000000081900000, 0x0000000081900000|100%| O|  |TAMS 0x0000000081900000, 0x0000000081800000| Untracked 
|  25|0x0000000081900000, 0x0000000081a00000, 0x0000000081a00000|100%| O|  |TAMS 0x0000000081a00000, 0x0000000081900000| Untracked 
|  26|0x0000000081a00000, 0x0000000081b00000, 0x0000000081b00000|100%| O|  |TAMS 0x0000000081b00000, 0x0000000081a00000| Untracked 
|  27|0x0000000081b00000, 0x0000000081c00000, 0x0000000081c00000|100%| O|  |TAMS 0x0000000081c00000, 0x0000000081b00000| Untracked 
|  28|0x0000000081c00000, 0x0000000081d00000, 0x0000000081d00000|100%| O|  |TAMS 0x0000000081d00000, 0x0000000081c00000| Untracked 
|  29|0x0000000081d00000, 0x0000000081e00000, 0x0000000081e00000|100%| O|  |TAMS 0x0000000081e00000, 0x0000000081d00000| Untracked 
|  30|0x0000000081e00000, 0x0000000081f00000, 0x0000000081f00000|100%| O|  |TAMS 0x0000000081f00000, 0x0000000081e00000| Untracked 
|  31|0x0000000081f00000, 0x0000000082000000, 0x0000000082000000|100%| O|  |TAMS 0x0000000082000000, 0x0000000081f00000| Untracked 
|  32|0x0000000082000000, 0x0000000082100000, 0x0000000082100000|100%| O|  |TAMS 0x0000000082100000, 0x0000000082000000| Untracked 
|  33|0x0000000082100000, 0x0000000082200000, 0x0000000082200000|100%| O|  |TAMS 0x0000000082200000, 0x0000000082100000| Untracked 
|  34|0x0000000082200000, 0x0000000082300000, 0x0000000082300000|100%|HS|  |TAMS 0x0000000082300000, 0x0000000082200000| Complete 
|  35|0x0000000082300000, 0x0000000082400000, 0x0000000082400000|100%|HS|  |TAMS 0x0000000082400000, 0x0000000082300000| Complete 
|  36|0x0000000082400000, 0x0000000082500000, 0x0000000082500000|100%|HS|  |TAMS 0x0000000082500000, 0x0000000082400000| Complete 
|  37|0x0000000082500000, 0x0000000082600000, 0x0000000082600000|100%|HC|  |TAMS 0x0000000082600000, 0x0000000082500000| Complete 
|  38|0x0000000082600000, 0x0000000082700000, 0x0000000082700000|100%|HS|  |TAMS 0x0000000082700000, 0x0000000082600000| Complete 
|  39|0x0000000082700000, 0x0000000082800000, 0x0000000082800000|100%|HS|  |TAMS 0x0000000082800000, 0x0000000082700000| Complete 
|  40|0x0000000082800000, 0x0000000082900000, 0x0000000082900000|100%|HC|  |TAMS 0x0000000082900000, 0x0000000082800000| Complete 
|  41|0x0000000082900000, 0x0000000082a00000, 0x0000000082a00000|100%|HC|  |TAMS 0x0000000082a00000, 0x0000000082900000| Complete 
|  42|0x0000000082a00000, 0x0000000082b00000, 0x0000000082b00000|100%|HC|  |TAMS 0x0000000082b00000, 0x0000000082a00000| Complete 
|  43|0x0000000082b00000, 0x0000000082c00000, 0x0000000082c00000|100%|HS|  |TAMS 0x0000000082c00000, 0x0000000082b00000| Complete 
|  44|0x0000000082c00000, 0x0000000082d00000, 0x0000000082d00000|100%| O|  |TAMS 0x0000000082d00000, 0x0000000082c00000| Untracked 
|  45|0x0000000082d00000, 0x0000000082e00000, 0x0000000082e00000|100%| O|  |TAMS 0x0000000082e00000, 0x0000000082d00000| Untracked 
|  46|0x0000000082e00000, 0x0000000082f00000, 0x0000000082f00000|100%| O|  |TAMS 0x0000000082f00000, 0x0000000082e00000| Untracked 
|  47|0x0000000082f00000, 0x0000000083000000, 0x0000000083000000|100%| O|  |TAMS 0x0000000083000000, 0x0000000082f00000| Untracked 
|  48|0x0000000083000000, 0x0000000083100000, 0x0000000083100000|100%| O|  |TAMS 0x0000000083100000, 0x0000000083000000| Untracked 
|  49|0x0000000083100000, 0x0000000083200000, 0x0000000083200000|100%| O|  |TAMS 0x0000000083200000, 0x0000000083100000| Untracked 
|  50|0x0000000083200000, 0x0000000083300000, 0x0000000083300000|100%|HS|  |TAMS 0x0000000083300000, 0x0000000083200000| Complete 
|  51|0x0000000083300000, 0x0000000083400000, 0x0000000083400000|100%|HC|  |TAMS 0x0000000083400000, 0x0000000083300000| Complete 
|  52|0x0000000083400000, 0x0000000083500000, 0x0000000083500000|100%| O|  |TAMS 0x0000000083500000, 0x0000000083400000| Untracked 
|  53|0x0000000083500000, 0x0000000083600000, 0x0000000083600000|100%| O|  |TAMS 0x0000000083600000, 0x0000000083500000| Untracked 
|  54|0x0000000083600000, 0x0000000083700000, 0x0000000083700000|100%|HS|  |TAMS 0x0000000083700000, 0x0000000083600000| Complete 
|  55|0x0000000083700000, 0x0000000083800000, 0x0000000083800000|100%| O|  |TAMS 0x0000000083800000, 0x0000000083700000| Untracked 
|  56|0x0000000083800000, 0x0000000083900000, 0x0000000083900000|100%| O|  |TAMS 0x0000000083900000, 0x0000000083800000| Untracked 
|  57|0x0000000083900000, 0x0000000083a00000, 0x0000000083a00000|100%| O|  |TAMS 0x0000000083a00000, 0x0000000083900000| Untracked 
|  58|0x0000000083a00000, 0x0000000083b00000, 0x0000000083b00000|100%| O|  |TAMS 0x0000000083b00000, 0x0000000083a00000| Untracked 
|  59|0x0000000083b00000, 0x0000000083c00000, 0x0000000083c00000|100%| O|  |TAMS 0x0000000083c00000, 0x0000000083b00000| Untracked 
|  60|0x0000000083c00000, 0x0000000083d00000, 0x0000000083d00000|100%|HS|  |TAMS 0x0000000083d00000, 0x0000000083c00000| Complete 
|  61|0x0000000083d00000, 0x0000000083e00000, 0x0000000083e00000|100%|HC|  |TAMS 0x0000000083e00000, 0x0000000083d00000| Complete 
|  62|0x0000000083e00000, 0x0000000083f00000, 0x0000000083f00000|100%|HC|  |TAMS 0x0000000083f00000, 0x0000000083e00000| Complete 
|  63|0x0000000083f00000, 0x0000000084000000, 0x0000000084000000|100%|HC|  |TAMS 0x0000000084000000, 0x0000000083f00000| Complete 
|  64|0x0000000084000000, 0x0000000084100000, 0x0000000084100000|100%| O|  |TAMS 0x0000000084100000, 0x0000000084000000| Untracked 
|  65|0x0000000084100000, 0x0000000084200000, 0x0000000084200000|100%| O|  |TAMS 0x0000000084200000, 0x0000000084100000| Untracked 
|  66|0x0000000084200000, 0x0000000084300000, 0x0000000084300000|100%| O|  |TAMS 0x0000000084300000, 0x0000000084200000| Untracked 
|  67|0x0000000084300000, 0x0000000084400000, 0x0000000084400000|100%| O|  |TAMS 0x0000000084400000, 0x0000000084300000| Untracked 
|  68|0x0000000084400000, 0x0000000084500000, 0x0000000084500000|100%| O|  |TAMS 0x0000000084500000, 0x0000000084400000| Untracked 
|  69|0x0000000084500000, 0x0000000084600000, 0x0000000084600000|100%| O|  |TAMS 0x0000000084600000, 0x0000000084500000| Untracked 
|  70|0x0000000084600000, 0x0000000084700000, 0x0000000084700000|100%| O|  |TAMS 0x0000000084700000, 0x0000000084600000| Untracked 
|  71|0x0000000084700000, 0x0000000084800000, 0x0000000084800000|100%|HS|  |TAMS 0x0000000084800000, 0x0000000084700000| Complete 
|  72|0x0000000084800000, 0x0000000084900000, 0x0000000084900000|100%| O|  |TAMS 0x0000000084900000, 0x0000000084800000| Untracked 
|  73|0x0000000084900000, 0x0000000084a00000, 0x0000000084a00000|100%| O|  |TAMS 0x0000000084a00000, 0x0000000084900000| Untracked 
|  74|0x0000000084a00000, 0x0000000084b00000, 0x0000000084b00000|100%| O|  |TAMS 0x0000000084b00000, 0x0000000084a00000| Untracked 
|  75|0x0000000084b00000, 0x0000000084c00000, 0x0000000084c00000|100%| O|  |TAMS 0x0000000084c00000, 0x0000000084b00000| Untracked 
|  76|0x0000000084c00000, 0x0000000084d00000, 0x0000000084d00000|100%| O|  |TAMS 0x0000000084d00000, 0x0000000084c00000| Untracked 
|  77|0x0000000084d00000, 0x0000000084e00000, 0x0000000084e00000|100%| O|  |TAMS 0x0000000084e00000, 0x0000000084d00000| Untracked 
|  78|0x0000000084e00000, 0x0000000084f00000, 0x0000000084f00000|100%| O|  |TAMS 0x0000000084f00000, 0x0000000084e00000| Untracked 
|  79|0x0000000084f00000, 0x0000000085000000, 0x0000000085000000|100%| O|  |TAMS 0x0000000085000000, 0x0000000084f00000| Untracked 
|  80|0x0000000085000000, 0x0000000085100000, 0x0000000085100000|100%| O|  |TAMS 0x0000000085100000, 0x0000000085000000| Untracked 
|  81|0x0000000085100000, 0x0000000085200000, 0x0000000085200000|100%| O|  |TAMS 0x0000000085200000, 0x0000000085100000| Untracked 
|  82|0x0000000085200000, 0x0000000085300000, 0x0000000085300000|100%| O|  |TAMS 0x0000000085300000, 0x0000000085200000| Untracked 
|  83|0x0000000085300000, 0x0000000085400000, 0x0000000085400000|100%| O|  |TAMS 0x0000000085400000, 0x0000000085300000| Untracked 
|  84|0x0000000085400000, 0x0000000085500000, 0x0000000085500000|100%| O|  |TAMS 0x0000000085500000, 0x0000000085400000| Untracked 
|  85|0x0000000085500000, 0x0000000085600000, 0x0000000085600000|100%| O|  |TAMS 0x0000000085600000, 0x0000000085500000| Untracked 
|  86|0x0000000085600000, 0x0000000085700000, 0x0000000085700000|100%| O|  |TAMS 0x0000000085700000, 0x0000000085600000| Untracked 
|  87|0x0000000085700000, 0x0000000085800000, 0x0000000085800000|100%| O|  |TAMS 0x0000000085800000, 0x0000000085700000| Untracked 
|  88|0x0000000085800000, 0x0000000085900000, 0x0000000085900000|100%| O|  |TAMS 0x0000000085900000, 0x0000000085800000| Untracked 
|  89|0x0000000085900000, 0x0000000085a00000, 0x0000000085a00000|100%| O|  |TAMS 0x0000000085a00000, 0x0000000085900000| Untracked 
|  90|0x0000000085a00000, 0x0000000085b00000, 0x0000000085b00000|100%|HS|  |TAMS 0x0000000085b00000, 0x0000000085a00000| Complete 
|  91|0x0000000085b00000, 0x0000000085c00000, 0x0000000085c00000|100%| O|  |TAMS 0x0000000085c00000, 0x0000000085b00000| Untracked 
|  92|0x0000000085c00000, 0x0000000085d00000, 0x0000000085d00000|100%| O|  |TAMS 0x0000000085d00000, 0x0000000085c00000| Untracked 
|  93|0x0000000085d00000, 0x0000000085e00000, 0x0000000085e00000|100%| O|  |TAMS 0x0000000085e00000, 0x0000000085d00000| Untracked 
|  94|0x0000000085e00000, 0x0000000085f00000, 0x0000000085f00000|100%| O|  |TAMS 0x0000000085f00000, 0x0000000085e00000| Untracked 
|  95|0x0000000085f00000, 0x0000000086000000, 0x0000000086000000|100%|HS|  |TAMS 0x0000000085f00000, 0x0000000085f00000| Complete 
|  96|0x0000000086000000, 0x0000000086100000, 0x0000000086100000|100%| O|  |TAMS 0x0000000086100000, 0x0000000086000000| Untracked 
|  97|0x0000000086100000, 0x0000000086200000, 0x0000000086200000|100%| O|  |TAMS 0x0000000086100000, 0x0000000086100000| Untracked 
|  98|0x0000000086200000, 0x0000000086300000, 0x0000000086300000|100%| O|  |TAMS 0x0000000086300000, 0x0000000086200000| Untracked 
|  99|0x0000000086300000, 0x0000000086400000, 0x0000000086400000|100%| O|  |TAMS 0x0000000086400000, 0x0000000086300000| Untracked 
| 100|0x0000000086400000, 0x0000000086500000, 0x0000000086500000|100%| O|  |TAMS 0x0000000086400000, 0x0000000086400000| Untracked 
| 101|0x0000000086500000, 0x0000000086600000, 0x0000000086600000|100%| O|  |TAMS 0x0000000086600000, 0x0000000086500000| Untracked 
| 102|0x0000000086600000, 0x0000000086700000, 0x0000000086700000|100%| O|  |TAMS 0x0000000086700000, 0x0000000086600000| Untracked 
| 103|0x0000000086700000, 0x0000000086800000, 0x0000000086800000|100%| O|  |TAMS 0x0000000086800000, 0x0000000086700000| Untracked 
| 104|0x0000000086800000, 0x0000000086900000, 0x0000000086900000|100%| O|  |TAMS 0x0000000086800000, 0x0000000086800000| Untracked 
| 105|0x0000000086900000, 0x0000000086a00000, 0x0000000086a00000|100%| O|  |TAMS 0x0000000086a00000, 0x0000000086900000| Untracked 
| 106|0x0000000086a00000, 0x0000000086b00000, 0x0000000086b00000|100%| O|  |TAMS 0x0000000086b00000, 0x0000000086a00000| Untracked 
| 107|0x0000000086b00000, 0x0000000086c00000, 0x0000000086c00000|100%| O|  |TAMS 0x0000000086c00000, 0x0000000086b00000| Untracked 
| 108|0x0000000086c00000, 0x0000000086d00000, 0x0000000086d00000|100%| O|  |TAMS 0x0000000086d00000, 0x0000000086c00000| Untracked 
| 109|0x0000000086d00000, 0x0000000086e00000, 0x0000000086e00000|100%| O|  |TAMS 0x0000000086e00000, 0x0000000086d00000| Untracked 
| 110|0x0000000086e00000, 0x0000000086f00000, 0x0000000086f00000|100%|HS|  |TAMS 0x0000000086f00000, 0x0000000086e00000| Complete 
| 111|0x0000000086f00000, 0x0000000087000000, 0x0000000087000000|100%|HC|  |TAMS 0x0000000087000000, 0x0000000086f00000| Complete 
| 112|0x0000000087000000, 0x0000000087100000, 0x0000000087100000|100%|HC|  |TAMS 0x0000000087100000, 0x0000000087000000| Complete 
| 113|0x0000000087100000, 0x0000000087200000, 0x0000000087200000|100%|HC|  |TAMS 0x0000000087200000, 0x0000000087100000| Complete 
| 114|0x0000000087200000, 0x0000000087300000, 0x0000000087300000|100%|HS|  |TAMS 0x0000000087300000, 0x0000000087200000| Complete 
| 115|0x0000000087300000, 0x0000000087400000, 0x0000000087400000|100%|HC|  |TAMS 0x0000000087400000, 0x0000000087300000| Complete 
| 116|0x0000000087400000, 0x0000000087500000, 0x0000000087500000|100%|HC|  |TAMS 0x0000000087500000, 0x0000000087400000| Complete 
| 117|0x0000000087500000, 0x0000000087600000, 0x0000000087600000|100%|HC|  |TAMS 0x0000000087600000, 0x0000000087500000| Complete 
| 118|0x0000000087600000, 0x0000000087700000, 0x0000000087700000|100%|HC|  |TAMS 0x0000000087700000, 0x0000000087600000| Complete 
| 119|0x0000000087700000, 0x0000000087800000, 0x0000000087800000|100%|HC|  |TAMS 0x0000000087800000, 0x0000000087700000| Complete 
| 120|0x0000000087800000, 0x0000000087900000, 0x0000000087900000|100%|HC|  |TAMS 0x0000000087900000, 0x0000000087800000| Complete 
| 121|0x0000000087900000, 0x0000000087a00000, 0x0000000087a00000|100%|HC|  |TAMS 0x0000000087a00000, 0x0000000087900000| Complete 
| 122|0x0000000087a00000, 0x0000000087b00000, 0x0000000087b00000|100%|HC|  |TAMS 0x0000000087b00000, 0x0000000087a00000| Complete 
| 123|0x0000000087b00000, 0x0000000087c00000, 0x0000000087c00000|100%|HC|  |TAMS 0x0000000087c00000, 0x0000000087b00000| Complete 
| 124|0x0000000087c00000, 0x0000000087d00000, 0x0000000087d00000|100%|HC|  |TAMS 0x0000000087d00000, 0x0000000087c00000| Complete 
| 125|0x0000000087d00000, 0x0000000087e00000, 0x0000000087e00000|100%|HC|  |TAMS 0x0000000087e00000, 0x0000000087d00000| Complete 
| 126|0x0000000087e00000, 0x0000000087f00000, 0x0000000087f00000|100%|HC|  |TAMS 0x0000000087f00000, 0x0000000087e00000| Complete 
| 127|0x0000000087f00000, 0x0000000088000000, 0x0000000088000000|100%|HC|  |TAMS 0x0000000088000000, 0x0000000087f00000| Complete 
| 128|0x0000000088000000, 0x0000000088100000, 0x0000000088100000|100%|HC|  |TAMS 0x0000000088100000, 0x0000000088000000| Complete 
| 129|0x0000000088100000, 0x0000000088200000, 0x0000000088200000|100%|HC|  |TAMS 0x0000000088200000, 0x0000000088100000| Complete 
| 130|0x0000000088200000, 0x0000000088300000, 0x0000000088300000|100%|HC|  |TAMS 0x0000000088300000, 0x0000000088200000| Complete 
| 131|0x0000000088300000, 0x0000000088400000, 0x0000000088400000|100%|HC|  |TAMS 0x0000000088400000, 0x0000000088300000| Complete 
| 132|0x0000000088400000, 0x0000000088500000, 0x0000000088500000|100%|HC|  |TAMS 0x0000000088500000, 0x0000000088400000| Complete 
| 133|0x0000000088500000, 0x0000000088600000, 0x0000000088600000|100%|HC|  |TAMS 0x0000000088600000, 0x0000000088500000| Complete 
| 134|0x0000000088600000, 0x0000000088700000, 0x0000000088700000|100%|HC|  |TAMS 0x0000000088700000, 0x0000000088600000| Complete 
| 135|0x0000000088700000, 0x0000000088800000, 0x0000000088800000|100%|HC|  |TAMS 0x0000000088800000, 0x0000000088700000| Complete 
| 136|0x0000000088800000, 0x0000000088900000, 0x0000000088900000|100%|HC|  |TAMS 0x0000000088900000, 0x0000000088800000| Complete 
| 137|0x0000000088900000, 0x0000000088a00000, 0x0000000088a00000|100%|HC|  |TAMS 0x0000000088a00000, 0x0000000088900000| Complete 
| 138|0x0000000088a00000, 0x0000000088b00000, 0x0000000088b00000|100%|HC|  |TAMS 0x0000000088b00000, 0x0000000088a00000| Complete 
| 139|0x0000000088b00000, 0x0000000088c00000, 0x0000000088c00000|100%|HC|  |TAMS 0x0000000088c00000, 0x0000000088b00000| Complete 
| 140|0x0000000088c00000, 0x0000000088d00000, 0x0000000088d00000|100%|HC|  |TAMS 0x0000000088d00000, 0x0000000088c00000| Complete 
| 141|0x0000000088d00000, 0x0000000088e00000, 0x0000000088e00000|100%|HC|  |TAMS 0x0000000088e00000, 0x0000000088d00000| Complete 
| 142|0x0000000088e00000, 0x0000000088f00000, 0x0000000088f00000|100%|HC|  |TAMS 0x0000000088f00000, 0x0000000088e00000| Complete 
| 143|0x0000000088f00000, 0x0000000089000000, 0x0000000089000000|100%|HC|  |TAMS 0x0000000089000000, 0x0000000088f00000| Complete 
| 144|0x0000000089000000, 0x0000000089100000, 0x0000000089100000|100%|HS|  |TAMS 0x0000000089100000, 0x0000000089000000| Complete 
| 145|0x0000000089100000, 0x0000000089200000, 0x0000000089200000|100%|HC|  |TAMS 0x0000000089200000, 0x0000000089100000| Complete 
| 146|0x0000000089200000, 0x0000000089300000, 0x0000000089300000|100%|HC|  |TAMS 0x0000000089300000, 0x0000000089200000| Complete 
| 147|0x0000000089300000, 0x0000000089400000, 0x0000000089400000|100%|HS|  |TAMS 0x0000000089400000, 0x0000000089300000| Complete 
| 148|0x0000000089400000, 0x0000000089500000, 0x0000000089500000|100%|HS|  |TAMS 0x0000000089500000, 0x0000000089400000| Complete 
| 149|0x0000000089500000, 0x0000000089600000, 0x0000000089600000|100%|HC|  |TAMS 0x0000000089600000, 0x0000000089500000| Complete 
| 150|0x0000000089600000, 0x0000000089700000, 0x0000000089700000|100%|HC|  |TAMS 0x0000000089700000, 0x0000000089600000| Complete 
| 151|0x0000000089700000, 0x0000000089800000, 0x0000000089800000|100%|HS|  |TAMS 0x0000000089800000, 0x0000000089700000| Complete 
| 152|0x0000000089800000, 0x0000000089900000, 0x0000000089900000|100%|HC|  |TAMS 0x0000000089900000, 0x0000000089800000| Complete 
| 153|0x0000000089900000, 0x0000000089a00000, 0x0000000089a00000|100%|HS|  |TAMS 0x0000000089a00000, 0x0000000089900000| Complete 
| 154|0x0000000089a00000, 0x0000000089b00000, 0x0000000089b00000|100%|HC|  |TAMS 0x0000000089b00000, 0x0000000089a00000| Complete 
| 155|0x0000000089b00000, 0x0000000089c00000, 0x0000000089c00000|100%|HS|  |TAMS 0x0000000089c00000, 0x0000000089b00000| Complete 
| 156|0x0000000089c00000, 0x0000000089d00000, 0x0000000089d00000|100%|HS|  |TAMS 0x0000000089d00000, 0x0000000089c00000| Complete 
| 157|0x0000000089d00000, 0x0000000089e00000, 0x0000000089e00000|100%|HC|  |TAMS 0x0000000089e00000, 0x0000000089d00000| Complete 
| 158|0x0000000089e00000, 0x0000000089f00000, 0x0000000089f00000|100%|HS|  |TAMS 0x0000000089f00000, 0x0000000089e00000| Complete 
| 159|0x0000000089f00000, 0x000000008a000000, 0x000000008a000000|100%|HC|  |TAMS 0x000000008a000000, 0x0000000089f00000| Complete 
| 160|0x000000008a000000, 0x000000008a100000, 0x000000008a100000|100%|HS|  |TAMS 0x000000008a100000, 0x000000008a000000| Complete 
| 161|0x000000008a100000, 0x000000008a200000, 0x000000008a200000|100%|HC|  |TAMS 0x000000008a200000, 0x000000008a100000| Complete 
| 162|0x000000008a200000, 0x000000008a300000, 0x000000008a300000|100%|HC|  |TAMS 0x000000008a300000, 0x000000008a200000| Complete 
| 163|0x000000008a300000, 0x000000008a400000, 0x000000008a400000|100%|HS|  |TAMS 0x000000008a400000, 0x000000008a300000| Complete 
| 164|0x000000008a400000, 0x000000008a500000, 0x000000008a500000|100%|HS|  |TAMS 0x000000008a500000, 0x000000008a400000| Complete 
| 165|0x000000008a500000, 0x000000008a600000, 0x000000008a600000|100%|HC|  |TAMS 0x000000008a600000, 0x000000008a500000| Complete 
| 166|0x000000008a600000, 0x000000008a700000, 0x000000008a700000|100%|HC|  |TAMS 0x000000008a700000, 0x000000008a600000| Complete 
| 167|0x000000008a700000, 0x000000008a800000, 0x000000008a800000|100%| O|  |TAMS 0x000000008a800000, 0x000000008a700000| Untracked 
| 168|0x000000008a800000, 0x000000008a900000, 0x000000008a900000|100%| O|  |TAMS 0x000000008a900000, 0x000000008a800000| Untracked 
| 169|0x000000008a900000, 0x000000008aa00000, 0x000000008aa00000|100%|HS|  |TAMS 0x000000008aa00000, 0x000000008a900000| Complete 
| 170|0x000000008aa00000, 0x000000008ab00000, 0x000000008ab00000|100%|HC|  |TAMS 0x000000008ab00000, 0x000000008aa00000| Complete 
| 171|0x000000008ab00000, 0x000000008ac00000, 0x000000008ac00000|100%| O|  |TAMS 0x000000008ac00000, 0x000000008ab00000| Untracked 
| 172|0x000000008ac00000, 0x000000008ad00000, 0x000000008ad00000|100%|HS|  |TAMS 0x000000008ad00000, 0x000000008ac00000| Complete 
| 173|0x000000008ad00000, 0x000000008ae00000, 0x000000008ae00000|100%|HC|  |TAMS 0x000000008ae00000, 0x000000008ad00000| Complete 
| 174|0x000000008ae00000, 0x000000008af00000, 0x000000008af00000|100%|HC|  |TAMS 0x000000008af00000, 0x000000008ae00000| Complete 
| 175|0x000000008af00000, 0x000000008b000000, 0x000000008b000000|100%|HC|  |TAMS 0x000000008b000000, 0x000000008af00000| Complete 
| 176|0x000000008b000000, 0x000000008b100000, 0x000000008b100000|100%| O|  |TAMS 0x000000008b100000, 0x000000008b000000| Untracked 
| 177|0x000000008b100000, 0x000000008b200000, 0x000000008b200000|100%|HS|  |TAMS 0x000000008b200000, 0x000000008b100000| Complete 
| 178|0x000000008b200000, 0x000000008b300000, 0x000000008b300000|100%| O|  |TAMS 0x000000008b300000, 0x000000008b200000| Untracked 
| 179|0x000000008b300000, 0x000000008b400000, 0x000000008b400000|100%| O|  |TAMS 0x000000008b400000, 0x000000008b300000| Untracked 
| 180|0x000000008b400000, 0x000000008b500000, 0x000000008b500000|100%|HS|  |TAMS 0x000000008b500000, 0x000000008b400000| Complete 
| 181|0x000000008b500000, 0x000000008b600000, 0x000000008b600000|100%|HC|  |TAMS 0x000000008b600000, 0x000000008b500000| Complete 
| 182|0x000000008b600000, 0x000000008b700000, 0x000000008b700000|100%| O|  |TAMS 0x000000008b700000, 0x000000008b600000| Untracked 
| 183|0x000000008b700000, 0x000000008b800000, 0x000000008b800000|100%| O|  |TAMS 0x000000008b800000, 0x000000008b700000| Untracked 
| 184|0x000000008b800000, 0x000000008b900000, 0x000000008b900000|100%| O|  |TAMS 0x000000008b900000, 0x000000008b800000| Untracked 
| 185|0x000000008b900000, 0x000000008ba00000, 0x000000008ba00000|100%| O|  |TAMS 0x000000008ba00000, 0x000000008b900000| Untracked 
| 186|0x000000008ba00000, 0x000000008bb00000, 0x000000008bb00000|100%| O|  |TAMS 0x000000008bb00000, 0x000000008ba00000| Untracked 
| 187|0x000000008bb00000, 0x000000008bc00000, 0x000000008bc00000|100%|HS|  |TAMS 0x000000008bc00000, 0x000000008bb00000| Complete 
| 188|0x000000008bc00000, 0x000000008bd00000, 0x000000008bd00000|100%|HC|  |TAMS 0x000000008bd00000, 0x000000008bc00000| Complete 
| 189|0x000000008bd00000, 0x000000008be00000, 0x000000008be00000|100%|HC|  |TAMS 0x000000008be00000, 0x000000008bd00000| Complete 
| 190|0x000000008be00000, 0x000000008bf00000, 0x000000008bf00000|100%| O|  |TAMS 0x000000008bf00000, 0x000000008be00000| Untracked 
| 191|0x000000008bf00000, 0x000000008c000000, 0x000000008c000000|100%|HS|  |TAMS 0x000000008c000000, 0x000000008bf00000| Complete 
| 192|0x000000008c000000, 0x000000008c100000, 0x000000008c100000|100%| O|  |TAMS 0x000000008c100000, 0x000000008c000000| Untracked 
| 193|0x000000008c100000, 0x000000008c200000, 0x000000008c200000|100%| O|  |TAMS 0x000000008c200000, 0x000000008c100000| Untracked 
| 194|0x000000008c200000, 0x000000008c300000, 0x000000008c300000|100%| O|  |TAMS 0x000000008c300000, 0x000000008c200000| Untracked 
| 195|0x000000008c300000, 0x000000008c400000, 0x000000008c400000|100%| O|  |TAMS 0x000000008c346a00, 0x000000008c300000| Untracked 
| 196|0x000000008c400000, 0x000000008c500000, 0x000000008c500000|100%| O|  |TAMS 0x000000008c400000, 0x000000008c400000| Untracked 
| 197|0x000000008c500000, 0x000000008c600000, 0x000000008c600000|100%| O|  |TAMS 0x000000008c500000, 0x000000008c500000| Untracked 
| 198|0x000000008c600000, 0x000000008c700000, 0x000000008c700000|100%|HS|  |TAMS 0x000000008c700000, 0x000000008c600000| Complete 
| 199|0x000000008c700000, 0x000000008c800000, 0x000000008c800000|100%|HC|  |TAMS 0x000000008c800000, 0x000000008c700000| Complete 
| 200|0x000000008c800000, 0x000000008c900000, 0x000000008c900000|100%|HC|  |TAMS 0x000000008c900000, 0x000000008c800000| Complete 
| 201|0x000000008c900000, 0x000000008ca00000, 0x000000008ca00000|100%| O|  |TAMS 0x000000008ca00000, 0x000000008c900000| Untracked 
| 202|0x000000008ca00000, 0x000000008cb00000, 0x000000008cb00000|100%| O|  |TAMS 0x000000008cb00000, 0x000000008ca00000| Untracked 
| 203|0x000000008cb00000, 0x000000008cc00000, 0x000000008cc00000|100%| O|  |TAMS 0x000000008cc00000, 0x000000008cb00000| Untracked 
| 204|0x000000008cc00000, 0x000000008cd00000, 0x000000008cd00000|100%| O|  |TAMS 0x000000008cd00000, 0x000000008cc00000| Untracked 
| 205|0x000000008cd00000, 0x000000008ce00000, 0x000000008ce00000|100%| O|  |TAMS 0x000000008ce00000, 0x000000008cd00000| Untracked 
| 206|0x000000008ce00000, 0x000000008cf00000, 0x000000008cf00000|100%| O|  |TAMS 0x000000008cf00000, 0x000000008ce00000| Untracked 
| 207|0x000000008cf00000, 0x000000008d000000, 0x000000008d000000|100%| O|  |TAMS 0x000000008d000000, 0x000000008cf00000| Untracked 
| 208|0x000000008d000000, 0x000000008d100000, 0x000000008d100000|100%| O|  |TAMS 0x000000008d100000, 0x000000008d000000| Untracked 
| 209|0x000000008d100000, 0x000000008d200000, 0x000000008d200000|100%| O|  |TAMS 0x000000008d200000, 0x000000008d100000| Untracked 
| 210|0x000000008d200000, 0x000000008d300000, 0x000000008d300000|100%| O|  |TAMS 0x000000008d300000, 0x000000008d200000| Untracked 
| 211|0x000000008d300000, 0x000000008d400000, 0x000000008d400000|100%| O|  |TAMS 0x000000008d400000, 0x000000008d300000| Untracked 
| 212|0x000000008d400000, 0x000000008d500000, 0x000000008d500000|100%| O|  |TAMS 0x000000008d400000, 0x000000008d400000| Untracked 
| 213|0x000000008d500000, 0x000000008d600000, 0x000000008d600000|100%| O|  |TAMS 0x000000008d500000, 0x000000008d500000| Untracked 
| 214|0x000000008d600000, 0x000000008d700000, 0x000000008d700000|100%| O|  |TAMS 0x000000008d600000, 0x000000008d600000| Untracked 
| 215|0x000000008d700000, 0x000000008d800000, 0x000000008d800000|100%|HS|  |TAMS 0x000000008d800000, 0x000000008d700000| Complete 
| 216|0x000000008d800000, 0x000000008d900000, 0x000000008d900000|100%|HC|  |TAMS 0x000000008d900000, 0x000000008d800000| Complete 
| 217|0x000000008d900000, 0x000000008da00000, 0x000000008da00000|100%|HC|  |TAMS 0x000000008da00000, 0x000000008d900000| Complete 
| 218|0x000000008da00000, 0x000000008db00000, 0x000000008db00000|100%|HC|  |TAMS 0x000000008db00000, 0x000000008da00000| Complete 
| 219|0x000000008db00000, 0x000000008dc00000, 0x000000008dc00000|100%|HC|  |TAMS 0x000000008dc00000, 0x000000008db00000| Complete 
| 220|0x000000008dc00000, 0x000000008dd00000, 0x000000008dd00000|100%|HC|  |TAMS 0x000000008dd00000, 0x000000008dc00000| Complete 
| 221|0x000000008dd00000, 0x000000008de00000, 0x000000008de00000|100%|HC|  |TAMS 0x000000008de00000, 0x000000008dd00000| Complete 
| 222|0x000000008de00000, 0x000000008df00000, 0x000000008df00000|100%|HC|  |TAMS 0x000000008df00000, 0x000000008de00000| Complete 
| 223|0x000000008df00000, 0x000000008e000000, 0x000000008e000000|100%|HC|  |TAMS 0x000000008e000000, 0x000000008df00000| Complete 
| 224|0x000000008e000000, 0x000000008e100000, 0x000000008e100000|100%|HC|  |TAMS 0x000000008e100000, 0x000000008e000000| Complete 
| 225|0x000000008e100000, 0x000000008e200000, 0x000000008e200000|100%|HC|  |TAMS 0x000000008e200000, 0x000000008e100000| Complete 
| 226|0x000000008e200000, 0x000000008e300000, 0x000000008e300000|100%|HC|  |TAMS 0x000000008e300000, 0x000000008e200000| Complete 
| 227|0x000000008e300000, 0x000000008e400000, 0x000000008e400000|100%|HC|  |TAMS 0x000000008e400000, 0x000000008e300000| Complete 
| 228|0x000000008e400000, 0x000000008e500000, 0x000000008e500000|100%|HC|  |TAMS 0x000000008e500000, 0x000000008e400000| Complete 
| 229|0x000000008e500000, 0x000000008e600000, 0x000000008e600000|100%|HC|  |TAMS 0x000000008e600000, 0x000000008e500000| Complete 
| 230|0x000000008e600000, 0x000000008e700000, 0x000000008e700000|100%|HC|  |TAMS 0x000000008e700000, 0x000000008e600000| Complete 
| 231|0x000000008e700000, 0x000000008e800000, 0x000000008e800000|100%|HC|  |TAMS 0x000000008e800000, 0x000000008e700000| Complete 
| 232|0x000000008e800000, 0x000000008e900000, 0x000000008e900000|100%|HC|  |TAMS 0x000000008e900000, 0x000000008e800000| Complete 
| 233|0x000000008e900000, 0x000000008ea00000, 0x000000008ea00000|100%|HC|  |TAMS 0x000000008ea00000, 0x000000008e900000| Complete 
| 234|0x000000008ea00000, 0x000000008eb00000, 0x000000008eb00000|100%|HC|  |TAMS 0x000000008eb00000, 0x000000008ea00000| Complete 
| 235|0x000000008eb00000, 0x000000008ec00000, 0x000000008ec00000|100%|HC|  |TAMS 0x000000008ec00000, 0x000000008eb00000| Complete 
| 236|0x000000008ec00000, 0x000000008ed00000, 0x000000008ed00000|100%|HC|  |TAMS 0x000000008ed00000, 0x000000008ec00000| Complete 
| 237|0x000000008ed00000, 0x000000008ee00000, 0x000000008ee00000|100%|HC|  |TAMS 0x000000008ee00000, 0x000000008ed00000| Complete 
| 238|0x000000008ee00000, 0x000000008ef00000, 0x000000008ef00000|100%|HC|  |TAMS 0x000000008ef00000, 0x000000008ee00000| Complete 
| 239|0x000000008ef00000, 0x000000008f000000, 0x000000008f000000|100%|HC|  |TAMS 0x000000008f000000, 0x000000008ef00000| Complete 
| 240|0x000000008f000000, 0x000000008f100000, 0x000000008f100000|100%|HC|  |TAMS 0x000000008f100000, 0x000000008f000000| Complete 
| 241|0x000000008f100000, 0x000000008f200000, 0x000000008f200000|100%|HC|  |TAMS 0x000000008f200000, 0x000000008f100000| Complete 
| 242|0x000000008f200000, 0x000000008f300000, 0x000000008f300000|100%|HC|  |TAMS 0x000000008f300000, 0x000000008f200000| Complete 
| 243|0x000000008f300000, 0x000000008f400000, 0x000000008f400000|100%|HC|  |TAMS 0x000000008f400000, 0x000000008f300000| Complete 
| 244|0x000000008f400000, 0x000000008f500000, 0x000000008f500000|100%|HC|  |TAMS 0x000000008f500000, 0x000000008f400000| Complete 
| 245|0x000000008f500000, 0x000000008f600000, 0x000000008f600000|100%| O|  |TAMS 0x000000008f500000, 0x000000008f500000| Untracked 
| 246|0x000000008f600000, 0x000000008f700000, 0x000000008f700000|100%| O|  |TAMS 0x000000008f600000, 0x000000008f600000| Untracked 
| 247|0x000000008f700000, 0x000000008f800000, 0x000000008f800000|100%| O|  |TAMS 0x000000008f700000, 0x000000008f700000| Untracked 
| 248|0x000000008f800000, 0x000000008f900000, 0x000000008f900000|100%| O|  |TAMS 0x000000008f800000, 0x000000008f800000| Untracked 
| 249|0x000000008f900000, 0x000000008fa00000, 0x000000008fa00000|100%| O|  |TAMS 0x000000008f900000, 0x000000008f900000| Untracked 
| 250|0x000000008fa00000, 0x000000008fb00000, 0x000000008fb00000|100%|HS|  |TAMS 0x000000008fa00000, 0x000000008fa00000| Complete 
| 251|0x000000008fb00000, 0x000000008fc00000, 0x000000008fc00000|100%|HS|  |TAMS 0x000000008fc00000, 0x000000008fb00000| Complete 
| 252|0x000000008fc00000, 0x000000008fd00000, 0x000000008fd00000|100%|HC|  |TAMS 0x000000008fd00000, 0x000000008fc00000| Complete 
| 253|0x000000008fd00000, 0x000000008fe00000, 0x000000008fe00000|100%|HC|  |TAMS 0x000000008fe00000, 0x000000008fd00000| Complete 
| 254|0x000000008fe00000, 0x000000008ff00000, 0x000000008ff00000|100%| O|  |TAMS 0x000000008fe00000, 0x000000008fe00000| Untracked 
| 255|0x000000008ff00000, 0x0000000090000000, 0x0000000090000000|100%|HS|  |TAMS 0x0000000090000000, 0x000000008ff00000| Complete 
| 256|0x0000000090000000, 0x0000000090100000, 0x0000000090100000|100%| O|  |TAMS 0x0000000090000000, 0x0000000090000000| Untracked 
| 257|0x0000000090100000, 0x0000000090200000, 0x0000000090200000|100%| O|  |TAMS 0x0000000090100000, 0x0000000090100000| Untracked 
| 258|0x0000000090200000, 0x0000000090300000, 0x0000000090300000|100%| O|  |TAMS 0x0000000090200000, 0x0000000090200000| Untracked 
| 259|0x0000000090300000, 0x0000000090400000, 0x0000000090400000|100%|HS|  |TAMS 0x0000000090300000, 0x0000000090300000| Complete 
| 260|0x0000000090400000, 0x0000000090500000, 0x0000000090500000|100%|HC|  |TAMS 0x0000000090400000, 0x0000000090400000| Complete 
| 261|0x0000000090500000, 0x0000000090600000, 0x0000000090600000|100%|HS|  |TAMS 0x0000000090500000, 0x0000000090500000| Complete 
| 262|0x0000000090600000, 0x0000000090700000, 0x0000000090700000|100%|HS|  |TAMS 0x0000000090700000, 0x0000000090600000| Complete 
| 263|0x0000000090700000, 0x0000000090800000, 0x0000000090800000|100%|HC|  |TAMS 0x0000000090800000, 0x0000000090700000| Complete 
| 264|0x0000000090800000, 0x0000000090900000, 0x0000000090900000|100%|HC|  |TAMS 0x0000000090900000, 0x0000000090800000| Complete 
| 265|0x0000000090900000, 0x0000000090a00000, 0x0000000090a00000|100%| O|  |TAMS 0x0000000090900000, 0x0000000090900000| Untracked 
| 266|0x0000000090a00000, 0x0000000090b00000, 0x0000000090b00000|100%| O|  |TAMS 0x0000000090a00000, 0x0000000090a00000| Untracked 
| 267|0x0000000090b00000, 0x0000000090c00000, 0x0000000090c00000|100%| O|  |TAMS 0x0000000090b00000, 0x0000000090b00000| Untracked 
| 268|0x0000000090c00000, 0x0000000090d00000, 0x0000000090d00000|100%|HS|  |TAMS 0x0000000090d00000, 0x0000000090c00000| Complete 
| 269|0x0000000090d00000, 0x0000000090e00000, 0x0000000090e00000|100%|HC|  |TAMS 0x0000000090e00000, 0x0000000090d00000| Complete 
| 270|0x0000000090e00000, 0x0000000090f00000, 0x0000000090f00000|100%| O|  |TAMS 0x0000000090e00000, 0x0000000090e00000| Untracked 
| 271|0x0000000090f00000, 0x0000000091000000, 0x0000000091000000|100%| O|  |TAMS 0x0000000090f00000, 0x0000000090f00000| Untracked 
| 272|0x0000000091000000, 0x0000000091100000, 0x0000000091100000|100%| O|  |TAMS 0x0000000091000000, 0x0000000091000000| Untracked 
| 273|0x0000000091100000, 0x0000000091200000, 0x0000000091200000|100%|HS|  |TAMS 0x0000000091200000, 0x0000000091100000| Complete 
| 274|0x0000000091200000, 0x0000000091300000, 0x0000000091300000|100%|HC|  |TAMS 0x0000000091300000, 0x0000000091200000| Complete 
| 275|0x0000000091300000, 0x0000000091400000, 0x0000000091400000|100%| O|  |TAMS 0x0000000091300000, 0x0000000091300000| Untracked 
| 276|0x0000000091400000, 0x0000000091500000, 0x0000000091500000|100%|HS|  |TAMS 0x0000000091500000, 0x0000000091400000| Complete 
| 277|0x0000000091500000, 0x0000000091600000, 0x0000000091600000|100%| O|  |TAMS 0x0000000091600000, 0x0000000091500000| Untracked 
| 278|0x0000000091600000, 0x0000000091700000, 0x0000000091700000|100%| O|  |TAMS 0x0000000091700000, 0x0000000091600000| Untracked 
| 279|0x0000000091700000, 0x0000000091800000, 0x0000000091800000|100%| O|  |TAMS 0x0000000091800000, 0x0000000091700000| Untracked 
| 280|0x0000000091800000, 0x0000000091900000, 0x0000000091900000|100%| O|  |TAMS 0x0000000091900000, 0x0000000091800000| Untracked 
| 281|0x0000000091900000, 0x0000000091a00000, 0x0000000091a00000|100%| O|  |TAMS 0x0000000091a00000, 0x0000000091900000| Untracked 
| 282|0x0000000091a00000, 0x0000000091b00000, 0x0000000091b00000|100%| O|  |TAMS 0x0000000091a00000, 0x0000000091a00000| Untracked 
| 283|0x0000000091b00000, 0x0000000091c00000, 0x0000000091c00000|100%| O|  |TAMS 0x0000000091b00000, 0x0000000091b00000| Untracked 
| 284|0x0000000091c00000, 0x0000000091d00000, 0x0000000091d00000|100%| O|  |TAMS 0x0000000091c00000, 0x0000000091c00000| Untracked 
| 285|0x0000000091d00000, 0x0000000091e00000, 0x0000000091e00000|100%| O|  |TAMS 0x0000000091d00000, 0x0000000091d00000| Untracked 
| 286|0x0000000091e00000, 0x0000000091f00000, 0x0000000091f00000|100%|HS|  |TAMS 0x0000000091e00000, 0x0000000091e00000| Complete 
| 287|0x0000000091f00000, 0x0000000092000000, 0x0000000092000000|100%|HC|  |TAMS 0x0000000091f00000, 0x0000000091f00000| Complete 
| 288|0x0000000092000000, 0x0000000092100000, 0x0000000092100000|100%| O|  |TAMS 0x0000000092000000, 0x0000000092000000| Untracked 
| 289|0x0000000092100000, 0x0000000092200000, 0x0000000092200000|100%| O|  |TAMS 0x0000000092100000, 0x0000000092100000| Untracked 
| 290|0x0000000092200000, 0x0000000092300000, 0x0000000092300000|100%| O|  |TAMS 0x0000000092200000, 0x0000000092200000| Untracked 
| 291|0x0000000092300000, 0x0000000092400000, 0x0000000092400000|100%| O|  |TAMS 0x0000000092300000, 0x0000000092300000| Untracked 
| 292|0x0000000092400000, 0x0000000092500000, 0x0000000092500000|100%| O|  |TAMS 0x0000000092400000, 0x0000000092400000| Untracked 
| 293|0x0000000092500000, 0x0000000092600000, 0x0000000092600000|100%| O|  |TAMS 0x0000000092500000, 0x0000000092500000| Untracked 
| 294|0x0000000092600000, 0x0000000092700000, 0x0000000092700000|100%| O|  |TAMS 0x0000000092600000, 0x0000000092600000| Untracked 
| 295|0x0000000092700000, 0x0000000092800000, 0x0000000092800000|100%| O|  |TAMS 0x0000000092700000, 0x0000000092700000| Untracked 
| 296|0x0000000092800000, 0x0000000092900000, 0x0000000092900000|100%| O|  |TAMS 0x0000000092800000, 0x0000000092800000| Untracked 
| 297|0x0000000092900000, 0x0000000092a00000, 0x0000000092a00000|100%| O|  |TAMS 0x0000000092900000, 0x0000000092900000| Untracked 
| 298|0x0000000092a00000, 0x0000000092b00000, 0x0000000092b00000|100%| O|  |TAMS 0x0000000092a00000, 0x0000000092a00000| Untracked 
| 299|0x0000000092b00000, 0x0000000092c00000, 0x0000000092c00000|100%| O|  |TAMS 0x0000000092b00000, 0x0000000092b00000| Untracked 
| 300|0x0000000092c00000, 0x0000000092d00000, 0x0000000092d00000|100%| O|  |TAMS 0x0000000092c00000, 0x0000000092c00000| Untracked 
| 301|0x0000000092d00000, 0x0000000092e00000, 0x0000000092e00000|100%| O|  |TAMS 0x0000000092d00000, 0x0000000092d00000| Untracked 
| 302|0x0000000092e00000, 0x0000000092f00000, 0x0000000092f00000|100%| O|  |TAMS 0x0000000092e00000, 0x0000000092e00000| Untracked 
| 303|0x0000000092f00000, 0x0000000093000000, 0x0000000093000000|100%| O|  |TAMS 0x0000000092f00000, 0x0000000092f00000| Untracked 
| 304|0x0000000093000000, 0x0000000093100000, 0x0000000093100000|100%| O|  |TAMS 0x0000000093000000, 0x0000000093000000| Untracked 
| 305|0x0000000093100000, 0x0000000093200000, 0x0000000093200000|100%| O|  |TAMS 0x0000000093100000, 0x0000000093100000| Untracked 
| 306|0x0000000093200000, 0x0000000093300000, 0x0000000093300000|100%| O|  |TAMS 0x0000000093200000, 0x0000000093200000| Untracked 
| 307|0x0000000093300000, 0x0000000093400000, 0x0000000093400000|100%| O|  |TAMS 0x0000000093300000, 0x0000000093300000| Untracked 
| 308|0x0000000093400000, 0x0000000093500000, 0x0000000093500000|100%| O|  |TAMS 0x0000000093400000, 0x0000000093400000| Untracked 
| 309|0x0000000093500000, 0x0000000093600000, 0x0000000093600000|100%| O|  |TAMS 0x0000000093500000, 0x0000000093500000| Untracked 
| 310|0x0000000093600000, 0x0000000093700000, 0x0000000093700000|100%| O|  |TAMS 0x0000000093600000, 0x0000000093600000| Untracked 
| 311|0x0000000093700000, 0x0000000093800000, 0x0000000093800000|100%| O|  |TAMS 0x0000000093700000, 0x0000000093700000| Untracked 
| 312|0x0000000093800000, 0x0000000093900000, 0x0000000093900000|100%| O|  |TAMS 0x0000000093800000, 0x0000000093800000| Untracked 
| 313|0x0000000093900000, 0x0000000093a00000, 0x0000000093a00000|100%| O|  |TAMS 0x0000000093900000, 0x0000000093900000| Untracked 
| 314|0x0000000093a00000, 0x0000000093b00000, 0x0000000093b00000|100%| O|  |TAMS 0x0000000093a00000, 0x0000000093a00000| Untracked 
| 315|0x0000000093b00000, 0x0000000093c00000, 0x0000000093c00000|100%| O|  |TAMS 0x0000000093b00000, 0x0000000093b00000| Untracked 
| 316|0x0000000093c00000, 0x0000000093d00000, 0x0000000093d00000|100%| O|  |TAMS 0x0000000093c00000, 0x0000000093c00000| Untracked 
| 317|0x0000000093d00000, 0x0000000093e00000, 0x0000000093e00000|100%| O|  |TAMS 0x0000000093d00000, 0x0000000093d00000| Untracked 
| 318|0x0000000093e00000, 0x0000000093f00000, 0x0000000093f00000|100%| O|  |TAMS 0x0000000093e00000, 0x0000000093e00000| Untracked 
| 319|0x0000000093f00000, 0x0000000094000000, 0x0000000094000000|100%| O|  |TAMS 0x0000000093f00000, 0x0000000093f00000| Untracked 
| 320|0x0000000094000000, 0x0000000094100000, 0x0000000094100000|100%| O|  |TAMS 0x0000000094000000, 0x0000000094000000| Untracked 
| 321|0x0000000094100000, 0x0000000094200000, 0x0000000094200000|100%| O|  |TAMS 0x0000000094100000, 0x0000000094100000| Untracked 
| 322|0x0000000094200000, 0x0000000094300000, 0x0000000094300000|100%| O|  |TAMS 0x0000000094200000, 0x0000000094200000| Untracked 
| 323|0x0000000094300000, 0x0000000094400000, 0x0000000094400000|100%| O|  |TAMS 0x0000000094300000, 0x0000000094300000| Untracked 
| 324|0x0000000094400000, 0x0000000094500000, 0x0000000094500000|100%| O|  |TAMS 0x0000000094400000, 0x0000000094400000| Untracked 
| 325|0x0000000094500000, 0x0000000094600000, 0x0000000094600000|100%| O|  |TAMS 0x0000000094500000, 0x0000000094500000| Untracked 
| 326|0x0000000094600000, 0x0000000094700000, 0x0000000094700000|100%| O|  |TAMS 0x0000000094600000, 0x0000000094600000| Untracked 
| 327|0x0000000094700000, 0x0000000094800000, 0x0000000094800000|100%| O|  |TAMS 0x0000000094700000, 0x0000000094700000| Untracked 
| 328|0x0000000094800000, 0x0000000094900000, 0x0000000094900000|100%| O|  |TAMS 0x0000000094800000, 0x0000000094800000| Untracked 
| 329|0x0000000094900000, 0x0000000094a00000, 0x0000000094a00000|100%| O|  |TAMS 0x0000000094900000, 0x0000000094900000| Untracked 
| 330|0x0000000094a00000, 0x0000000094b00000, 0x0000000094b00000|100%| O|  |TAMS 0x0000000094a00000, 0x0000000094a00000| Untracked 
| 331|0x0000000094b00000, 0x0000000094c00000, 0x0000000094c00000|100%| O|  |TAMS 0x0000000094b00000, 0x0000000094b00000| Untracked 
| 332|0x0000000094c00000, 0x0000000094d00000, 0x0000000094d00000|100%| O|  |TAMS 0x0000000094c00000, 0x0000000094c00000| Untracked 
| 333|0x0000000094d00000, 0x0000000094e00000, 0x0000000094e00000|100%| O|  |TAMS 0x0000000094d00000, 0x0000000094d00000| Untracked 
| 334|0x0000000094e00000, 0x0000000094f00000, 0x0000000094f00000|100%| O|  |TAMS 0x0000000094e00000, 0x0000000094e00000| Untracked 
| 335|0x0000000094f00000, 0x0000000095000000, 0x0000000095000000|100%| O|  |TAMS 0x0000000094f00000, 0x0000000094f00000| Untracked 
| 336|0x0000000095000000, 0x0000000095100000, 0x0000000095100000|100%| O|  |TAMS 0x0000000095000000, 0x0000000095000000| Untracked 
| 337|0x0000000095100000, 0x0000000095200000, 0x0000000095200000|100%| O|  |TAMS 0x0000000095100000, 0x0000000095100000| Untracked 
| 338|0x0000000095200000, 0x0000000095300000, 0x0000000095300000|100%| O|  |TAMS 0x0000000095200000, 0x0000000095200000| Untracked 
| 339|0x0000000095300000, 0x0000000095400000, 0x0000000095400000|100%| O|  |TAMS 0x0000000095300000, 0x0000000095300000| Untracked 
| 340|0x0000000095400000, 0x0000000095500000, 0x0000000095500000|100%| O|  |TAMS 0x0000000095400000, 0x0000000095400000| Untracked 
| 341|0x0000000095500000, 0x0000000095600000, 0x0000000095600000|100%| O|  |TAMS 0x0000000095500000, 0x0000000095500000| Untracked 
| 342|0x0000000095600000, 0x0000000095700000, 0x0000000095700000|100%| O|  |TAMS 0x0000000095600000, 0x0000000095600000| Untracked 
| 343|0x0000000095700000, 0x0000000095800000, 0x0000000095800000|100%| O|  |TAMS 0x0000000095700000, 0x0000000095700000| Untracked 
| 344|0x0000000095800000, 0x0000000095900000, 0x0000000095900000|100%| O|  |TAMS 0x0000000095800000, 0x0000000095800000| Untracked 
| 345|0x0000000095900000, 0x0000000095980000, 0x0000000095a00000| 50%| O|  |TAMS 0x0000000095900000, 0x0000000095900000| Untracked 
| 346|0x0000000095a00000, 0x0000000095a00000, 0x0000000095b00000|  0%| F|  |TAMS 0x0000000095a00000, 0x0000000095a00000| Untracked 
| 347|0x0000000095b00000, 0x0000000095b00000, 0x0000000095c00000|  0%| F|  |TAMS 0x0000000095b00000, 0x0000000095b00000| Untracked 
| 348|0x0000000095c00000, 0x0000000095c00000, 0x0000000095d00000|  0%| F|  |TAMS 0x0000000095c00000, 0x0000000095c00000| Untracked 
| 349|0x0000000095d00000, 0x0000000095d00000, 0x0000000095e00000|  0%| F|  |TAMS 0x0000000095d00000, 0x0000000095d00000| Untracked 
| 350|0x0000000095e00000, 0x0000000095e00000, 0x0000000095f00000|  0%| F|  |TAMS 0x0000000095e00000, 0x0000000095e00000| Untracked 
| 351|0x0000000095f00000, 0x0000000095f00000, 0x0000000096000000|  0%| F|  |TAMS 0x0000000095f00000, 0x0000000095f00000| Untracked 
| 352|0x0000000096000000, 0x0000000096000000, 0x0000000096100000|  0%| F|  |TAMS 0x0000000096000000, 0x0000000096000000| Untracked 
| 353|0x0000000096100000, 0x0000000096100000, 0x0000000096200000|  0%| F|  |TAMS 0x0000000096100000, 0x0000000096100000| Untracked 
| 354|0x0000000096200000, 0x0000000096200000, 0x0000000096300000|  0%| F|  |TAMS 0x0000000096200000, 0x0000000096200000| Untracked 
| 355|0x0000000096300000, 0x0000000096300000, 0x0000000096400000|  0%| F|  |TAMS 0x0000000096300000, 0x0000000096300000| Untracked 
| 356|0x0000000096400000, 0x0000000096400000, 0x0000000096500000|  0%| F|  |TAMS 0x0000000096400000, 0x0000000096400000| Untracked 
| 357|0x0000000096500000, 0x0000000096500000, 0x0000000096600000|  0%| F|  |TAMS 0x0000000096500000, 0x0000000096500000| Untracked 
| 358|0x0000000096600000, 0x0000000096600000, 0x0000000096700000|  0%| F|  |TAMS 0x0000000096600000, 0x0000000096600000| Untracked 
| 359|0x0000000096700000, 0x0000000096700000, 0x0000000096800000|  0%| F|  |TAMS 0x0000000096700000, 0x0000000096700000| Untracked 
| 360|0x0000000096800000, 0x0000000096800000, 0x0000000096900000|  0%| F|  |TAMS 0x0000000096800000, 0x0000000096800000| Untracked 
| 361|0x0000000096900000, 0x0000000096900000, 0x0000000096a00000|  0%| F|  |TAMS 0x0000000096900000, 0x0000000096900000| Untracked 
| 362|0x0000000096a00000, 0x0000000096a00000, 0x0000000096b00000|  0%| F|  |TAMS 0x0000000096a00000, 0x0000000096a00000| Untracked 
| 363|0x0000000096b00000, 0x0000000096b00000, 0x0000000096c00000|  0%| F|  |TAMS 0x0000000096b00000, 0x0000000096b00000| Untracked 
| 364|0x0000000096c00000, 0x0000000096c00000, 0x0000000096d00000|  0%| F|  |TAMS 0x0000000096c00000, 0x0000000096c00000| Untracked 
| 365|0x0000000096d00000, 0x0000000096d00000, 0x0000000096e00000|  0%| F|  |TAMS 0x0000000096d00000, 0x0000000096d00000| Untracked 
| 366|0x0000000096e00000, 0x0000000096e00000, 0x0000000096f00000|  0%| F|  |TAMS 0x0000000096e00000, 0x0000000096e00000| Untracked 
| 367|0x0000000096f00000, 0x0000000096f00000, 0x0000000097000000|  0%| F|  |TAMS 0x0000000096f00000, 0x0000000096f00000| Untracked 
| 368|0x0000000097000000, 0x0000000097000000, 0x0000000097100000|  0%| F|  |TAMS 0x0000000097000000, 0x0000000097000000| Untracked 
| 369|0x0000000097100000, 0x0000000097100000, 0x0000000097200000|  0%| F|  |TAMS 0x0000000097100000, 0x0000000097100000| Untracked 
| 370|0x0000000097200000, 0x0000000097200000, 0x0000000097300000|  0%| F|  |TAMS 0x0000000097200000, 0x0000000097200000| Untracked 
| 371|0x0000000097300000, 0x0000000097300000, 0x0000000097400000|  0%| F|  |TAMS 0x0000000097300000, 0x0000000097300000| Untracked 
| 372|0x0000000097400000, 0x0000000097400000, 0x0000000097500000|  0%| F|  |TAMS 0x0000000097400000, 0x0000000097400000| Untracked 
| 373|0x0000000097500000, 0x0000000097500000, 0x0000000097600000|  0%| F|  |TAMS 0x0000000097500000, 0x0000000097500000| Untracked 
| 374|0x0000000097600000, 0x0000000097600000, 0x0000000097700000|  0%| F|  |TAMS 0x0000000097600000, 0x0000000097600000| Untracked 
| 375|0x0000000097700000, 0x0000000097700000, 0x0000000097800000|  0%| F|  |TAMS 0x0000000097700000, 0x0000000097700000| Untracked 
| 376|0x0000000097800000, 0x0000000097800000, 0x0000000097900000|  0%| F|  |TAMS 0x0000000097800000, 0x0000000097800000| Untracked 
| 377|0x0000000097900000, 0x0000000097900000, 0x0000000097a00000|  0%| F|  |TAMS 0x0000000097900000, 0x0000000097900000| Untracked 
| 378|0x0000000097a00000, 0x0000000097a00000, 0x0000000097b00000|  0%| F|  |TAMS 0x0000000097a00000, 0x0000000097a00000| Untracked 
| 379|0x0000000097b00000, 0x0000000097b00000, 0x0000000097c00000|  0%| F|  |TAMS 0x0000000097b00000, 0x0000000097b00000| Untracked 
| 380|0x0000000097c00000, 0x0000000097c00000, 0x0000000097d00000|  0%| F|  |TAMS 0x0000000097c00000, 0x0000000097c00000| Untracked 
| 381|0x0000000097d00000, 0x0000000097d00000, 0x0000000097e00000|  0%| F|  |TAMS 0x0000000097d00000, 0x0000000097d00000| Untracked 
| 382|0x0000000097e00000, 0x0000000097e00000, 0x0000000097f00000|  0%| F|  |TAMS 0x0000000097e00000, 0x0000000097e00000| Untracked 
| 383|0x0000000097f00000, 0x0000000097f00000, 0x0000000098000000|  0%| F|  |TAMS 0x0000000097f00000, 0x0000000097f00000| Untracked 
| 384|0x0000000098000000, 0x0000000098000000, 0x0000000098100000|  0%| F|  |TAMS 0x0000000098000000, 0x0000000098000000| Untracked 
| 385|0x0000000098100000, 0x0000000098100000, 0x0000000098200000|  0%| F|  |TAMS 0x0000000098100000, 0x0000000098100000| Untracked 
| 386|0x0000000098200000, 0x0000000098200000, 0x0000000098300000|  0%| F|  |TAMS 0x0000000098200000, 0x0000000098200000| Untracked 
| 387|0x0000000098300000, 0x0000000098300000, 0x0000000098400000|  0%| F|  |TAMS 0x0000000098300000, 0x0000000098300000| Untracked 
| 388|0x0000000098400000, 0x0000000098400000, 0x0000000098500000|  0%| F|  |TAMS 0x0000000098400000, 0x0000000098400000| Untracked 
| 389|0x0000000098500000, 0x0000000098500000, 0x0000000098600000|  0%| F|  |TAMS 0x0000000098500000, 0x0000000098500000| Untracked 
| 390|0x0000000098600000, 0x0000000098600000, 0x0000000098700000|  0%| F|  |TAMS 0x0000000098600000, 0x0000000098600000| Untracked 
| 391|0x0000000098700000, 0x0000000098700000, 0x0000000098800000|  0%| F|  |TAMS 0x0000000098700000, 0x0000000098700000| Untracked 
| 392|0x0000000098800000, 0x0000000098800000, 0x0000000098900000|  0%| F|  |TAMS 0x0000000098800000, 0x0000000098800000| Untracked 
| 393|0x0000000098900000, 0x0000000098900000, 0x0000000098a00000|  0%| F|  |TAMS 0x0000000098900000, 0x0000000098900000| Untracked 
| 394|0x0000000098a00000, 0x0000000098a00000, 0x0000000098b00000|  0%| F|  |TAMS 0x0000000098a00000, 0x0000000098a00000| Untracked 
| 395|0x0000000098b00000, 0x0000000098b00000, 0x0000000098c00000|  0%| F|  |TAMS 0x0000000098b00000, 0x0000000098b00000| Untracked 
| 396|0x0000000098c00000, 0x0000000098c00000, 0x0000000098d00000|  0%| F|  |TAMS 0x0000000098c00000, 0x0000000098c00000| Untracked 
| 397|0x0000000098d00000, 0x0000000098d00000, 0x0000000098e00000|  0%| F|  |TAMS 0x0000000098d00000, 0x0000000098d00000| Untracked 
| 398|0x0000000098e00000, 0x0000000098e00000, 0x0000000098f00000|  0%| F|  |TAMS 0x0000000098e00000, 0x0000000098e00000| Untracked 
| 399|0x0000000098f00000, 0x0000000098f00000, 0x0000000099000000|  0%| F|  |TAMS 0x0000000098f00000, 0x0000000098f00000| Untracked 
| 400|0x0000000099000000, 0x0000000099000000, 0x0000000099100000|  0%| F|  |TAMS 0x0000000099000000, 0x0000000099000000| Untracked 
| 401|0x0000000099100000, 0x0000000099100000, 0x0000000099200000|  0%| F|  |TAMS 0x0000000099100000, 0x0000000099100000| Untracked 
| 402|0x0000000099200000, 0x0000000099200000, 0x0000000099300000|  0%| F|  |TAMS 0x0000000099200000, 0x0000000099200000| Untracked 
| 403|0x0000000099300000, 0x0000000099300000, 0x0000000099400000|  0%| F|  |TAMS 0x0000000099300000, 0x0000000099300000| Untracked 
| 404|0x0000000099400000, 0x0000000099400000, 0x0000000099500000|  0%| F|  |TAMS 0x0000000099400000, 0x0000000099400000| Untracked 
| 405|0x0000000099500000, 0x0000000099500000, 0x0000000099600000|  0%| F|  |TAMS 0x0000000099500000, 0x0000000099500000| Untracked 
| 406|0x0000000099600000, 0x0000000099600000, 0x0000000099700000|  0%| F|  |TAMS 0x0000000099600000, 0x0000000099600000| Untracked 
| 407|0x0000000099700000, 0x0000000099700000, 0x0000000099800000|  0%| F|  |TAMS 0x0000000099700000, 0x0000000099700000| Untracked 
| 408|0x0000000099800000, 0x0000000099800000, 0x0000000099900000|  0%| F|  |TAMS 0x0000000099800000, 0x0000000099800000| Untracked 
| 409|0x0000000099900000, 0x0000000099a00000, 0x0000000099a00000|100%| S|CS|TAMS 0x0000000099900000, 0x0000000099900000| Complete 
| 410|0x0000000099a00000, 0x0000000099b00000, 0x0000000099b00000|100%| S|CS|TAMS 0x0000000099a00000, 0x0000000099a00000| Complete 
| 411|0x0000000099b00000, 0x0000000099c00000, 0x0000000099c00000|100%| S|CS|TAMS 0x0000000099b00000, 0x0000000099b00000| Complete 
| 412|0x0000000099c00000, 0x0000000099d00000, 0x0000000099d00000|100%| S|CS|TAMS 0x0000000099c00000, 0x0000000099c00000| Complete 
| 413|0x0000000099d00000, 0x0000000099e00000, 0x0000000099e00000|100%| S|CS|TAMS 0x0000000099d00000, 0x0000000099d00000| Complete 
| 414|0x0000000099e00000, 0x0000000099f00000, 0x0000000099f00000|100%| S|CS|TAMS 0x0000000099e00000, 0x0000000099e00000| Complete 
| 415|0x0000000099f00000, 0x000000009a000000, 0x000000009a000000|100%| S|CS|TAMS 0x0000000099f00000, 0x0000000099f00000| Complete 
| 416|0x000000009a000000, 0x000000009a100000, 0x000000009a100000|100%| S|CS|TAMS 0x000000009a000000, 0x000000009a000000| Complete 
| 417|0x000000009a100000, 0x000000009a200000, 0x000000009a200000|100%| S|CS|TAMS 0x000000009a100000, 0x000000009a100000| Complete 
| 418|0x000000009a200000, 0x000000009a200000, 0x000000009a300000|  0%| F|  |TAMS 0x000000009a200000, 0x000000009a200000| Untracked 
| 419|0x000000009a300000, 0x000000009a300000, 0x000000009a400000|  0%| F|  |TAMS 0x000000009a300000, 0x000000009a300000| Untracked 
| 420|0x000000009a400000, 0x000000009a400000, 0x000000009a500000|  0%| F|  |TAMS 0x000000009a400000, 0x000000009a400000| Untracked 
| 421|0x000000009a500000, 0x000000009a500000, 0x000000009a600000|  0%| F|  |TAMS 0x000000009a500000, 0x000000009a500000| Untracked 
| 422|0x000000009a600000, 0x000000009a600000, 0x000000009a700000|  0%| F|  |TAMS 0x000000009a600000, 0x000000009a600000| Untracked 
| 423|0x000000009a700000, 0x000000009a700000, 0x000000009a800000|  0%| F|  |TAMS 0x000000009a700000, 0x000000009a700000| Untracked 
| 424|0x000000009a800000, 0x000000009a800000, 0x000000009a900000|  0%| F|  |TAMS 0x000000009a800000, 0x000000009a800000| Untracked 
| 425|0x000000009a900000, 0x000000009a900000, 0x000000009aa00000|  0%| F|  |TAMS 0x000000009a900000, 0x000000009a900000| Untracked 
| 426|0x000000009aa00000, 0x000000009aa00000, 0x000000009ab00000|  0%| F|  |TAMS 0x000000009aa00000, 0x000000009aa00000| Untracked 
| 427|0x000000009ab00000, 0x000000009ab00000, 0x000000009ac00000|  0%| F|  |TAMS 0x000000009ab00000, 0x000000009ab00000| Untracked 
| 428|0x000000009ac00000, 0x000000009ac00000, 0x000000009ad00000|  0%| F|  |TAMS 0x000000009ac00000, 0x000000009ac00000| Untracked 
| 429|0x000000009ad00000, 0x000000009ad00000, 0x000000009ae00000|  0%| F|  |TAMS 0x000000009ad00000, 0x000000009ad00000| Untracked 
| 430|0x000000009ae00000, 0x000000009ae00000, 0x000000009af00000|  0%| F|  |TAMS 0x000000009ae00000, 0x000000009ae00000| Untracked 
| 431|0x000000009af00000, 0x000000009af00000, 0x000000009b000000|  0%| F|  |TAMS 0x000000009af00000, 0x000000009af00000| Untracked 
| 432|0x000000009b000000, 0x000000009b000000, 0x000000009b100000|  0%| F|  |TAMS 0x000000009b000000, 0x000000009b000000| Untracked 
| 433|0x000000009b100000, 0x000000009b100000, 0x000000009b200000|  0%| F|  |TAMS 0x000000009b100000, 0x000000009b100000| Untracked 
| 434|0x000000009b200000, 0x000000009b200000, 0x000000009b300000|  0%| F|  |TAMS 0x000000009b200000, 0x000000009b200000| Untracked 
| 435|0x000000009b300000, 0x000000009b300000, 0x000000009b400000|  0%| F|  |TAMS 0x000000009b300000, 0x000000009b300000| Untracked 
| 436|0x000000009b400000, 0x000000009b400000, 0x000000009b500000|  0%| F|  |TAMS 0x000000009b400000, 0x000000009b400000| Untracked 
| 437|0x000000009b500000, 0x000000009b500000, 0x000000009b600000|  0%| F|  |TAMS 0x000000009b500000, 0x000000009b500000| Untracked 
| 438|0x000000009b600000, 0x000000009b600000, 0x000000009b700000|  0%| F|  |TAMS 0x000000009b600000, 0x000000009b600000| Untracked 
| 439|0x000000009b700000, 0x000000009b700000, 0x000000009b800000|  0%| F|  |TAMS 0x000000009b700000, 0x000000009b700000| Untracked 
| 440|0x000000009b800000, 0x000000009b800000, 0x000000009b900000|  0%| F|  |TAMS 0x000000009b800000, 0x000000009b800000| Untracked 
| 441|0x000000009b900000, 0x000000009b900000, 0x000000009ba00000|  0%| F|  |TAMS 0x000000009b900000, 0x000000009b900000| Untracked 
| 442|0x000000009ba00000, 0x000000009ba00000, 0x000000009bb00000|  0%| F|  |TAMS 0x000000009ba00000, 0x000000009ba00000| Untracked 
| 443|0x000000009bb00000, 0x000000009bb00000, 0x000000009bc00000|  0%| F|  |TAMS 0x000000009bb00000, 0x000000009bb00000| Untracked 
| 444|0x000000009bc00000, 0x000000009bc00000, 0x000000009bd00000|  0%| F|  |TAMS 0x000000009bc00000, 0x000000009bc00000| Untracked 
| 445|0x000000009bd00000, 0x000000009bd00000, 0x000000009be00000|  0%| F|  |TAMS 0x000000009bd00000, 0x000000009bd00000| Untracked 
| 446|0x000000009be00000, 0x000000009be00000, 0x000000009bf00000|  0%| F|  |TAMS 0x000000009be00000, 0x000000009be00000| Untracked 
| 447|0x000000009bf00000, 0x000000009bf00000, 0x000000009c000000|  0%| F|  |TAMS 0x000000009bf00000, 0x000000009bf00000| Untracked 
| 448|0x000000009c000000, 0x000000009c000000, 0x000000009c100000|  0%| F|  |TAMS 0x000000009c000000, 0x000000009c000000| Untracked 
| 449|0x000000009c100000, 0x000000009c100000, 0x000000009c200000|  0%| F|  |TAMS 0x000000009c100000, 0x000000009c100000| Untracked 
| 450|0x000000009c200000, 0x000000009c200000, 0x000000009c300000|  0%| F|  |TAMS 0x000000009c200000, 0x000000009c200000| Untracked 
| 451|0x000000009c300000, 0x000000009c300000, 0x000000009c400000|  0%| F|  |TAMS 0x000000009c300000, 0x000000009c300000| Untracked 
| 452|0x000000009c400000, 0x000000009c400000, 0x000000009c500000|  0%| F|  |TAMS 0x000000009c400000, 0x000000009c400000| Untracked 
| 453|0x000000009c500000, 0x000000009c500000, 0x000000009c600000|  0%| F|  |TAMS 0x000000009c500000, 0x000000009c500000| Untracked 
| 454|0x000000009c600000, 0x000000009c600000, 0x000000009c700000|  0%| F|  |TAMS 0x000000009c600000, 0x000000009c600000| Untracked 
| 455|0x000000009c700000, 0x000000009c700000, 0x000000009c800000|  0%| F|  |TAMS 0x000000009c700000, 0x000000009c700000| Untracked 
| 456|0x000000009c800000, 0x000000009c800000, 0x000000009c900000|  0%| F|  |TAMS 0x000000009c800000, 0x000000009c800000| Untracked 
| 457|0x000000009c900000, 0x000000009c900000, 0x000000009ca00000|  0%| F|  |TAMS 0x000000009c900000, 0x000000009c900000| Untracked 
| 458|0x000000009ca00000, 0x000000009ca00000, 0x000000009cb00000|  0%| F|  |TAMS 0x000000009ca00000, 0x000000009ca00000| Untracked 
| 459|0x000000009cb00000, 0x000000009cb00000, 0x000000009cc00000|  0%| F|  |TAMS 0x000000009cb00000, 0x000000009cb00000| Untracked 
| 460|0x000000009cc00000, 0x000000009cc00000, 0x000000009cd00000|  0%| F|  |TAMS 0x000000009cc00000, 0x000000009cc00000| Untracked 
| 461|0x000000009cd00000, 0x000000009cd00000, 0x000000009ce00000|  0%| F|  |TAMS 0x000000009cd00000, 0x000000009cd00000| Untracked 
| 462|0x000000009ce00000, 0x000000009ce00000, 0x000000009cf00000|  0%| F|  |TAMS 0x000000009ce00000, 0x000000009ce00000| Untracked 
| 463|0x000000009cf00000, 0x000000009cf00000, 0x000000009d000000|  0%| F|  |TAMS 0x000000009cf00000, 0x000000009cf00000| Untracked 
| 464|0x000000009d000000, 0x000000009d000000, 0x000000009d100000|  0%| F|  |TAMS 0x000000009d000000, 0x000000009d000000| Untracked 
| 465|0x000000009d100000, 0x000000009d100000, 0x000000009d200000|  0%| F|  |TAMS 0x000000009d100000, 0x000000009d100000| Untracked 
| 466|0x000000009d200000, 0x000000009d200000, 0x000000009d300000|  0%| F|  |TAMS 0x000000009d200000, 0x000000009d200000| Untracked 
| 467|0x000000009d300000, 0x000000009d300000, 0x000000009d400000|  0%| F|  |TAMS 0x000000009d300000, 0x000000009d300000| Untracked 
| 468|0x000000009d400000, 0x000000009d400000, 0x000000009d500000|  0%| F|  |TAMS 0x000000009d400000, 0x000000009d400000| Untracked 
| 469|0x000000009d500000, 0x000000009d500000, 0x000000009d600000|  0%| F|  |TAMS 0x000000009d500000, 0x000000009d500000| Untracked 
| 470|0x000000009d600000, 0x000000009d600000, 0x000000009d700000|  0%| F|  |TAMS 0x000000009d600000, 0x000000009d600000| Untracked 
| 471|0x000000009d700000, 0x000000009d700000, 0x000000009d800000|  0%| F|  |TAMS 0x000000009d700000, 0x000000009d700000| Untracked 
| 472|0x000000009d800000, 0x000000009d800000, 0x000000009d900000|  0%| F|  |TAMS 0x000000009d800000, 0x000000009d800000| Untracked 
| 473|0x000000009d900000, 0x000000009d900000, 0x000000009da00000|  0%| F|  |TAMS 0x000000009d900000, 0x000000009d900000| Untracked 
| 474|0x000000009da00000, 0x000000009da00000, 0x000000009db00000|  0%| F|  |TAMS 0x000000009da00000, 0x000000009da00000| Untracked 
| 475|0x000000009db00000, 0x000000009db00000, 0x000000009dc00000|  0%| F|  |TAMS 0x000000009db00000, 0x000000009db00000| Untracked 
|2045|0x00000000ffd00000, 0x00000000ffe00000, 0x00000000ffe00000|100%| O|  |TAMS 0x00000000ffe00000, 0x00000000ffd00000| Untracked 
|2046|0x00000000ffe00000, 0x00000000fff00000, 0x00000000fff00000|100%| O|  |TAMS 0x00000000fff00000, 0x00000000ffe00000| Untracked 
|2047|0x00000000fff00000, 0x0000000100000000, 0x0000000100000000|100%| O|  |TAMS 0x0000000100000000, 0x00000000fff00000| Untracked 

Card table byte_map: [0x000001473a770000,0x000001473ab70000] _byte_map_base: 0x000001473a370000

Marking Bits (Prev, Next): (CMBitMap*) 0x000001472384a580, (CMBitMap*) 0x000001472384a540
 Prev Bits: [0x000001473cf70000, 0x000001473ef70000)
 Next Bits: [0x000001473af70000, 0x000001473cf70000)

Polling page: 0x0000014721730000

Metaspace:

Usage:
  Non-class:     91.61 MB used.
      Class:     14.53 MB used.
       Both:    106.14 MB used.

Virtual space:
  Non-class space:      128.00 MB reserved,      91.94 MB ( 72%) committed,  2 nodes.
      Class space:      416.00 MB reserved,      14.94 MB (  4%) committed,  1 nodes.
             Both:      544.00 MB reserved,     106.88 MB ( 20%) committed. 

Chunk freelists:
   Non-Class:  4.00 MB
       Class:  1.07 MB
        Both:  5.07 MB

MaxMetaspaceSize: 512.00 MB
CompressedClassSpaceSize: 416.00 MB
Initial GC threshold: 21.00 MB
Current GC threshold: 173.75 MB
CDS: on
MetaspaceReclaimPolicy: balanced
 - commit_granule_bytes: 65536.
 - commit_granule_words: 8192.
 - virtual_space_node_default_size: 8388608.
 - enlarge_chunks_in_place: 1.
 - new_chunks_are_fully_committed: 0.
 - uncommit_free_chunks: 1.
 - use_allocation_guard: 0.
 - handle_deallocations: 1.


Internal statistics:

num_allocs_failed_limit: 6.
num_arena_births: 1336.
num_arena_deaths: 4.
num_vsnodes_births: 3.
num_vsnodes_deaths: 0.
num_space_committed: 1708.
num_space_uncommitted: 0.
num_chunks_returned_to_freelist: 10.
num_chunks_taken_from_freelist: 5837.
num_chunk_merges: 6.
num_chunk_splits: 3905.
num_chunks_enlarged: 2645.
num_inconsistent_stats: 0.

CodeHeap 'non-profiled nmethods': size=120000Kb used=8448Kb max_used=8860Kb free=111551Kb
 bounds [0x0000014732e40000, 0x0000014733700000, 0x000001473a370000]
CodeHeap 'profiled nmethods': size=120000Kb used=28265Kb max_used=28575Kb free=91734Kb
 bounds [0x000001472b370000, 0x000001472cfd0000, 0x00000147328a0000]
CodeHeap 'non-nmethods': size=5760Kb used=1783Kb max_used=1824Kb free=3976Kb
 bounds [0x00000147328a0000, 0x0000014732b10000, 0x0000014732e40000]
 total_blobs=14858 nmethods=13993 adapters=776
 compilation: enabled
              stopped_count=0, restarted_count=0
 full_count=0

Compilation events (20 events):
Event: 41.534 Thread 0x00000147414900e0 17005       2       com.android.tools.r8.graph.F0$b$a::hashCode (16 bytes)
Event: 41.534 Thread 0x00000147414900e0 nmethod 17005 0x000001472cdb3910 code [0x000001472cdb3ac0, 0x000001472cdb3c08]
Event: 41.535 Thread 0x00000147414900e0 17006       2       com.android.tools.r8.graph.K2$a::r0 (2 bytes)
Event: 41.535 Thread 0x00000147414900e0 nmethod 17006 0x000001472c102910 code [0x000001472c102aa0, 0x000001472c102bb8]
Event: 41.542 Thread 0x00000147414900e0 17008       1       com.android.tools.r8.internal.jK::size (5 bytes)
Event: 41.542 Thread 0x00000147414900e0 nmethod 17008 0x0000014733648990 code [0x0000014733648b20, 0x0000014733648bf8]
Event: 41.554 Thread 0x00000147414900e0 17010       2       com.android.tools.r8.graph.m0::d (73 bytes)
Event: 41.554 Thread 0x00000147414900e0 nmethod 17010 0x000001472b4fce90 code [0x000001472b4fd0a0, 0x000001472b4fd548]
Event: 41.561 Thread 0x000001474148e890 nmethod 16989 0x0000014733092190 code [0x00000147330924c0, 0x0000014733093dd8]
Event: 41.561 Thread 0x000001474148e890 17007       4       com.android.tools.r8.dex.code.O::a (3284 bytes)
Event: 41.563 Thread 0x00000147414900e0 17011       2       com.android.tools.r8.dex.code.B1::H (5 bytes)
Event: 41.563 Thread 0x00000147414900e0 nmethod 17011 0x000001472cdb3410 code [0x000001472cdb35a0, 0x000001472cdb36f8]
Event: 41.563 Thread 0x00000147414900e0 17012       1       com.android.tools.r8.graph.T0::r0 (2 bytes)
Event: 41.563 Thread 0x00000147414900e0 nmethod 17012 0x0000014733091e90 code [0x0000014733092020, 0x00000147330920f8]
Event: 41.572 Thread 0x00000147414900e0 17014       2       com.android.tools.r8.graph.i1::equals (6 bytes)
Event: 41.573 Thread 0x00000147414900e0 nmethod 17014 0x000001472c580410 code [0x000001472c5805c0, 0x000001472c5806e8]
Event: 41.573 Thread 0x00000147414900e0 17015       2       com.android.tools.r8.utils.structural.k::a (59 bytes)
Event: 41.573 Thread 0x00000147414900e0 nmethod 17015 0x000001472c57ff10 code [0x000001472c5800c0, 0x000001472c5802e8]
Event: 41.607 Thread 0x00000147414900e0 17018       3       com.android.tools.r8.internal.hK::hasNext (14 bytes)
Event: 41.607 Thread 0x00000147414900e0 nmethod 17018 0x000001472c57fb90 code [0x000001472c57fd20, 0x000001472c57fe78]

GC Heap History (20 events):
Event: 34.765 GC heap after
{Heap after GC invocations=53 (full 0):
 garbage-first heap   total 364544K, used 119964K [0x0000000080000000, 0x0000000100000000)
  region size 1024K, 9 young (9216K), 9 survivors (9216K)
 Metaspace       used 98479K, committed 99264K, reserved 557056K
  class space    used 13320K, committed 13696K, reserved 425984K
}
Event: 35.181 GC heap before
{Heap before GC invocations=53 (full 0):
 garbage-first heap   total 364544K, used 177308K [0x0000000080000000, 0x0000000100000000)
  region size 1024K, 23 young (23552K), 9 survivors (9216K)
 Metaspace       used 98836K, committed 99584K, reserved 557056K
  class space    used 13370K, committed 13760K, reserved 425984K
}
Event: 35.196 GC heap after
{Heap after GC invocations=54 (full 0):
 garbage-first heap   total 364544K, used 169493K [0x0000000080000000, 0x0000000100000000)
  region size 1024K, 13 young (13312K), 13 survivors (13312K)
 Metaspace       used 98836K, committed 99584K, reserved 557056K
  class space    used 13370K, committed 13760K, reserved 425984K
}
Event: 36.612 GC heap before
{Heap before GC invocations=55 (full 0):
 garbage-first heap   total 364544K, used 345621K [0x0000000080000000, 0x0000000100000000)
  region size 1024K, 63 young (64512K), 13 survivors (13312K)
 Metaspace       used 102755K, committed 103616K, reserved 557056K
  class space    used 13909K, committed 14400K, reserved 425984K
}
Event: 36.634 GC heap after
{Heap after GC invocations=56 (full 0):
 garbage-first heap   total 368640K, used 237534K [0x0000000080000000, 0x0000000100000000)
  region size 1024K, 12 young (12288K), 12 survivors (12288K)
 Metaspace       used 102755K, committed 103616K, reserved 557056K
  class space    used 13909K, committed 14400K, reserved 425984K
}
Event: 36.973 GC heap before
{Heap before GC invocations=56 (full 0):
 garbage-first heap   total 368640K, used 273374K [0x0000000080000000, 0x0000000100000000)
  region size 1024K, 18 young (18432K), 12 survivors (12288K)
 Metaspace       used 102884K, committed 103744K, reserved 557056K
  class space    used 13923K, committed 14400K, reserved 425984K
}
Event: 36.980 GC heap after
{Heap after GC invocations=57 (full 0):
 garbage-first heap   total 368640K, used 247553K [0x0000000080000000, 0x0000000100000000)
  region size 1024K, 2 young (2048K), 2 survivors (2048K)
 Metaspace       used 102884K, committed 103744K, reserved 557056K
  class space    used 13923K, committed 14400K, reserved 425984K
}
Event: 37.871 GC heap before
{Heap before GC invocations=57 (full 0):
 garbage-first heap   total 368640K, used 308993K [0x0000000080000000, 0x0000000100000000)
  region size 1024K, 62 young (63488K), 2 survivors (2048K)
 Metaspace       used 104016K, committed 104832K, reserved 557056K
  class space    used 14074K, committed 14528K, reserved 425984K
}
Event: 37.895 GC heap after
{Heap after GC invocations=58 (full 0):
 garbage-first heap   total 368640K, used 263001K [0x0000000080000000, 0x0000000100000000)
  region size 1024K, 8 young (8192K), 8 survivors (8192K)
 Metaspace       used 104016K, committed 104832K, reserved 557056K
  class space    used 14074K, committed 14528K, reserved 425984K
}
Event: 38.412 GC heap before
{Heap before GC invocations=58 (full 0):
 garbage-first heap   total 368640K, used 308057K [0x0000000080000000, 0x0000000100000000)
  region size 1024K, 53 young (54272K), 8 survivors (8192K)
 Metaspace       used 105515K, committed 106432K, reserved 557056K
  class space    used 14235K, committed 14720K, reserved 425984K
}
Event: 38.434 GC heap after
{Heap after GC invocations=59 (full 0):
 garbage-first heap   total 368640K, used 272515K [0x0000000080000000, 0x0000000100000000)
  region size 1024K, 7 young (7168K), 7 survivors (7168K)
 Metaspace       used 105515K, committed 106432K, reserved 557056K
  class space    used 14235K, committed 14720K, reserved 425984K
}
Event: 38.460 GC heap before
{Heap before GC invocations=59 (full 0):
 garbage-first heap   total 368640K, used 274563K [0x0000000080000000, 0x0000000100000000)
  region size 1024K, 10 young (10240K), 7 survivors (7168K)
 Metaspace       used 105609K, committed 106496K, reserved 557056K
  class space    used 14244K, committed 14720K, reserved 425984K
}
Event: 38.473 GC heap after
{Heap after GC invocations=60 (full 0):
 garbage-first heap   total 368640K, used 274823K [0x0000000080000000, 0x0000000100000000)
  region size 1024K, 2 young (2048K), 2 survivors (2048K)
 Metaspace       used 105609K, committed 106496K, reserved 557056K
  class space    used 14244K, committed 14720K, reserved 425984K
}
Event: 39.081 GC heap before
{Heap before GC invocations=61 (full 0):
 garbage-first heap   total 490496K, used 318855K [0x0000000080000000, 0x0000000100000000)
  region size 1024K, 35 young (35840K), 2 survivors (2048K)
 Metaspace       used 105885K, committed 106752K, reserved 557056K
  class space    used 14306K, committed 14784K, reserved 425984K
}
Event: 39.118 GC heap after
{Heap after GC invocations=62 (full 0):
 garbage-first heap   total 490496K, used 291421K [0x0000000080000000, 0x0000000100000000)
  region size 1024K, 5 young (5120K), 5 survivors (5120K)
 Metaspace       used 105885K, committed 106752K, reserved 557056K
  class space    used 14306K, committed 14784K, reserved 425984K
}
Event: 39.289 GC heap before
{Heap before GC invocations=62 (full 0):
 garbage-first heap   total 490496K, used 308829K [0x0000000080000000, 0x0000000100000000)
  region size 1024K, 23 young (23552K), 5 survivors (5120K)
 Metaspace       used 105885K, committed 106752K, reserved 557056K
  class space    used 14306K, committed 14784K, reserved 425984K
}
Event: 39.319 GC heap after
{Heap after GC invocations=63 (full 0):
 garbage-first heap   total 490496K, used 294761K [0x0000000080000000, 0x0000000100000000)
  region size 1024K, 3 young (3072K), 3 survivors (3072K)
 Metaspace       used 105885K, committed 106752K, reserved 557056K
  class space    used 14306K, committed 14784K, reserved 425984K
}
Event: 40.947 GC heap before
{Heap before GC invocations=63 (full 0):
 garbage-first heap   total 490496K, used 388969K [0x0000000080000000, 0x0000000100000000)
  region size 1024K, 92 young (94208K), 3 survivors (3072K)
 Metaspace       used 108636K, committed 109440K, reserved 557056K
  class space    used 14875K, committed 15296K, reserved 425984K
}
Event: 41.061 GC heap after
{Heap after GC invocations=64 (full 0):
 garbage-first heap   total 490496K, used 333673K [0x0000000080000000, 0x0000000100000000)
  region size 1024K, 12 young (12288K), 12 survivors (12288K)
 Metaspace       used 108636K, committed 109440K, reserved 557056K
  class space    used 14875K, committed 15296K, reserved 425984K
}
Event: 41.610 GC heap before
{Heap before GC invocations=64 (full 0):
 garbage-first heap   total 490496K, used 393065K [0x0000000080000000, 0x0000000100000000)
  region size 1024K, 70 young (71680K), 12 survivors (12288K)
 Metaspace       used 108682K, committed 109440K, reserved 557056K
  class space    used 14875K, committed 15296K, reserved 425984K
}

Dll operation events (16 events):
Event: 0.011 Loaded shared library C:\Program Files\Eclipse Adoptium\jdk-17.0.20.8-hotspot\bin\java.dll
Event: 0.025 Loaded shared library C:\Program Files\Eclipse Adoptium\jdk-17.0.20.8-hotspot\bin\jsvml.dll
Event: 0.068 Loaded shared library C:\Program Files\Eclipse Adoptium\jdk-17.0.20.8-hotspot\bin\zip.dll
Event: 0.072 Loaded shared library C:\Program Files\Eclipse Adoptium\jdk-17.0.20.8-hotspot\bin\instrument.dll
Event: 0.076 Loaded shared library C:\Program Files\Eclipse Adoptium\jdk-17.0.20.8-hotspot\bin\net.dll
Event: 0.078 Loaded shared library C:\Program Files\Eclipse Adoptium\jdk-17.0.20.8-hotspot\bin\nio.dll
Event: 0.082 Loaded shared library C:\Program Files\Eclipse Adoptium\jdk-17.0.20.8-hotspot\bin\zip.dll
Event: 0.246 Loaded shared library C:\Program Files\Eclipse Adoptium\jdk-17.0.20.8-hotspot\bin\jimage.dll
Event: 0.320 Loaded shared library C:\Program Files\Eclipse Adoptium\jdk-17.0.20.8-hotspot\bin\verify.dll
Event: 0.468 Loaded shared library C:\Users\MAYUR\.gradle\native\c067742578af261105cb4f569cf0c3c89f3d7b1fecec35dd04571415982c5e48\windows-amd64\native-platform.dll
Event: 0.484 Loaded shared library C:\Users\MAYUR\.gradle\native\38dada09dfb8b06ba9b0570ebf7e218e3eb74d4ef43ca46872605cf95ebc2f47\windows-amd64\native-platform-file-events.dll
Event: 1.906 Loaded shared library C:\Program Files\Eclipse Adoptium\jdk-17.0.20.8-hotspot\bin\management.dll
Event: 1.912 Loaded shared library C:\Program Files\Eclipse Adoptium\jdk-17.0.20.8-hotspot\bin\management_ext.dll
Event: 2.196 Loaded shared library C:\Program Files\Eclipse Adoptium\jdk-17.0.20.8-hotspot\bin\extnet.dll
Event: 2.515 Loaded shared library C:\Program Files\Eclipse Adoptium\jdk-17.0.20.8-hotspot\bin\sunmscapi.dll
Event: 38.595 Loaded shared library C:\Users\MAYUR\AppData\Local\Temp\native-platform192889819807477941dir\native-platform.dll

Deoptimization events (20 events):
Event: 41.580 Thread 0x0000014765da27a0 DEOPT PACKING pc=0x000001472cdcfa25 sp=0x0000002148fff010
Event: 41.580 Thread 0x0000014765da27a0 DEOPT UNPACKING pc=0x00000147328face3 sp=0x0000002148ffe5b8 mode 0
Event: 41.585 Thread 0x0000014765da2cb0 DEOPT PACKING pc=0x000001472cdcfa25 sp=0x00000021490ff020
Event: 41.585 Thread 0x0000014765da2cb0 DEOPT UNPACKING pc=0x00000147328face3 sp=0x00000021490fe5c8 mode 0
Event: 41.587 Thread 0x0000014765da2cb0 DEOPT PACKING pc=0x000001472cdcfa25 sp=0x00000021490ff020
Event: 41.587 Thread 0x0000014765da2cb0 DEOPT UNPACKING pc=0x00000147328face3 sp=0x00000021490fe5c8 mode 0
Event: 41.589 Thread 0x0000014765da2290 DEOPT PACKING pc=0x000001472cdcfa25 sp=0x0000002148dfec70
Event: 41.589 Thread 0x0000014765da2290 DEOPT UNPACKING pc=0x00000147328face3 sp=0x0000002148dfe218 mode 0
Event: 41.590 Thread 0x0000014765da2290 DEOPT PACKING pc=0x000001472cdcfa25 sp=0x0000002148dfec60
Event: 41.590 Thread 0x0000014765da2290 DEOPT UNPACKING pc=0x00000147328face3 sp=0x0000002148dfe208 mode 0
Event: 41.591 Thread 0x0000014765da2cb0 DEOPT PACKING pc=0x000001472cdcfa25 sp=0x00000021490ff020
Event: 41.592 Thread 0x0000014765da2cb0 DEOPT UNPACKING pc=0x00000147328face3 sp=0x00000021490fe5c8 mode 0
Event: 41.595 Thread 0x0000014765da27a0 DEOPT PACKING pc=0x000001472cdcfa25 sp=0x0000002148fff010
Event: 41.595 Thread 0x0000014765da27a0 DEOPT UNPACKING pc=0x00000147328face3 sp=0x0000002148ffe5b8 mode 0
Event: 41.598 Thread 0x0000014765da1870 DEOPT PACKING pc=0x000001472cdcfa25 sp=0x0000002148efef00
Event: 41.598 Thread 0x0000014765da1870 DEOPT UNPACKING pc=0x00000147328face3 sp=0x0000002148efe4a8 mode 0
Event: 41.603 Thread 0x0000014765da27a0 DEOPT PACKING pc=0x000001472cdcfa25 sp=0x0000002148fff000
Event: 41.603 Thread 0x0000014765da27a0 DEOPT UNPACKING pc=0x00000147328face3 sp=0x0000002148ffe5a8 mode 0
Event: 41.608 Thread 0x0000014765da1870 DEOPT PACKING pc=0x000001472cdcfa25 sp=0x0000002148efef10
Event: 41.608 Thread 0x0000014765da1870 DEOPT UNPACKING pc=0x00000147328face3 sp=0x0000002148efe4b8 mode 0

Classes loaded (20 events):
Event: 39.683 Loading class java/lang/Throwable$WrappedPrintWriter
Event: 39.683 Loading class java/lang/Throwable$PrintStreamOrWriter
Event: 39.684 Loading class java/lang/Throwable$PrintStreamOrWriter done
Event: 39.684 Loading class java/lang/Throwable$WrappedPrintWriter done
Event: 39.833 Loading class java/util/concurrent/ForkJoinTask$AdaptedRunnableAction
Event: 39.835 Loading class java/util/concurrent/ForkJoinTask$AdaptedRunnableAction done
Event: 39.836 Loading class java/util/concurrent/ForkJoinPool$DefaultForkJoinWorkerThreadFactory$1
Event: 39.837 Loading class java/util/concurrent/ForkJoinPool$DefaultForkJoinWorkerThreadFactory$1 done
Event: 39.898 Loading class java/lang/reflect/GenericSignatureFormatError
Event: 39.899 Loading class java/lang/reflect/GenericSignatureFormatError done
Event: 40.134 Loading class java/nio/ShortBuffer
Event: 40.136 Loading class java/nio/ShortBuffer done
Event: 40.136 Loading class java/nio/HeapShortBuffer
Event: 40.136 Loading class java/nio/HeapShortBuffer done
Event: 40.178 Loading class java/util/AbstractList$RandomAccessSubList
Event: 40.178 Loading class java/util/AbstractList$SubList
Event: 40.178 Loading class java/util/AbstractList$SubList done
Event: 40.178 Loading class java/util/AbstractList$RandomAccessSubList done
Event: 40.179 Loading class java/util/AbstractList$SubList$1
Event: 40.179 Loading class java/util/AbstractList$SubList$1 done

Classes unloaded (2 events):
Event: 28.187 Thread 0x0000014741467360 Unloading class 0x0000014743c0c400 'java/lang/invoke/LambdaForm$DMH+0x0000014743c0c400'
Event: 28.187 Thread 0x0000014741467360 Unloading class 0x0000014743c0c800 'java/lang/invoke/LambdaForm$DMH+0x0000014743c0c800'

Classes redefined (0 events):
No events

Internal exceptions (20 events):
Event: 35.995 Thread 0x0000014765d9cc80 Implicit null exception at 0x00000147334f0918 to 0x00000147334f2a40
Event: 36.108 Thread 0x0000014765cad570 Exception <a 'sun/nio/fs/WindowsException'{0x00000000941fd538}> (0x00000000941fd538) 
thrown [s\src\hotspot\share\prims\jni.cpp, line 516]
Event: 36.144 Thread 0x0000014765cad570 Exception <a 'sun/nio/fs/WindowsException'{0x00000000941ff120}> (0x00000000941ff120) 
thrown [s\src\hotspot\share\prims\jni.cpp, line 516]
Event: 36.193 Thread 0x0000014765cad570 Exception <a 'sun/nio/fs/WindowsException'{0x0000000093ed60a0}> (0x0000000093ed60a0) 
thrown [s\src\hotspot\share\prims\jni.cpp, line 516]
Event: 36.245 Thread 0x0000014765cad570 Exception <a 'sun/nio/fs/WindowsException'{0x0000000093ed7be0}> (0x0000000093ed7be0) 
thrown [s\src\hotspot\share\prims\jni.cpp, line 516]
Event: 36.269 Thread 0x000001476549e4a0 Exception <a 'sun/nio/fs/WindowsException'{0x0000000093ce64d8}> (0x0000000093ce64d8) 
thrown [s\src\hotspot\share\prims\jni.cpp, line 516]
Event: 36.285 Thread 0x000001476549e4a0 Exception <a 'sun/nio/fs/WindowsException'{0x0000000093b11b78}> (0x0000000093b11b78) 
thrown [s\src\hotspot\share\prims\jni.cpp, line 516]
Event: 36.533 Thread 0x000001476549da80 Exception <a 'java/lang/NoSuchMethodError'{0x0000000093225ce8}: 'java.lang.Object java.lang.invoke.DirectMethodHandle$Holder.invokeStaticInit(java.lang.Object, java.lang.Object, java.lang.Object, java.lang.Object, java.lang.Object, java.lang.Object, java.lang.Object, java.lang.Object, java.lang.Object, java.lang.Object, java.lang.Object, java.lang.Object, java.lang.Object, java.lang.Object, java.lang.Object, java.lang.Object, java.lang.Object, java.lang.Object, java.lang.Object, java.lang.Object, int, java
Event: 38.337 Thread 0x0000014765caeec0 Exception <a 'java/lang/NoSuchMethodError'{0x0000000093fd59b0}: static [Ljava/lang/String;.<clinit>()V> (0x0000000093fd59b0) 
thrown [s\src\hotspot\share\prims\jni.cpp, line 1112]
Event: 38.342 Thread 0x0000014765caeec0 Exception <a 'java/lang/NoSuchMethodError'{0x0000000093eaa478}: static Lorg/jetbrains/kotlin/incremental/ChangedFiles$Unknown;.<clinit>()V> (0x0000000093eaa478) 
thrown [s\src\hotspot\share\prims\jni.cpp, line 1112]
Event: 38.345 Thread 0x0000014765caeec0 Exception <a 'java/lang/NoSuchMethodError'{0x0000000093ee2400}: static Lorg/jetbrains/kotlin/incremental/ClasspathChanges$ClasspathSnapshotEnabled$NotAvailableForNonIncrementalRun;.<clinit>()V> (0x0000000093ee2400) 
thrown [s\src\hotspot\share\prims\jni.cpp, line 1112]
Event: 38.345 Thread 0x0000014765caeec0 Exception <a 'java/lang/NoSuchMethodError'{0x0000000093ee46e0}: static Lorg/jetbrains/kotlin/incremental/ClasspathChanges$ClasspathSnapshotEnabled;.<clinit>()V> (0x0000000093ee46e0) 
thrown [s\src\hotspot\share\prims\jni.cpp, line 1112]
Event: 38.345 Thread 0x0000014765caeec0 Exception <a 'java/lang/NoSuchMethodError'{0x0000000093ee6820}: static Lorg/jetbrains/kotlin/incremental/ClasspathChanges;.<clinit>()V> (0x0000000093ee6820) 
thrown [s\src\hotspot\share\prims\jni.cpp, line 1112]
Event: 38.637 Thread 0x0000014765da0430 Implicit null exception at 0x000001473310f47d to 0x000001473310f5d0
Event: 39.959 Thread 0x0000014765da2290 Exception <a 'java/lang/IncompatibleClassChangeError'{0x000000009ae251c8}: Found class java.lang.Object, but interface was expected> (0x000000009ae251c8) 
thrown [s\src\hotspot\share\interpreter\linkResolver.cpp, line 826]
Event: 40.173 Thread 0x0000014765da2290 Exception <a 'java/lang/IncompatibleClassChangeError'{0x000000009a4459b0}: Found class java.lang.Object, but interface was expected> (0x000000009a4459b0) 
thrown [s\src\hotspot\share\interpreter\linkResolver.cpp, line 826]
Event: 40.173 Thread 0x0000014765da1870 Exception <a 'java/lang/IncompatibleClassChangeError'{0x000000009a409d50}: Found class java.lang.Object, but interface was expected> (0x000000009a409d50) 
thrown [s\src\hotspot\share\interpreter\linkResolver.cpp, line 826]
Event: 40.173 Thread 0x0000014765da27a0 Exception <a 'java/lang/NoSuchMethodError'{0x000000009a572430}: 'long java.lang.invoke.DirectMethodHandle$Holder.invokeStatic(java.lang.Object, java.lang.Object, java.lang.Object)'> (0x000000009a572430) 
thrown [s\src\hotspot\share\interpreter\linkResolver.cpp, line 759]
Event: 40.173 Thread 0x0000014765da2cb0 Exception <a 'java/lang/NoSuchMethodError'{0x000000009a598bb0}: 'long java.lang.invoke.DirectMethodHandle$Holder.invokeStatic(java.lang.Object, java.lang.Object, java.lang.Object)'> (0x000000009a598bb0) 
thrown [s\src\hotspot\share\interpreter\linkResolver.cpp, line 759]
Event: 40.173 Thread 0x0000014765da2290 Exception <a 'java/lang/IncompatibleClassChangeError'{0x000000009a449a78}: Found class java.lang.Object, but interface was expected> (0x000000009a449a78) 
thrown [s\src\hotspot\share\interpreter\linkResolver.cpp, line 826]

VM Operations (20 events):
Event: 38.473 Executing VM operation: G1TryInitiateConcMark done
Event: 38.660 Executing VM operation: HandshakeAllThreads
Event: 38.669 Executing VM operation: HandshakeAllThreads done
Event: 38.780 Executing VM operation: G1PauseRemark
Event: 38.795 Executing VM operation: G1PauseRemark done
Event: 38.943 Executing VM operation: G1PauseCleanup
Event: 38.944 Executing VM operation: G1PauseCleanup done
Event: 39.080 Executing VM operation: G1CollectForAllocation
Event: 39.118 Executing VM operation: G1CollectForAllocation done
Event: 39.289 Executing VM operation: G1CollectForAllocation
Event: 39.319 Executing VM operation: G1CollectForAllocation done
Event: 39.702 Executing VM operation: HandshakeAllThreads
Event: 39.702 Executing VM operation: HandshakeAllThreads done
Event: 39.703 Executing VM operation: HandshakeAllThreads
Event: 39.703 Executing VM operation: HandshakeAllThreads done
Event: 40.256 Executing VM operation: HandshakeAllThreads
Event: 40.257 Executing VM operation: HandshakeAllThreads done
Event: 40.932 Executing VM operation: G1CollectForAllocation
Event: 41.061 Executing VM operation: G1CollectForAllocation done
Event: 41.610 Executing VM operation: G1CollectForAllocation

Memory protections (0 events):
No events

Nmethod flushes (20 events):
Event: 39.735 Thread 0x00000147414966d0 flushing  nmethod 0x000001472cdb3410
Event: 39.735 Thread 0x00000147414966d0 flushing  nmethod 0x000001472cdb4490
Event: 39.735 Thread 0x00000147414966d0 flushing  nmethod 0x000001472cdb4e10
Event: 39.735 Thread 0x00000147414966d0 flushing osr nmethod 0x000001472cdb7810
Event: 39.735 Thread 0x00000147414966d0 flushing  nmethod 0x000001472cdb8610
Event: 39.735 Thread 0x00000147414966d0 flushing  nmethod 0x000001472cdb9390
Event: 39.735 Thread 0x00000147414966d0 flushing  nmethod 0x000001472cdbba90
Event: 39.736 Thread 0x00000147414966d0 flushing  nmethod 0x000001472cdbbf10
Event: 39.736 Thread 0x00000147414966d0 flushing  nmethod 0x000001472cdbc890
Event: 39.736 Thread 0x00000147414966d0 flushing  nmethod 0x000001472cdbd110
Event: 39.736 Thread 0x00000147414966d0 flushing osr nmethod 0x000001472cdbe210
Event: 39.736 Thread 0x00000147414966d0 flushing  nmethod 0x000001472cde6a90
Event: 39.736 Thread 0x00000147414966d0 flushing  nmethod 0x000001472cdeee90
Event: 39.736 Thread 0x00000147414966d0 flushing  nmethod 0x000001472cdefb90
Event: 39.736 Thread 0x00000147414966d0 flushing  nmethod 0x000001472cdf3d10
Event: 39.736 Thread 0x00000147414966d0 flushing  nmethod 0x000001472ce39610
Event: 39.736 Thread 0x00000147414966d0 flushing  nmethod 0x000001472ce3a790
Event: 39.736 Thread 0x00000147414966d0 flushing  nmethod 0x000001472ce3b110
Event: 39.736 Thread 0x00000147414966d0 flushing  nmethod 0x000001472ce3b890
Event: 39.736 Thread 0x00000147414966d0 flushing  nmethod 0x000001472ce3bc10

Events (20 events):
Event: 36.955 Thread 0x0000014765ec7050 Thread exited: 0x0000014765ec7050
Event: 37.029 Thread 0x00000147414900e0 Thread added: 0x0000014765ec45d0
Event: 37.031 Thread 0x0000014765caeec0 Thread added: 0x0000014765d9f500
Event: 37.031 Thread 0x0000014765caeec0 Thread added: 0x0000014765d9bd50
Event: 37.033 Thread 0x0000014765caeec0 Thread added: 0x0000014765d9fa10
Event: 37.179 Thread 0x0000014765caeec0 Thread added: 0x0000014765d9c260
Event: 37.179 Thread 0x0000014765caeec0 Thread added: 0x0000014765d9ff20
Event: 38.274 Thread 0x0000014765cad570 Thread exited: 0x0000014765cad570
Event: 38.628 Thread 0x0000014765d9b840 Thread added: 0x0000014765da0430
Event: 38.987 Thread 0x0000014765ec45d0 Thread exited: 0x0000014765ec45d0
Event: 39.457 Thread 0x0000014765da0430 Thread exited: 0x0000014765da0430
Event: 39.468 Thread 0x0000014765d9b840 Thread added: 0x0000014765da2290
Event: 39.665 Thread 0x0000014765da2290 Thread exited: 0x0000014765da2290
Event: 39.765 Thread 0x0000014765d9b840 Thread added: 0x0000014765da0940
Event: 39.837 Thread 0x000001476549da80 Thread added: 0x0000014765da2290
Event: 39.839 Thread 0x0000014765da2290 Thread added: 0x0000014765da1870
Event: 39.841 Thread 0x0000014765da1870 Thread added: 0x0000014765da27a0
Event: 39.846 Thread 0x0000014765da27a0 Thread added: 0x0000014765da2cb0
Event: 40.298 Thread 0x00000147414900e0 Thread added: 0x0000014765ec6060
Event: 40.624 Thread 0x0000014765da0940 Thread exited: 0x0000014765da0940


Dynamic libraries:
0x00007ff6ad3b0000 - 0x00007ff6ad3be000 	C:\Program Files\Eclipse Adoptium\jdk-17.0.20.8-hotspot\bin\java.exe
0x00007ff96a7c0000 - 0x00007ff96aa26000 	C:\WINDOWS\SYSTEM32\ntdll.dll
0x00007ff9693d0000 - 0x00007ff969499000 	C:\WINDOWS\System32\KERNEL32.DLL
0x00007ff967c20000 - 0x00007ff96801f000 	C:\WINDOWS\System32\KERNELBASE.dll
0x00007ff968390000 - 0x00007ff9684dc000 	C:\WINDOWS\System32\ucrtbase.dll
0x00007ff903090000 - 0x00007ff9030ae000 	C:\Program Files\Eclipse Adoptium\jdk-17.0.20.8-hotspot\bin\VCRUNTIME140.dll
0x00007ff902270000 - 0x00007ff902288000 	C:\Program Files\Eclipse Adoptium\jdk-17.0.20.8-hotspot\bin\jli.dll
0x00007ff969600000 - 0x00007ff9697c6000 	C:\WINDOWS\System32\USER32.dll
0x00007ff954a00000 - 0x00007ff954c91000 	C:\WINDOWS\WinSxS\amd64_microsoft.windows.common-controls_6595b64144ccf1df_6.0.26100.8972_none_3e0da176e32f9d4b\COMCTL32.dll
0x00007ff9680e0000 - 0x00007ff968107000 	C:\WINDOWS\System32\win32u.dll
0x00007ff968520000 - 0x00007ff96854b000 	C:\WINDOWS\System32\GDI32.dll
0x00007ff969b40000 - 0x00007ff969be9000 	C:\WINDOWS\System32\msvcrt.dll
0x00007ff9681a0000 - 0x00007ff9682c9000 	C:\WINDOWS\System32\gdi32full.dll
0x00007ff968030000 - 0x00007ff9680d3000 	C:\WINDOWS\System32\msvcp_win.dll
0x00007ff969240000 - 0x00007ff969272000 	C:\WINDOWS\System32\IMM32.DLL
0x00007ff9538b0000 - 0x00007ff9538bc000 	C:\Program Files\Eclipse Adoptium\jdk-17.0.20.8-hotspot\bin\vcruntime140_1.dll
0x00007ff8ffea0000 - 0x00007ff8fff2d000 	C:\Program Files\Eclipse Adoptium\jdk-17.0.20.8-hotspot\bin\msvcp140.dll
0x00007ff8aaf20000 - 0x00007ff8abb8c000 	C:\Program Files\Eclipse Adoptium\jdk-17.0.20.8-hotspot\bin\server\jvm.dll
0x00007ff969dc0000 - 0x00007ff969e7c000 	C:\WINDOWS\System32\ADVAPI32.dll
0x00007ff9694a0000 - 0x00007ff96954a000 	C:\WINDOWS\System32\sechost.dll
0x00007ff969a20000 - 0x00007ff969b38000 	C:\WINDOWS\System32\RPCRT4.dll
0x00007ff9692c0000 - 0x00007ff969342000 	C:\WINDOWS\System32\WS2_32.dll
0x00007ff966e60000 - 0x00007ff966ebe000 	C:\WINDOWS\SYSTEM32\POWRPROF.dll
0x00007ff950f80000 - 0x00007ff950fb6000 	C:\WINDOWS\SYSTEM32\WINMM.dll
0x00007ff957e60000 - 0x00007ff957e6b000 	C:\WINDOWS\SYSTEM32\VERSION.dll
0x00007ff966df0000 - 0x00007ff966e05000 	C:\WINDOWS\SYSTEM32\UMPDC.dll
0x00007ff9666b0000 - 0x00007ff9666cb000 	C:\WINDOWS\SYSTEM32\kernel.appcore.dll
0x00007ff94c4d0000 - 0x00007ff94c4da000 	C:\Program Files\Eclipse Adoptium\jdk-17.0.20.8-hotspot\bin\jimage.dll
0x00007ff964e10000 - 0x00007ff965052000 	C:\WINDOWS\SYSTEM32\DBGHELP.DLL
0x00007ff968eb0000 - 0x00007ff969235000 	C:\WINDOWS\System32\combase.dll
0x00007ff968cd0000 - 0x00007ff968da9000 	C:\WINDOWS\System32\OLEAUT32.dll
0x00007ff945ae0000 - 0x00007ff945b1b000 	C:\WINDOWS\SYSTEM32\dbgcore.DLL
0x00007ff9682d0000 - 0x00007ff96837c000 	C:\WINDOWS\System32\bcryptPrimitives.dll
0x00007ff9285d0000 - 0x00007ff9285de000 	C:\Program Files\Eclipse Adoptium\jdk-17.0.20.8-hotspot\bin\instrument.dll
0x00007ff8ffe70000 - 0x00007ff8ffe95000 	C:\Program Files\Eclipse Adoptium\jdk-17.0.20.8-hotspot\bin\java.dll
0x00007ff8fcbc0000 - 0x00007ff8fcc97000 	C:\Program Files\Eclipse Adoptium\jdk-17.0.20.8-hotspot\bin\jsvml.dll
0x00007ff969f90000 - 0x00007ff96a718000 	C:\WINDOWS\System32\SHELL32.dll
0x00007ff965460000 - 0x00007ff965cfb000 	C:\WINDOWS\SYSTEM32\windows.storage.dll
0x00007ff969e90000 - 0x00007ff969f89000 	C:\WINDOWS\System32\SHCORE.dll
0x00007ff9699b0000 - 0x00007ff969a16000 	C:\WINDOWS\System32\shlwapi.dll
0x00007ff9678f0000 - 0x00007ff967919000 	C:\WINDOWS\SYSTEM32\profapi.dll
0x00007ff9009c0000 - 0x00007ff9009d8000 	C:\Program Files\Eclipse Adoptium\jdk-17.0.20.8-hotspot\bin\zip.dll
0x00007ff9021d0000 - 0x00007ff9021ea000 	C:\Program Files\Eclipse Adoptium\jdk-17.0.20.8-hotspot\bin\net.dll
0x00007ff95b560000 - 0x00007ff95b688000 	C:\WINDOWS\SYSTEM32\WINHTTP.dll
0x00007ff966ce0000 - 0x00007ff966d4c000 	C:\WINDOWS\system32\mswsock.dll
0x00007ff901020000 - 0x00007ff901036000 	C:\Program Files\Eclipse Adoptium\jdk-17.0.20.8-hotspot\bin\nio.dll
0x00007ff94be00000 - 0x00007ff94be10000 	C:\Program Files\Eclipse Adoptium\jdk-17.0.20.8-hotspot\bin\verify.dll
0x00007ff8ec940000 - 0x00007ff8ec967000 	C:\Users\MAYUR\.gradle\native\c067742578af261105cb4f569cf0c3c89f3d7b1fecec35dd04571415982c5e48\windows-amd64\native-platform.dll
0x00007ff8a5a50000 - 0x00007ff8a5b94000 	C:\Users\MAYUR\.gradle\native\38dada09dfb8b06ba9b0570ebf7e218e3eb74d4ef43ca46872605cf95ebc2f47\windows-amd64\native-platform-file-events.dll
0x00007ff93bac0000 - 0x00007ff93baca000 	C:\Program Files\Eclipse Adoptium\jdk-17.0.20.8-hotspot\bin\management.dll
0x00007ff934100000 - 0x00007ff93410c000 	C:\Program Files\Eclipse Adoptium\jdk-17.0.20.8-hotspot\bin\management_ext.dll
0x00007ff969bf0000 - 0x00007ff969bf8000 	C:\WINDOWS\System32\PSAPI.DLL
0x00007ff967080000 - 0x00007ff96709b000 	C:\WINDOWS\SYSTEM32\CRYPTSP.dll
0x00007ff966610000 - 0x00007ff966649000 	C:\WINDOWS\system32\rsaenh.dll
0x00007ff966db0000 - 0x00007ff966de2000 	C:\WINDOWS\SYSTEM32\USERENV.dll
0x00007ff9678c0000 - 0x00007ff9678ea000 	C:\WINDOWS\SYSTEM32\bcrypt.dll
0x00007ff9670a0000 - 0x00007ff9670ac000 	C:\WINDOWS\SYSTEM32\CRYPTBASE.dll
0x00007ff966120000 - 0x00007ff966153000 	C:\WINDOWS\SYSTEM32\IPHLPAPI.DLL
0x00007ff969280000 - 0x00007ff96928a000 	C:\WINDOWS\System32\NSI.dll
0x00007ff95b6c0000 - 0x00007ff95b6dd000 	C:\WINDOWS\SYSTEM32\dhcpcsvc6.DLL
0x00007ff95b690000 - 0x00007ff95b6b5000 	C:\WINDOWS\SYSTEM32\dhcpcsvc.DLL
0x00007ff966200000 - 0x00007ff966358000 	C:\WINDOWS\SYSTEM32\DNSAPI.dll
0x00007ff966ac0000 - 0x00007ff966acd000 	C:\WINDOWS\SYSTEM32\DSPARSE.dll
0x00007ff9331f0000 - 0x00007ff9331f9000 	C:\Program Files\Eclipse Adoptium\jdk-17.0.20.8-hotspot\bin\extnet.dll
0x00007ff9285c0000 - 0x00007ff9285ce000 	C:\Program Files\Eclipse Adoptium\jdk-17.0.20.8-hotspot\bin\sunmscapi.dll
0x00007ff967a90000 - 0x00007ff967c0e000 	C:\WINDOWS\System32\CRYPT32.dll
0x00007ff9672c0000 - 0x00007ff9672f0000 	C:\WINDOWS\SYSTEM32\ncrypt.dll
0x00007ff967270000 - 0x00007ff9672af000 	C:\WINDOWS\SYSTEM32\NTASN1.dll
0x00007ff9544a0000 - 0x00007ff9544a8000 	C:\WINDOWS\system32\wshunix.dll
0x00007ff8ec280000 - 0x00007ff8ec298000 	C:\WINDOWS\system32\napinsp.dll
0x00007ff8ec2d0000 - 0x00007ff8ec2e3000 	C:\WINDOWS\System32\winrnr.dll
0x00007ff8ec2a0000 - 0x00007ff8ec2c2000 	C:\WINDOWS\system32\nlansp_c.dll
0x00007ff93ae60000 - 0x00007ff93ae76000 	C:\WINDOWS\system32\wshbth.dll
0x00007ff959080000 - 0x00007ff95908b000 	C:\Windows\System32\rasadhlp.dll
0x00007ff95f180000 - 0x00007ff95f206000 	C:\WINDOWS\System32\fwpuclnt.dll
0x00007ff966850000 - 0x00007ff966886000 	C:\WINDOWS\SYSTEM32\ntmarta.dll
0x00007ff8f5f00000 - 0x00007ff8f5f1e000 	C:\Users\MAYUR\AppData\Local\Temp\native-platform192889819807477941dir\native-platform.dll

dbghelp: loaded successfully - version: 4.0.5 - missing functions: none
symbol engine: initialized successfully - sym options: 0x614 - pdb path: .;C:\Program Files\Eclipse Adoptium\jdk-17.0.20.8-hotspot\bin;C:\WINDOWS\SYSTEM32;C:\WINDOWS\WinSxS\amd64_microsoft.windows.common-controls_6595b64144ccf1df_6.0.26100.8972_none_3e0da176e32f9d4b;C:\Program Files\Eclipse Adoptium\jdk-17.0.20.8-hotspot\bin\server;C:\Users\MAYUR\.gradle\native\c067742578af261105cb4f569cf0c3c89f3d7b1fecec35dd04571415982c5e48\windows-amd64;C:\Users\MAYUR\.gradle\native\38dada09dfb8b06ba9b0570ebf7e218e3eb74d4ef43ca46872605cf95ebc2f47\windows-amd64;C:\Users\MAYUR\AppData\Local\Temp\native-platform192889819807477941dir

VM Arguments:
jvm_args: -XX:MaxMetaspaceSize=512m -XX:+UseG1GC --add-opens=java.base/java.util=ALL-UNNAMED --add-opens=java.base/java.lang=ALL-UNNAMED --add-opens=java.base/java.lang.invoke=ALL-UNNAMED --add-opens=java.prefs/java.util.prefs=ALL-UNNAMED --add-opens=java.base/java.nio.charset=ALL-UNNAMED --add-opens=java.base/java.net=ALL-UNNAMED --add-opens=java.base/java.util.concurrent.atomic=ALL-UNNAMED -Xmx2048m -Dfile.encoding=windows-1252 -Duser.country=IN -Duser.language=en -Duser.variant -javaagent:C:\Users\MAYUR\.gradle\wrapper\dists\gradle-8.4-bin\1w5dpkrfk8irigvoxmyhowfim\gradle-8.4\lib\agents\gradle-instrumentation-agent-8.4.jar 
java_command: org.gradle.launcher.daemon.bootstrap.GradleDaemon 8.4
java_class_path (initial): C:\Users\MAYUR\.gradle\wrapper\dists\gradle-8.4-bin\1w5dpkrfk8irigvoxmyhowfim\gradle-8.4\lib\gradle-launcher-8.4.jar
Launcher Type: SUN_STANDARD

[Global flags]
     intx CICompilerCount                          = 3                                         {product} {ergonomic}
   size_t CompressedClassSpaceSize                 = 436207616                                 {product} {ergonomic}
     uint ConcGCThreads                            = 1                                         {product} {ergonomic}
     uint G1ConcRefinementThreads                  = 4                                         {product} {ergonomic}
   size_t G1HeapRegionSize                         = 1048576                                   {product} {ergonomic}
    uintx GCDrainStackTargetSize                   = 64                                        {product} {ergonomic}
   size_t InitialHeapSize                          = 130023424                                 {product} {ergonomic}
   size_t MarkStackSize                            = 4194304                                   {product} {ergonomic}
   size_t MaxHeapSize                              = 2147483648                                {product} {command line}
   size_t MaxMetaspaceSize                         = 536870912                                 {product} {command line}
   size_t MaxNewSize                               = 1287651328                                {product} {ergonomic}
   size_t MinHeapDeltaBytes                        = 1048576                                   {product} {ergonomic}
   size_t MinHeapSize                              = 8388608                                   {product} {ergonomic}
    uintx NonNMethodCodeHeapSize                   = 5832780                                {pd product} {ergonomic}
    uintx NonProfiledCodeHeapSize                  = 122912730                              {pd product} {ergonomic}
    uintx ProfiledCodeHeapSize                     = 122912730                              {pd product} {ergonomic}
    uintx ReservedCodeCacheSize                    = 251658240                              {pd product} {ergonomic}
     bool SegmentedCodeCache                       = true                                      {product} {ergonomic}
   size_t SoftMaxHeapSize                          = 2147483648                             {manageable} {ergonomic}
     bool UseCompressedClassPointers               = true                           {product lp64_product} {ergonomic}
     bool UseCompressedOops                        = true                           {product lp64_product} {ergonomic}
     bool UseG1GC                                  = true                                      {product} {command line}
     bool UseLargePagesIndividualAllocation        = false                                  {pd product} {ergonomic}

Logging:
Log output configuration:
 #0: stdout all=warning uptime,level,tags
 #1: stderr all=off uptime,level,tags

Environment Variables:
CLASSPATH=C:\Users\MAYUR\Downloads\SMR _S\apps\android\\gradle\wrapper\gradle-wrapper.jar
PATH=C:\Program Files\Eclipse Adoptium\jdk-17.0.20.8-hotspot\bin;C:\WINDOWS\system32;C:\WINDOWS;C:\WINDOWS\System32\Wbem;C:\WINDOWS\System32\WindowsPowerShell\v1.0\;C:\WINDOWS\System32\OpenSSH\;C:\Program Files\Microsoft SQL Server\170\Tools\Binn\;C:\Program Files\nodejs\;C:\Program Files\Git\cmd;C:\Program Files\GitHub CLI\;C:\Users\MAYUR\.cargo\bin;C:\Users\MAYUR\AppData\Local\Programs\Python\Launcher\;C:\Users\MAYUR\AppData\Local\Microsoft\WindowsApps;C:\Users\MAYUR\AppData\Local\GitHubDesktop\bin;C:\Users\MAYUR\AppData\Local\Programs\Microsoft VS Code\bin;C:\Users\MAYUR\AppData\Roaming\npm;C:\Users\MAYUR\AppData\Local\Programs\Kiro\bin
USERNAME=MAYUR
OS=Windows_NT
PROCESSOR_IDENTIFIER=Intel64 Family 6 Model 140 Stepping 2, GenuineIntel
TMP=C:\Users\MAYUR\AppData\Local\Temp
TEMP=C:\Users\MAYUR\AppData\Local\Temp



Periodic native trim disabled


---------------  S Y S T E M  ---------------

OS:
 Windows 11 , 64 bit Build 26100 (10.0.26100.9168)
OS uptime: 0 days 1:44 hours
Hyper-V role detected

CPU: total 4 (initial active 4) (2 cores per cpu, 2 threads per core) family 6 model 140 stepping 2 microcode 0x16, cx8, cmov, fxsr, ht, mmx, 3dnowpref, sse, sse2, sse3, ssse3, sse4.1, sse4.2, popcnt, lzcnt, tsc, tscinvbit, avx, avx2, aes, erms, clmul, bmi1, bmi2, adx, avx512f, avx512dq, avx512cd, avx512bw, avx512vl, sha, fma, vzeroupper, avx512_vpopcntdq, avx512_vpclmulqdq, avx512_vaes, avx512_vnni, clflush, clflushopt, clwb, avx512_vbmi2, avx512_vbmi, hv
Processor Information for processor 0
  Max Mhz: 2995, Current Mhz: 1198, Mhz Limit: 2995
Processor Information for processor 1
  Max Mhz: 2995, Current Mhz: 1198, Mhz Limit: 2995
Processor Information for processor 2
  Max Mhz: 2995, Current Mhz: 1198, Mhz Limit: 2995
Processor Information for processor 3
  Max Mhz: 2995, Current Mhz: 2995, Mhz Limit: 2995

Memory: 4k page, system-wide physical 7934M (445M free)
TotalPageFile size 13934M (AvailPageFile size 34M)
current process WorkingSet (physical memory assigned to process): 804M, peak: 805M
current process commit charge ("private bytes"): 853M, peak: 1167M

vm_info: OpenJDK 64-Bit Server VM (17.0.20+8) for windows-amd64 JRE (17.0.20+8), built on Jul 22 2026 00:41:45 by "admin" with MS VC++ 17.12 (VS2022)

END.
